ticker,date,open,high,low,close,adj_close,volume
AAL,2025-05-30,11.300000190734863,11.470000267028809,11.1899995803833,11.40999984741211,11.40999984741211,62937800
AAL,2025-06-02,11.300000190734863,11.390000343322754,11.029999732971191,11.380000114440918,11.380000114440918,49599200
AAL,2025-06-03,11.329999923706055,11.529999732971191,11.210000038146973,11.470000267028809,11.470000267028809,46029200
AAL,2025-06-04,11.520000457763672,11.579999923706055,11.319999694824219,11.420000076293945,11.420000076293945,43233700
AAL,2025-06-05,11.34000015258789,11.510000228881836,11.220000267028809,11.270000457763672,11.270000457763672,50665800
AAL,2025-06-06,11.479999542236328,11.800000190734863,11.420000076293945,11.779999732971191,11.779999732971191,49800000
AAL,2025-06-09,11.890000343322754,11.949999809265137,11.739999771118164,11.760000228881836,11.760000228881836,40469700
AAL,2025-06-10,11.8100004196167,11.970000267028809,11.680000305175781,11.84000015258789,11.84000015258789,41825100
AAL,2025-06-11,11.949999809265137,11.949999809265137,10.989999771118164,11.0600004196167,11.0600004196167,72896700
AAL,2025-06-12,10.880000114440918,10.960000038146973,10.680000305175781,10.899999618530273,10.899999618530273,54941200
AAL,2025-06-13,10.319999694824219,10.649999618530273,10.300000190734863,10.369999885559082,10.369999885559082,72781100
AAL,2025-06-16,10.579999923706055,10.930000305175781,10.449999809265137,10.899999618530273,10.899999618530273,59498400
AAL,2025-06-17,10.699999809265137,10.850000381469727,10.4399995803833,10.5600004196167,10.5600004196167,58306100
AAL,2025-06-18,10.5600004196167,10.770000457763672,10.529999732971191,10.579999923706055,10.579999923706055,58092200
AAL,2025-06-20,10.710000038146973,10.789999961853027,10.5,10.619999885559082,10.619999885559082,58305800
AAL,2025-06-23,10.5,11.010000228881836,10.260000228881836,10.899999618530273,10.899999618530273,79689200
AAL,2025-06-24,11.239999771118164,11.460000038146973,11.100000381469727,11.369999885559082,11.369999885559082,65028800
AAL,2025-06-25,11.430000305175781,11.449999809265137,10.949999809265137,11.0600004196167,11.0600004196167,41413400
AAL,2025-06-26,11.140000343322754,11.279999732971191,11.119999885559082,11.130000114440918,11.130000114440918,40538300
AAL,2025-06-27,11.1899995803833,11.460000038146973,11.140000343322754,11.279999732971191,11.279999732971191,45533300
AAL,2025-06-30,11.300000190734863,11.329999923706055,11.180000305175781,11.220000267028809,11.220000267028809,31254000
AAL,2025-07-01,11.1899995803833,11.710000038146973,11.15999984741211,11.520000457763672,11.520000457763672,50295900
AAL,2025-07-02,11.529999732971191,11.789999961853027,11.430000305175781,11.630000114440918,11.630000114440918,41694300
AAL,2025-07-03,11.729999542236328,11.930000305175781,11.670000076293945,11.6899995803833,11.6899995803833,30316600
AAL,2025-07-07,11.59000015258789,11.970000267028809,11.4399995803833,11.59000015258789,11.59000015258789,53396300
AAL,2025-07-08,11.729999542236328,11.899999618530273,11.550000190734863,11.579999923706055,11.579999923706055,51605700
AAL,2025-07-09,11.710000038146973,11.880000114440918,11.390000343322754,11.479999542236328,11.479999542236328,67085300
AAL,2025-07-10,12.300000190734863,13.180000305175781,12.130000114440918,12.9399995803833,12.9399995803833,148906600
AAL,2025-07-11,12.819999694824219,12.90999984741211,12.199999809265137,12.220000267028809,12.220000267028809,83964100
AAL,2025-07-14,12.239999771118164,12.40999984741211,12.130000114440918,12.380000114440918,12.380000114440918,59159200
AAL,2025-07-15,12.449999809265137,12.5,12.149999618530273,12.170000076293945,12.170000076293945,58482200
AAL,2025-07-16,12.289999961853027,12.34000015258789,11.90999984741211,12.270000457763672,12.270000457763672,67256500
AAL,2025-07-17,12.600000381469727,12.949999809265137,12.350000381469727,12.449999809265137,12.449999809265137,88948400
AAL,2025-07-18,12.520000457763672,12.59000015258789,12.199999809265137,12.510000228881836,12.510000228881836,70423500
AAL,2025-07-21,12.579999923706055,12.630000114440918,12.3100004196167,12.319999694824219,12.319999694824219,50841000
AAL,2025-07-22,12.329999923706055,12.550000190734863,12.180000305175781,12.5,12.5,54783200
AAL,2025-07-23,12.550000190734863,12.789999961853027,12.520000457763672,12.680000305175781,12.680000305175781,75685400
AAL,2025-07-24,11.789999961853027,11.84000015258789,11.329999923706055,11.460000038146973,11.460000038146973,120265700
AAL,2025-07-25,11.550000190734863,11.699999809265137,11.460000038146973,11.5,11.5,63485400
AAL,2025-07-28,11.5,11.630000114440918,11.399999618530273,11.579999923706055,11.579999923706055,70184300
AAL,2025-07-29,11.609999656677246,11.640000343322754,11.380000114440918,11.420000076293945,11.420000076293945,71092100
AAL,2025-07-30,11.430000305175781,11.630000114440918,11.3100004196167,11.510000228881836,11.510000228881836,73201200
AAL,2025-07-31,11.470000267028809,11.640000343322754,11.359999656677246,11.489999771118164,11.489999771118164,84751000
AAL,2025-08-01,11.210000038146973,11.210000038146973,10.899999618530273,11.029999732971191,11.029999732971191,71614700
AAL,2025-08-04,11.100000381469727,11.3100004196167,11.069999694824219,11.270000457763672,11.270000457763672,70570600
AAL,2025-08-05,11.300000190734863,11.6899995803833,11.130000114440918,11.640000343322754,11.640000343322754,65277200
AAL,2025-08-06,11.59000015258789,11.779999732971191,11.479999542236328,11.739999771118164,11.739999771118164,60394600
AAL,2025-08-07,11.789999961853027,11.800000190734863,11.59000015258789,11.729999542236328,11.729999542236328,47172500
AAL,2025-08-08,11.779999732971191,11.8100004196167,11.5600004196167,11.619999885559082,11.619999885559082,42444700
AAL,2025-08-11,11.600000381469727,11.760000228881836,11.550000190734863,11.579999923706055,11.579999923706055,51215300
AAL,2025-08-12,11.779999732971191,13.020000457763672,11.770000457763672,12.979999542236328,12.979999542236328,114866500
AAL,2025-08-13,12.970000267028809,13.220000267028809,12.739999771118164,13.109999656677246,13.109999656677246,64807800
AAL,2025-08-14,12.920000076293945,12.9399995803833,12.65999984741211,12.819999694824219,12.819999694824219,58323100
AAL,2025-08-15,12.890000343322754,13.1899995803833,12.859999656677246,13.170000076293945,13.170000076293945,49638800
AAL,2025-08-18,13.119999885559082,13.329999923706055,13.050000190734863,13.170000076293945,13.170000076293945,52979600
AAL,2025-08-19,13.260000228881836,13.380000114440918,13.109999656677246,13.220000267028809,13.220000267028809,57901500
AAL,2025-08-20,13.0600004196167,13.15999984741211,12.75,12.800000190734863,12.800000190734863,66701100
AAL,2025-08-21,12.710000038146973,12.739999771118164,12.479999542236328,12.569999694824219,12.569999694824219,62854100
AAL,2025-08-22,12.579999923706055,13.579999923706055,12.579999923706055,13.550000190734863,13.550000190734863,63154000
AAL,2025-08-25,13.270000457763672,13.319999694824219,12.880000114440918,13.0,13.0,76115700
AAL,2025-08-26,13.010000228881836,13.170000076293945,12.880000114440918,13.149999618530273,13.149999618530273,61358500
AAL,2025-08-27,13.130000114440918,13.359999656677246,13.039999961853027,13.130000114440918,13.130000114440918,52985600
AAL,2025-08-28,13.220000267028809,13.350000381469727,13.0600004196167,13.25,13.25,66938000
AAL,2025-08-29,13.25,13.390000343322754,13.140000343322754,13.369999885559082,13.369999885559082,69403100
AAL,2025-09-02,13.260000228881836,13.520000457763672,12.9399995803833,13.390000343322754,13.390000343322754,93846300
AAL,2025-09-03,13.449999809265137,14.010000228881836,13.399999618530273,13.4399995803833,13.4399995803833,82605900
AAL,2025-09-04,13.470000267028809,13.65999984741211,12.850000381469727,12.859999656677246,12.859999656677246,81506000
AAL,2025-09-05,12.920000076293945,13.279999732971191,12.8100004196167,13.079999923706055,13.079999923706055,90367800
AAL,2025-09-08,13.069999694824219,13.220000267028809,12.890000343322754,12.949999809265137,12.949999809265137,90099600
AAL,2025-09-09,12.9399995803833,12.989999771118164,12.640000343322754,12.760000228881836,12.760000228881836,65458800
AAL,2025-09-10,12.760000228881836,13.100000381469727,12.640000343322754,12.819999694824219,12.819999694824219,87363400
AAL,2025-09-11,12.949999809265137,13.09000015258789,12.609999656677246,12.949999809265137,12.949999809265137,105705500
AAL,2025-09-12,12.989999771118164,13.229999542236328,12.890000343322754,12.90999984741211,12.90999984741211,86688400
AAL,2025-09-15,12.9399995803833,12.960000038146973,12.479999542236328,12.529999732971191,12.529999732971191,100888800
AAL,2025-09-16,12.600000381469727,12.619999885559082,12.15999984741211,12.40999984741211,12.40999984741211,91199200
AAL,2025-09-17,12.4399995803833,12.819999694824219,12.359999656677246,12.479999542236328,12.479999542236328,107200000
AAL,2025-09-18,12.59000015258789,12.630000114440918,12.470000267028809,12.579999923706055,12.579999923706055,112649100
AAL,2025-09-19,12.649999618530273,12.670000076293945,12.3100004196167,12.449999809265137,12.449999809265137,80623200
AAL,2025-09-22,12.380000114440918,12.430000305175781,12.0,12.329999923706055,12.329999923706055,94808800
AAL,2025-09-23,12.380000114440918,12.489999771118164,12.1899995803833,12.1899995803833,12.1899995803833,73074300
AAL,2025-09-24,12.220000267028809,12.260000228881836,11.9399995803833,11.9399995803833,11.9399995803833,90095800
AAL,2025-09-25,11.800000190734863,11.800000190734863,11.359999656677246,11.390000343322754,11.390000343322754,101250800
AAL,2025-09-26,11.449999809265137,11.510000228881836,11.260000228881836,11.3100004196167,11.3100004196167,82480500
AAL,2025-09-29,11.399999618530273,11.510000228881836,11.1899995803833,11.380000114440918,11.380000114440918,92618200
AAL,2025-09-30,11.420000076293945,11.460000038146973,11.069999694824219,11.239999771118164,11.239999771118164,92462400
AAL,2025-10-01,11.25,11.390000343322754,11.15999984741211,11.270000457763672,11.270000457763672,81132800
AAL,2025-10-02,11.359999656677246,11.600000381469727,11.289999961853027,11.430000305175781,11.430000305175781,77782200
AAL,2025-10-03,11.529999732971191,11.630000114440918,11.369999885559082,11.579999923706055,11.579999923706055,76751100
AAL,2025-10-06,11.649999618530273,11.880000114440918,11.4399995803833,11.829999923706055,11.829999923706055,93101300
AAL,2025-10-07,11.9399995803833,11.970000267028809,11.520000457763672,11.65999984741211,11.65999984741211,61899100
AAL,2025-10-08,11.699999809265137,12.029999732971191,11.5600004196167,11.8100004196167,11.8100004196167,64073700
AAL,2025-10-09,12.4399995803833,12.5,11.510000228881836,11.619999885559082,11.619999885559082,101536300
AAL,2025-10-10,11.699999809265137,12.0600004196167,11.420000076293945,11.520000457763672,11.520000457763672,72653500
AAL,2025-10-13,11.640000343322754,11.859999656677246,11.630000114440918,11.739999771118164,11.739999771118164,44005500
AAL,2025-10-14,11.59000015258789,12.279999732971191,11.520000457763672,12.1899995803833,12.1899995803833,64417200
AAL,2025-10-15,12.239999771118164,12.520000457763672,12.149999618530273,12.5,12.5,52091800
AAL,2025-10-16,12.550000190734863,12.569999694824219,11.720000267028809,11.890000343322754,11.890000343322754,63933200
AAL,2025-10-17,11.859999656677246,12.020000457763672,11.829999923706055,11.859999656677246,11.859999656677246,34776300
AAL,2025-10-20,11.930000305175781,12.239999771118164,11.869999885559082,12.170000076293945,12.170000076293945,39206500
AAL,2025-10-21,12.180000305175781,12.399999618530273,12.079999923706055,12.350000381469727,12.350000381469727,38285900
AAL,2025-10-22,12.270000457763672,12.329999923706055,11.989999771118164,12.09000015258789,12.09000015258789,58326700
AAL,2025-10-23,12.739999771118164,13.039999961853027,12.350000381469727,12.770000457763672,12.770000457763672,91013200
AAL,2025-10-24,13.0,13.890000343322754,12.899999618530273,13.779999732971191,13.779999732971191,94353100
AAL,2025-10-27,13.779999732971191,13.850000381469727,13.34000015258789,13.40999984741211,13.40999984741211,53297400
AAL,2025-10-28,13.449999809265137,13.460000038146973,12.649999618530273,12.710000038146973,12.710000038146973,53810900
AAL,2025-10-29,12.720000267028809,13.0,12.640000343322754,12.970000267028809,12.970000267028809,45287000
AAL,2025-10-30,12.789999961853027,13.15999984741211,12.699999809265137,12.779999732971191,12.779999732971191,53799400
AAL,2025-10-31,12.720000267028809,13.140000343322754,12.640000343322754,13.130000114440918,13.130000114440918,44811200
AAL,2025-11-03,13.09000015258789,13.5,12.979999542236328,13.34000015258789,13.34000015258789,54061400
AAL,2025-11-04,13.0600004196167,13.210000038146973,12.529999732971191,12.649999618530273,12.649999618530273,58517500
AAL,2025-11-05,12.760000228881836,13.539999961853027,12.75,13.420000076293945,13.420000076293945,61167700
AAL,2025-11-06,13.350000381469727,13.550000190734863,12.949999809265137,13.149999618530273,13.149999618530273,67161200
AAL,2025-11-07,12.800000190734863,13.770000457763672,12.75,13.649999618530273,13.649999618530273,69634400
AAL,2025-11-10,13.869999885559082,14.050000190734863,13.270000457763672,13.3100004196167,13.3100004196167,53868600
AAL,2025-11-11,13.300000190734863,13.359999656677246,12.949999809265137,12.989999771118164,12.989999771118164,41274700
AAL,2025-11-12,13.100000381469727,13.529999732971191,13.020000457763672,13.460000038146973,13.460000038146973,46029900
AAL,2025-11-13,13.319999694824219,13.5,13.0,13.069999694824219,13.069999694824219,38615900
AAL,2025-11-14,12.779999732971191,12.970000267028809,12.699999809265137,12.760000228881836,12.760000228881836,32782600
AAL,2025-11-17,12.760000228881836,12.779999732971191,12.25,12.34000015258789,12.34000015258789,43055600
AAL,2025-11-18,12.220000267028809,12.460000038146973,12.109999656677246,12.359999656677246,12.359999656677246,46515100
AAL,2025-11-19,12.579999923706055,12.65999984741211,12.149999618530273,12.329999923706055,12.329999923706055,53959800
AAL,2025-11-20,12.510000228881836,12.819999694824219,12.229999542236328,12.239999771118164,12.239999771118164,58148600
AAL,2025-11-21,12.34000015258789,13.0600004196167,12.319999694824219,12.869999885559082,12.869999885559082,64957100
AAL,2025-11-24,13.0,13.210000038146973,12.8100004196167,13.100000381469727,13.100000381469727,51235000
AAL,2025-11-25,13.100000381469727,13.789999961853027,13.100000381469727,13.460000038146973,13.460000038146973,67325800
AAL,2025-11-26,13.529999732971191,14.109999656677246,13.449999809265137,13.930000305175781,13.930000305175781,64271200
AAL,2025-11-28,13.989999771118164,14.09000015258789,13.869999885559082,14.050000190734863,14.050000190734863,37355400
AAL,2025-12-01,13.770000457763672,14.119999885559082,13.5600004196167,13.960000038146973,13.960000038146973,75398900
AAL,2025-12-02,14.0600004196167,14.329999923706055,13.819999694824219,14.239999771118164,14.239999771118164,64579400
AAL,2025-12-03,14.270000457763672,14.609999656677246,14.25,14.5600004196167,14.5600004196167,60480700
AAL,2025-12-04,14.649999618530273,14.670000076293945,14.220000267028809,14.34000015258789,14.34000015258789,52176200
AAL,2025-12-05,14.420000076293945,14.890000343322754,14.25,14.8100004196167,14.8100004196167,56593200
AAL,2025-12-08,14.8100004196167,14.979999542236328,14.640000343322754,14.859999656677246,14.859999656677246,43144100
AAL,2025-12-09,14.729999542236328,15.199999809265137,14.569999694824219,15.029999732971191,15.029999732971191,66426600
AAL,2025-12-10,14.989999771118164,15.210000038146973,14.779999732971191,15.140000343322754,15.140000343322754,51875500
AAL,2025-12-11,15.15999984741211,15.350000381469727,14.699999809265137,14.960000038146973,14.960000038146973,46417900
AAL,2025-12-12,15.149999618530273,15.34000015258789,14.9399995803833,14.960000038146973,14.960000038146973,47651200
AAL,2025-12-15,15.140000343322754,15.350000381469727,14.869999885559082,15.329999923706055,15.329999923706055,80118300
AAL,2025-12-16,15.359999656677246,16.079999923706055,15.279999732971191,15.989999771118164,15.989999771118164,98399200
AAL,2025-12-17,15.899999618530273,16.0,15.4399995803833,15.510000228881836,15.510000228881836,56924000
AAL,2025-12-18,15.65999984741211,15.779999732971191,15.380000114440918,15.609999656677246,15.609999656677246,49935100
AAL,2025-12-19,15.59000015258789,15.880000114440918,15.510000228881836,15.779999732971191,15.779999732971191,42636900
AAL,2025-12-22,15.800000190734863,16.350000381469727,15.770000457763672,16.260000228881836,16.260000228881836,62344400
AAL,2025-12-23,16.1299991607666,16.239999771118164,15.579999923706055,15.600000381469727,15.600000381469727,68214500
AAL,2025-12-24,15.609999656677246,15.739999771118164,15.489999771118164,15.680000305175781,15.680000305175781,25177700
AAL,2025-12-26,15.609999656677246,15.619999885559082,15.3100004196167,15.4399995803833,15.4399995803833,37777100
AAL,2025-12-29,15.300000190734863,15.399999618530273,15.020000457763672,15.140000343322754,15.140000343322754,44825000
AAL,2025-12-30,15.140000343322754,15.4399995803833,15.100000381469727,15.329999923706055,15.329999923706055,42935100
AAL,2025-12-31,15.329999923706055,15.420000076293945,15.220000267028809,15.329999923706055,15.329999923706055,27700900
AAL,2026-01-02,15.369999885559082,15.75,15.149999618530273,15.479999542236328,15.479999542236328,43940300
AAL,2026-01-05,15.460000038146973,16.030000686645508,15.40999984741211,15.829999923706055,15.829999923706055,56022900
AAL,2026-01-06,15.850000381469727,16.15999984741211,15.600000381469727,15.670000076293945,15.670000076293945,84702000
AAL,2026-01-07,15.739999771118164,16.5,15.649999618530273,15.989999771118164,15.989999771118164,84844700
AAL,2026-01-08,15.880000114440918,16.079999923706055,15.680000305175781,15.729999542236328,15.729999542236328,45795300
AAL,2026-01-09,16.020000457763672,16.450000762939453,15.65999984741211,15.989999771118164,15.989999771118164,51614200
AAL,2026-01-12,15.699999809265137,16.260000228881836,15.399999618530273,16.0,16.0,91178800
AAL,2026-01-13,15.619999885559082,16.0,15.220000267028809,15.350000381469727,15.350000381469727,82996900
AAL,2026-01-14,15.25,15.420000076293945,14.930000305175781,15.140000343322754,15.140000343322754,65225500
AAL,2026-01-15,15.25,15.789999961853027,15.25,15.710000038146973,15.710000038146973,71323200
AAL,2026-01-16,15.670000076293945,15.6899995803833,15.3100004196167,15.369999885559082,15.369999885559082,44358800
AAL,2026-01-20,15.029999732971191,15.199999809265137,14.649999618530273,14.789999961853027,14.789999961853027,38152800
AAL,2026-01-21,15.010000228881836,15.329999923706055,14.859999656677246,15.149999618530273,15.149999618530273,52155100
AAL,2026-01-22,15.319999694824219,15.550000190734863,14.880000114440918,15.020000457763672,15.020000457763672,42175800
AAL,2026-01-23,14.8100004196167,14.899999618530273,14.649999618530273,14.670000076293945,14.670000076293945,36360400
AAL,2026-01-26,14.520000457763672,14.779999732971191,14.5,14.569999694824219,14.569999694824219,42084500
AAL,2026-01-27,14.59000015258789,14.649999618530273,13.359999656677246,13.550000190734863,13.550000190734863,101768100
AAL,2026-01-28,13.649999618530273,13.739999771118164,13.380000114440918,13.4399995803833,13.4399995803833,52655500
AAL,2026-01-29,13.399999618530273,13.529999732971191,13.170000076293945,13.510000228881836,13.510000228881836,70191000
AAL,2026-01-30,13.390000343322754,13.630000114440918,13.229999542236328,13.300000190734863,13.300000190734863,47638500
AAL,2026-02-02,13.5,13.920000076293945,13.5,13.6899995803833,13.6899995803833,45012900
AAL,2026-02-03,13.869999885559082,14.350000381469727,13.8100004196167,14.010000228881836,14.010000228881836,48029000
AAL,2026-02-04,14.149999618530273,14.770000457763672,13.989999771118164,14.430000305175781,14.430000305175781,60700900
AAL,2026-02-05,14.369999885559082,14.539999961853027,13.920000076293945,14.15999984741211,14.15999984741211,40456800
AAL,2026-02-06,14.319999694824219,15.329999923706055,14.319999694824219,15.239999771118164,15.239999771118164,55642600
AAL,2026-02-09,15.300000190734863,15.329999923706055,14.989999771118164,14.989999771118164,14.989999771118164,34538200
AAL,2026-02-10,14.9399995803833,15.220000267028809,14.920000076293945,15.100000381469727,15.100000381469727,33681700
AAL,2026-02-11,15.180000305175781,15.380000114440918,14.199999809265137,14.350000381469727,14.350000381469727,44579100
AAL,2026-02-12,14.619999885559082,14.65999984741211,13.65999984741211,14.050000190734863,14.050000190734863,54294300
AAL,2026-02-13,14.09000015258789,14.199999809265137,13.84000015258789,13.880000114440918,13.880000114440918,41482200
AAL,2026-02-17,13.960000038146973,14.5600004196167,13.9399995803833,14.399999618530273,14.399999618530273,41742300
AAL,2026-02-18,14.029999732971191,14.300000190734863,13.65999984741211,14.100000381469727,14.100000381469727,63274100
AAL,2026-02-19,13.920000076293945,13.9399995803833,13.279999732971191,13.350000381469727,13.350000381469727,63955600
AAL,2026-02-20,13.350000381469727,13.710000038146973,13.329999923706055,13.59000015258789,13.59000015258789,56789800
AAL,2026-02-23,13.5,13.739999771118164,12.84000015258789,12.930000305175781,12.930000305175781,48145800
AAL,2026-02-24,12.930000305175781,13.34000015258789,12.890000343322754,13.149999618530273,13.149999618530273,64755900
AAL,2026-02-25,13.229999542236328,13.359999656677246,13.039999961853027,13.319999694824219,13.319999694824219,50424900
AAL,2026-02-26,13.579999923706055,14.170000076293945,13.5600004196167,13.9399995803833,13.9399995803833,94386700
AAL,2026-02-27,13.420000076293945,13.4399995803833,12.979999542236328,13.069999694824219,13.069999694824219,93030400
AAL,2026-03-02,12.3100004196167,12.630000114440918,12.109999656677246,12.520000457763672,12.520000457763672,87714400
AAL,2026-03-03,12.0600004196167,12.770000457763672,11.770000457763672,12.460000038146973,12.460000038146973,97759200
AAL,2026-03-04,12.739999771118164,12.930000305175781,12.399999618530273,12.460000038146973,12.460000038146973,66960500
AAL,2026-03-05,12.020000457763672,12.220000267028809,11.529999732971191,11.789999961853027,11.789999961853027,126081900
AAL,2026-03-06,11.350000381469727,11.40999984741211,11.079999923706055,11.180000305175781,11.180000305175781,100933600
AAL,2026-03-09,10.890000343322754,11.479999542236328,10.430000305175781,11.4399995803833,11.4399995803833,153143100
AAL,2026-03-10,11.390000343322754,11.600000381469727,10.890000343322754,11.109999656677246,11.109999656677246,129253100
AAL,2026-03-11,11.119999885559082,11.350000381469727,10.960000038146973,11.039999961853027,11.039999961853027,90726200
AAL,2026-03-12,10.729999542236328,10.829999923706055,10.510000228881836,10.550000190734863,10.550000190734863,112427500
AAL,2026-03-13,10.600000381469727,10.649999618530273,10.260000228881836,10.300000190734863,10.300000190734863,106227100
AAL,2026-03-16,10.40999984741211,10.569999694824219,10.34000015258789,10.489999771118164,10.489999771118164,80802800
AAL,2026-03-17,10.9399995803833,11.029999732971191,10.699999809265137,10.859999656677246,10.859999656677246,91851100
AAL,2026-03-18,10.699999809265137,11.069999694824219,10.630000114440918,10.800000190734863,10.800000190734863,72893300
AAL,2026-03-19,10.510000228881836,10.989999771118164,10.510000228881836,10.800000190734863,10.800000190734863,57481900
AAL,2026-03-20,10.75,10.829999923706055,10.34000015258789,10.430000305175781,10.430000305175781,58384600
AAL,2026-03-23,11.140000343322754,11.34000015258789,10.75,10.8100004196167,10.8100004196167,77753600
AAL,2026-03-24,10.619999885559082,10.829999923706055,10.4399995803833,10.710000038146973,10.710000038146973,55831900
AAL,2026-03-25,10.989999771118164,11.170000076293945,10.699999809265137,10.739999771118164,10.739999771118164,66750400
AAL,2026-03-26,10.529999732971191,10.819999694824219,10.520000457763672,10.710000038146973,10.710000038146973,41855100
AAL,2026-03-27,10.5,10.619999885559082,10.199999809265137,10.300000190734863,10.300000190734863,47681400
AAL,2026-03-30,10.229999542236328,10.359999656677246,10.09000015258789,10.180000305175781,10.180000305175781,40956400
AAL,2026-03-31,10.380000114440918,10.800000190734863,10.260000228881836,10.739999771118164,10.739999771118164,58813600
AAL,2026-04-01,10.989999771118164,11.199999809265137,10.869999885559082,11.130000114440918,11.130000114440918,54896000
AAL,2026-04-02,10.569999694824219,10.899999618530273,10.350000381469727,10.84000015258789,10.84000015258789,53047600
AAL,2026-04-06,10.890000343322754,11.039999961853027,10.779999732971191,10.899999618530273,10.899999618530273,37600700
AAL,2026-04-07,10.8100004196167,10.850000381469727,10.550000190734863,10.8100004196167,10.8100004196167,56698500
AAL,2026-04-08,12.029999732971191,12.199999809265137,11.380000114440918,11.40999984741211,11.40999984741211,100666000
AAL,2026-04-09,11.319999694824219,11.5,11.130000114440918,11.369999885559082,11.369999885559082,36844200
AAL,2026-04-10,11.449999809265137,11.489999771118164,11.239999771118164,11.319999694824219,11.319999694824219,31912500
AAL,2026-04-13,11.0,11.229999542236328,10.90999984741211,11.229999542236328,11.229999542236328,47514700
AAL,2026-04-14,12.0600004196167,12.319999694824219,11.8100004196167,12.130000114440918,12.130000114440918,92016200
AAL,2026-04-15,12.25,12.470000267028809,12.100000381469727,12.170000076293945,12.170000076293945,58823500
AAL,2026-04-16,12.359999656677246,12.5600004196167,12.029999732971191,12.270000457763672,12.270000457763672,54995300
AAL,2026-04-17,13.15999984741211,13.40999984741211,12.680000305175781,12.779999732971191,12.779999732971191,80991300
AAL,2026-04-20,12.380000114440918,12.470000267028809,12.029999732971191,12.239999771118164,12.239999771118164,62786900
AAL,2026-04-21,12.0600004196167,12.199999809265137,11.600000381469727,11.770000457763672,11.770000457763672,65540100
AAL,2026-04-22,11.800000190734863,11.880000114440918,11.460000038146973,11.5,11.5,59436100
AAL,2026-04-23,11.739999771118164,12.140000343322754,11.40999984741211,11.779999732971191,11.779999732971191,73254100
AAL,2026-04-24,11.9399995803833,12.220000267028809,11.800000190734863,12.100000381469727,12.100000381469727,41326400
AAL,2026-04-27,12.0600004196167,12.140000343322754,11.670000076293945,11.680000305175781,11.680000305175781,42514600
AAL,2026-04-28,11.5600004196167,11.779999732971191,11.489999771118164,11.640000343322754,11.640000343322754,43265500
AAL,2026-04-29,11.529999732971191,11.569999694824219,11.170000076293945,11.3100004196167,11.3100004196167,50192800
AAL,2026-04-30,11.539999961853027,11.75,11.470000267028809,11.710000038146973,11.710000038146973,37837600
AAL,2026-05-01,11.84000015258789,12.210000038146973,11.630000114440918,11.84000015258789,11.84000015258789,49175300
AAL,2026-05-04,11.850000381469727,12.050000190734863,11.649999618530273,11.8100004196167,11.8100004196167,36763600
AAL,2026-05-05,11.949999809265137,12.449999809265137,11.869999885559082,12.369999885559082,12.369999885559082,47221300
AAL,2026-05-06,12.989999771118164,13.119999885559082,12.6899995803833,12.9399995803833,12.9399995803833,59725600
AAL,2026-05-07,13.140000343322754,13.329999923706055,12.90999984741211,13.180000305175781,13.180000305175781,82536900
AAL,2026-05-08,13.279999732971191,13.369999885559082,13.069999694824219,13.350000381469727,13.350000381469727,57836400
AAL,2026-05-11,13.020000457763672,13.100000381469727,12.729999542236328,12.789999961853027,12.789999961853027,46477800
AAL,2026-05-12,12.649999618530273,12.720000267028809,12.380000114440918,12.6899995803833,12.6899995803833,48034900
AAL,2026-05-13,12.670000076293945,12.770000457763672,12.5600004196167,12.710000038146973,12.710000038146973,37200300
AAL,2026-05-14,12.829999923706055,12.949999809265137,12.600000381469727,12.699999809265137,12.699999809265137,61399500
AAL,2026-05-15,12.510000228881836,12.600000381469727,12.279999732971191,12.3100004196167,12.3100004196167,37308800
AAL,2026-05-18,12.470000267028809,12.800000190734863,12.210000038146973,12.359999656677246,12.359999656677246,59150200
AAL,2026-05-19,12.180000305175781,12.289999961853027,11.970000267028809,12.0600004196167,12.0600004196167,67547500
AAL,2026-05-20,12.109999656677246,13.09000015258789,12.039999961853027,12.949999809265137,12.949999809265137,85390000
AAL,2026-05-21,12.699999809265137,13.600000381469727,12.649999618530273,13.59000015258789,13.59000015258789,108803200
AAL,2026-05-22,13.710000038146973,14.180000305175781,13.579999923706055,13.850000381469727,13.850000381469727,99284800
AAL,2026-05-26,14.300000190734863,14.9399995803833,14.289999961853027,14.850000381469727,14.850000381469727,109912600
AAL,2026-05-27,15.170000076293945,15.399999618530273,14.84000015258789,14.920000076293945,14.920000076293945,88812000
AAL,2026-05-28,14.5,15.100000381469727,14.399999618530273,14.649999618530273,14.649999618530273,56046700
AAL,2026-05-29,14.720000267028809,15.010000228881836,14.609999656677246,14.640000343322754,14.640000343322754,71239100
AAL,2026-06-01,14.260000228881836,14.460000038146973,14.0,14.34000015258789,14.34000015258789,69052800
AAL,2026-06-02,14.460000038146973,14.520000457763672,13.869999885559082,13.930000305175781,13.930000305175781,49491400
AAL,2026-06-03,13.710000038146973,13.84000015258789,13.5,13.569999694824219,13.569999694824219,71682500
AAL,2026-06-04,13.819999694824219,13.84000015258789,13.180000305175781,13.300000190734863,13.300000190734863,70861800
AAL,2026-06-05,13.220000267028809,13.529999732971191,13.180000305175781,13.5,13.5,106126300
AAL,2026-06-08,13.489999771118164,13.800000190734863,13.40999984741211,13.600000381469727,13.600000381469727,109049300
AAL,2026-06-09,13.9399995803833,14.380000114440918,13.640000343322754,14.09000015258789,14.09000015258789,149980800
AAL,2026-06-10,13.8100004196167,13.880000114440918,13.34000015258789,13.420000076293945,13.420000076293945,137721300
AAL,2026-06-11,13.329999923706055,14.65999984741211,13.3100004196167,14.649999618530273,14.649999618530273,155165200
AAL,2026-06-12,14.8100004196167,15.020000457763672,14.520000457763672,14.979999542236328,14.979999542236328,153312100
AAL,2026-06-15,15.539999961853027,15.899999618530273,15.199999809265137,15.460000038146973,15.460000038146973,180253100
AAL,2026-06-16,15.59000015258789,16.190000534057617,15.569999694824219,15.710000038146973,15.710000038146973,134505300
AAL,2026-06-17,15.710000038146973,16.059999465942383,15.399999618530273,15.420000076293945,15.420000076293945,130165900
AAL,2026-06-18,15.850000381469727,16.06999969482422,15.770000457763672,15.989999771118164,15.989999771118164,126278400
AAPL,2025-05-30,199.3699951171875,201.9600067138672,196.77999877929688,200.85000610351562,200.05633544921875,70819900
AAPL,2025-06-02,200.27999877929688,202.1300048828125,200.1199951171875,201.6999969482422,200.90298461914062,35423300
AAPL,2025-06-03,201.35000610351562,203.77000427246094,200.9600067138672,203.27000427246094,202.46676635742188,46381600
AAPL,2025-06-04,202.91000366210938,206.24000549316406,202.10000610351562,202.82000732421875,202.01856994628906,43604000
AAPL,2025-06-05,203.5,204.75,200.14999389648438,200.6300048828125,199.8372039794922,55126100
AAPL,2025-06-06,203.0,205.6999969482422,202.0500030517578,203.9199981689453,203.11419677734375,46607700
AAPL,2025-06-09,204.38999938964844,206.0,200.02000427246094,201.4499969482422,200.65394592285156,72862600
AAPL,2025-06-10,200.60000610351562,204.35000610351562,200.57000732421875,202.6699981689453,201.869140625,54672600
AAPL,2025-06-11,203.5,204.5,198.41000366210938,198.77999877929688,197.9945068359375,60989900
AAPL,2025-06-12,199.0800018310547,199.67999267578125,197.36000061035156,199.1999969482422,198.412841796875,43904600
AAPL,2025-06-13,199.72999572753906,200.3699951171875,195.6999969482422,196.4499969482422,195.6737060546875,51447300
AAPL,2025-06-16,197.3000030517578,198.69000244140625,196.55999755859375,198.4199981689453,197.63592529296875,43020700
AAPL,2025-06-17,197.1999969482422,198.38999938964844,195.2100067138672,195.63999938964844,194.86691284179688,38856200
AAPL,2025-06-18,195.94000244140625,197.57000732421875,195.07000732421875,196.5800018310547,195.80320739746094,45394700
AAPL,2025-06-20,198.24000549316406,201.6999969482422,196.86000061035156,201.0,200.20574951171875,96813500
AAPL,2025-06-23,201.6300048828125,202.3000030517578,198.9600067138672,201.5,200.70376586914062,55814300
AAPL,2025-06-24,202.58999633789062,203.44000244140625,200.1999969482422,200.3000030517578,199.50851440429688,54064000
AAPL,2025-06-25,201.4499969482422,203.6699981689453,200.6199951171875,201.55999755859375,200.76351928710938,39525700
AAPL,2025-06-26,201.42999267578125,202.63999938964844,199.4600067138672,201.0,200.20574951171875,50799100
AAPL,2025-06-27,201.88999938964844,203.22000122070312,200.0,201.0800018310547,200.28543090820312,73188600
AAPL,2025-06-30,202.00999450683594,207.38999938964844,199.25999450683594,205.1699981689453,204.35926818847656,91912800
AAPL,2025-07-01,206.6699981689453,210.19000244140625,206.13999938964844,207.82000732421875,206.998779296875,78788900
AAPL,2025-07-02,208.91000366210938,213.33999633789062,208.13999938964844,212.44000244140625,211.6005401611328,67941800
AAPL,2025-07-03,212.14999389648438,214.64999389648438,211.80999755859375,213.5500030517578,212.70616149902344,34955800
AAPL,2025-07-07,212.67999267578125,216.22999572753906,208.8000030517578,209.9499969482422,209.12037658691406,50229000
AAPL,2025-07-08,210.10000610351562,211.42999267578125,208.4499969482422,210.00999450683594,209.1801300048828,42848900
AAPL,2025-07-09,209.52999877929688,211.3300018310547,207.22000122070312,211.13999938964844,210.3056640625,48749400
AAPL,2025-07-10,210.50999450683594,213.47999572753906,210.02999877929688,212.41000366210938,211.5706787109375,44443600
AAPL,2025-07-11,210.57000732421875,212.1300048828125,209.86000061035156,211.16000366210938,210.32559204101562,39765800
AAPL,2025-07-14,209.92999267578125,210.91000366210938,207.5399932861328,208.6199951171875,207.79563903808594,38840100
AAPL,2025-07-15,209.22000122070312,211.88999938964844,208.9199981689453,209.11000061035156,208.28370666503906,42296300
AAPL,2025-07-16,210.3000030517578,212.39999389648438,208.63999938964844,210.16000366210938,209.3295440673828,47490500
AAPL,2025-07-17,210.57000732421875,211.8000030517578,209.58999633789062,210.02000427246094,209.1901092529297,48068100
AAPL,2025-07-18,210.8699951171875,211.7899932861328,209.6999969482422,211.17999267578125,210.34552001953125,48974600
AAPL,2025-07-21,212.10000610351562,215.77999877929688,211.6300048828125,212.47999572753906,211.64036560058594,51377400
AAPL,2025-07-22,213.13999938964844,214.9499969482422,212.22999572753906,214.39999389648438,213.5527801513672,46404100
AAPL,2025-07-23,215.0,215.14999389648438,212.41000366210938,214.14999389648438,213.3037872314453,46989300
AAPL,2025-07-24,213.89999389648438,215.69000244140625,213.52999877929688,213.75999450683594,212.91531372070312,46022600
AAPL,2025-07-25,214.6999969482422,215.24000549316406,213.39999389648438,213.8800048828125,213.0348663330078,40268800
AAPL,2025-07-28,214.02999877929688,214.85000610351562,213.05999755859375,214.0500030517578,213.2041778564453,37858000
AAPL,2025-07-29,214.17999267578125,214.80999755859375,210.82000732421875,211.27000427246094,210.43515014648438,51411700
AAPL,2025-07-30,211.89999389648438,212.38999938964844,207.72000122070312,209.0500030517578,208.2239227294922,45512500
AAPL,2025-07-31,208.49000549316406,209.83999633789062,207.16000366210938,207.57000732421875,206.7498016357422,80698400
AAPL,2025-08-01,210.8699951171875,213.5800018310547,201.5,202.3800048828125,201.58029174804688,104434500
AAPL,2025-08-04,204.50999450683594,207.8800048828125,201.67999267578125,203.35000610351562,202.5464630126953,75109300
AAPL,2025-08-05,203.39999389648438,205.33999633789062,202.16000366210938,202.9199981689453,202.11813354492188,44155100
AAPL,2025-08-06,205.6300048828125,215.3800048828125,205.58999633789062,213.25,212.40733337402344,108483100
AAPL,2025-08-07,218.8800048828125,220.85000610351562,216.5800018310547,220.02999877929688,219.16055297851562,90224800
AAPL,2025-08-08,220.8300018310547,231.0,219.25,229.35000610351562,228.44374084472656,113854000
AAPL,2025-08-11,227.9199981689453,229.55999755859375,224.75999450683594,227.17999267578125,226.53909301757812,61806100
AAPL,2025-08-12,228.00999450683594,230.8000030517578,227.07000732421875,229.64999389648438,229.0021209716797,55626200
AAPL,2025-08-13,231.07000732421875,235.0,230.42999267578125,233.3300018310547,232.6717529296875,69878500
AAPL,2025-08-14,234.05999755859375,235.1199951171875,230.85000610351562,232.77999877929688,232.12330627441406,51916300
AAPL,2025-08-15,234.0,234.27999877929688,229.33999633789062,231.58999633789062,230.93667602539062,56038700
AAPL,2025-08-18,231.6999969482422,233.1199951171875,230.11000061035156,230.88999938964844,230.23863220214844,37476200
AAPL,2025-08-19,231.27999877929688,232.8699951171875,229.35000610351562,230.55999755859375,229.90957641601562,39402600
AAPL,2025-08-20,229.97999572753906,230.47000122070312,225.77000427246094,226.00999450683594,225.3723907470703,42263900
AAPL,2025-08-21,226.27000427246094,226.52000427246094,223.77999877929688,224.89999389648438,224.26551818847656,30621200
AAPL,2025-08-22,226.1699981689453,229.08999633789062,225.41000366210938,227.75999450683594,227.11746215820312,42477800
AAPL,2025-08-25,226.47999572753906,229.3000030517578,226.22999572753906,227.16000366210938,226.5191650390625,30983100
AAPL,2025-08-26,226.8699951171875,229.49000549316406,224.69000244140625,229.30999755859375,228.6630859375,54575100
AAPL,2025-08-27,228.61000061035156,230.89999389648438,228.25999450683594,230.49000549316406,229.8397674560547,31259500
AAPL,2025-08-28,230.82000732421875,233.41000366210938,229.33999633789062,232.55999755859375,231.90391540527344,38074700
AAPL,2025-08-29,232.50999450683594,233.3800048828125,231.3699951171875,232.13999938964844,231.485107421875,39418400
AAPL,2025-09-02,229.25,230.85000610351562,226.97000122070312,229.72000122070312,229.07192993164062,44075600
AAPL,2025-09-03,237.2100067138672,238.85000610351562,234.36000061035156,238.47000122070312,237.7972412109375,66427800
AAPL,2025-09-04,238.4499969482422,239.89999389648438,236.74000549316406,239.77999877929688,239.10354614257812,47549400
AAPL,2025-09-05,240.0,241.32000732421875,238.49000549316406,239.69000244140625,239.01380920410156,54870400
AAPL,2025-09-08,239.3000030517578,240.14999389648438,236.33999633789062,237.8800048828125,237.20892333984375,48999500
AAPL,2025-09-09,237.0,238.77999877929688,233.36000061035156,234.35000610351562,233.6888885498047,66313900
AAPL,2025-09-10,232.19000244140625,232.4199981689453,225.9499969482422,226.7899932861328,226.1501922607422,83440800
AAPL,2025-09-11,226.8800048828125,230.4499969482422,226.64999389648438,230.02999877929688,229.3810577392578,50208600
AAPL,2025-09-12,229.22000122070312,234.50999450683594,229.02000427246094,234.07000732421875,233.40966796875,55824200
AAPL,2025-09-15,237.0,238.19000244140625,235.02999877929688,236.6999969482422,236.03224182128906,42699500
AAPL,2025-09-16,237.17999267578125,241.22000122070312,236.32000732421875,238.14999389648438,237.4781494140625,63421100
AAPL,2025-09-17,238.97000122070312,240.10000610351562,237.72999572753906,238.99000549316406,238.3157958984375,46508000
AAPL,2025-09-18,239.97000122070312,241.1999969482422,236.64999389648438,237.8800048828125,237.20892333984375,44249600
AAPL,2025-09-19,241.22999572753906,246.3000030517578,240.2100067138672,245.5,244.80740356445312,163741300
AAPL,2025-09-22,248.3000030517578,256.6400146484375,248.1199951171875,256.0799865722656,255.35755920410156,105517400
AAPL,2025-09-23,255.8800048828125,257.3399963378906,253.5800018310547,254.42999267578125,253.7122344970703,60275200
AAPL,2025-09-24,255.22000122070312,255.74000549316406,251.0399932861328,252.30999755859375,251.59820556640625,42303700
AAPL,2025-09-25,253.2100067138672,257.1700134277344,251.7100067138672,256.8699951171875,256.1453552246094,55202100
AAPL,2025-09-26,254.10000610351562,257.6000061035156,253.77999877929688,255.4600067138672,254.73931884765625,46076300
AAPL,2025-09-29,254.55999755859375,255.0,253.00999450683594,254.42999267578125,253.7122344970703,40127700
AAPL,2025-09-30,254.86000061035156,255.9199981689453,253.11000061035156,254.6300048828125,253.9116668701172,37704300
AAPL,2025-10-01,255.0399932861328,258.7900085449219,254.92999267578125,255.4499969482422,254.72933959960938,48713900
AAPL,2025-10-02,256.5799865722656,258.17999267578125,254.14999389648438,257.1300048828125,256.40460205078125,42630200
AAPL,2025-10-03,254.6699981689453,259.239990234375,253.9499969482422,258.0199890136719,257.2920837402344,49155600
AAPL,2025-10-06,257.989990234375,259.07000732421875,255.0500030517578,256.69000244140625,255.96585083007812,44664100
AAPL,2025-10-07,256.80999755859375,257.3999938964844,255.42999267578125,256.4800109863281,255.7564697265625,31955800
AAPL,2025-10-08,256.5199890136719,258.5199890136719,256.1099853515625,258.05999755859375,257.33197021484375,36496900
AAPL,2025-10-09,257.80999755859375,258.0,253.13999938964844,254.0399932861328,253.32330322265625,38322000
AAPL,2025-10-10,254.94000244140625,256.3800048828125,244.0,245.27000427246094,244.57806396484375,61999100
AAPL,2025-10-13,249.3800048828125,249.69000244140625,245.55999755859375,247.66000366210938,246.96131896972656,38142900
AAPL,2025-10-14,246.60000610351562,248.85000610351562,244.6999969482422,247.77000427246094,247.07101440429688,35478000
AAPL,2025-10-15,249.49000549316406,251.82000732421875,247.47000122070312,249.33999633789062,248.63658142089844,33893600
AAPL,2025-10-16,248.25,249.0399932861328,245.1300048828125,247.4499969482422,246.75192260742188,39777000
AAPL,2025-10-17,248.02000427246094,253.3800048828125,247.27000427246094,252.2899932861328,251.57826232910156,49147000
AAPL,2025-10-20,255.88999938964844,264.3800048828125,255.6300048828125,262.239990234375,261.5001525878906,90483000
AAPL,2025-10-21,261.8800048828125,265.2900085449219,261.8299865722656,262.7699890136719,262.0286865234375,46695900
AAPL,2025-10-22,262.6499938964844,262.8500061035156,255.42999267578125,258.45001220703125,257.72088623046875,45015300
AAPL,2025-10-23,259.94000244140625,260.6199951171875,258.010009765625,259.5799865722656,258.84771728515625,32754900
AAPL,2025-10-24,261.19000244140625,264.1300048828125,259.17999267578125,262.82000732421875,262.07855224609375,38253700
AAPL,2025-10-27,264.8800048828125,269.1199951171875,264.6499938964844,268.80999755859375,268.0516357421875,44888200
AAPL,2025-10-28,268.989990234375,269.8900146484375,268.1499938964844,269.0,268.2410888671875,41534800
AAPL,2025-10-29,269.2799987792969,271.4100036621094,267.1099853515625,269.70001220703125,268.93914794921875,51086700
AAPL,2025-10-30,271.989990234375,274.1400146484375,268.4800109863281,271.3999938964844,270.63433837890625,69886500
AAPL,2025-10-31,276.989990234375,277.32000732421875,269.1600036621094,270.3699951171875,269.60723876953125,86167100
AAPL,2025-11-03,270.4200134277344,270.8500061035156,266.25,269.04998779296875,268.2909851074219,50194600
AAPL,2025-11-04,268.3299865722656,271.489990234375,267.6199951171875,270.0400085449219,269.2781982421875,49274800
AAPL,2025-11-05,268.6099853515625,271.70001220703125,266.92999267578125,270.1400146484375,269.3778991699219,43683100
AAPL,2025-11-06,267.8900146484375,273.3999938964844,267.8900146484375,269.7699890136719,269.0089416503906,51204000
AAPL,2025-11-07,269.79998779296875,272.2900085449219,266.7699890136719,268.4700012207031,267.7126159667969,48227400
AAPL,2025-11-10,268.9599914550781,273.7300109863281,267.4599914550781,269.42999267578125,268.9303283691406,41312400
AAPL,2025-11-11,269.80999755859375,275.9100036621094,269.79998779296875,275.25,274.73956298828125,46208300
AAPL,2025-11-12,275.0,275.7300109863281,271.70001220703125,273.4700012207031,272.962890625,48398000
AAPL,2025-11-13,274.1099853515625,276.70001220703125,272.0899963378906,272.95001220703125,272.4438171386719,49602800
AAPL,2025-11-14,271.04998779296875,275.9599914550781,269.6000061035156,272.4100036621094,271.90484619140625,47431300
AAPL,2025-11-17,268.82000732421875,270.489990234375,265.7300109863281,267.4599914550781,266.9639892578125,45018300
AAPL,2025-11-18,269.989990234375,270.7099914550781,265.32000732421875,267.44000244140625,266.94403076171875,45677300
AAPL,2025-11-19,265.5299987792969,272.2099914550781,265.5,268.55999755859375,268.0619812011719,40424500
AAPL,2025-11-20,270.8299865722656,275.42999267578125,265.9200134277344,266.25,265.7562561035156,45823600
AAPL,2025-11-21,265.95001220703125,273.3299865722656,265.6700134277344,271.489990234375,270.98651123046875,59030800
AAPL,2025-11-24,270.8999938964844,277.0,270.8999938964844,275.9200134277344,275.4083557128906,65585800
AAPL,2025-11-25,275.2699890136719,280.3800048828125,275.25,276.9700012207031,276.45635986328125,46914200
AAPL,2025-11-26,276.9599914550781,279.5299987792969,276.6300048828125,277.54998779296875,277.0353088378906,33431400
AAPL,2025-11-28,277.260009765625,279.0,275.989990234375,278.8500061035156,278.3328857421875,20135600
AAPL,2025-12-01,278.010009765625,283.4200134277344,276.1400146484375,283.1000061035156,282.57501220703125,46587700
AAPL,2025-12-02,283.0,287.3999938964844,282.6300048828125,286.19000244140625,285.6592712402344,53669500
AAPL,2025-12-03,286.20001220703125,288.6199951171875,283.29998779296875,284.1499938964844,283.623046875,43538700
AAPL,2025-12-04,284.1000061035156,284.7300109863281,278.5899963378906,280.70001220703125,280.179443359375,43989100
AAPL,2025-12-05,280.5400085449219,281.1400146484375,278.04998779296875,278.7799987792969,278.26300048828125,47265800
AAPL,2025-12-08,278.1300048828125,279.6700134277344,276.1499938964844,277.8900146484375,277.3746643066406,38211800
AAPL,2025-12-09,278.1600036621094,280.0299987792969,276.9200134277344,277.17999267578125,276.6659851074219,32193300
AAPL,2025-12-10,277.75,279.75,276.44000244140625,278.7799987792969,278.26300048828125,33038300
AAPL,2025-12-11,279.1000061035156,279.5899963378906,273.80999755859375,278.0299987792969,277.514404296875,33248000
AAPL,2025-12-12,277.8999938964844,279.2200012207031,276.82000732421875,278.2799987792969,277.763916015625,39532900
AAPL,2025-12-15,280.1499938964844,280.1499938964844,272.8399963378906,274.1099853515625,273.6016540527344,50409100
AAPL,2025-12-16,272.82000732421875,275.5,271.7900085449219,274.6099853515625,274.1007385253906,37648600
AAPL,2025-12-17,275.010009765625,276.1600036621094,271.6400146484375,271.8399963378906,271.33587646484375,50138700
AAPL,2025-12-18,273.6099853515625,273.6300048828125,266.95001220703125,272.19000244140625,271.68524169921875,51630700
AAPL,2025-12-19,272.1499938964844,274.6000061035156,269.8999938964844,273.6700134277344,273.1625061035156,144632000
AAPL,2025-12-22,272.8599853515625,273.8800048828125,270.510009765625,270.9700012207031,270.4674987792969,36571800
AAPL,2025-12-23,270.8399963378906,272.5,269.55999755859375,272.3599853515625,271.85491943359375,29642000
AAPL,2025-12-24,272.3399963378906,275.42999267578125,272.20001220703125,273.80999755859375,273.3022155761719,17910600
AAPL,2025-12-26,274.1600036621094,275.3699951171875,272.8599853515625,273.3999938964844,272.89300537109375,21521800
AAPL,2025-12-29,272.69000244140625,274.3599853515625,272.3500061035156,273.760009765625,273.2523498535156,23715200
AAPL,2025-12-30,272.80999755859375,274.0799865722656,272.2799987792969,273.0799865722656,272.57354736328125,22139600
AAPL,2025-12-31,273.05999755859375,273.67999267578125,271.75,271.8599853515625,271.3558349609375,27293600
AAPL,2026-01-02,272.260009765625,277.8399963378906,269.0,271.010009765625,270.5074462890625,37838100
AAPL,2026-01-05,270.6400146484375,271.510009765625,266.1400146484375,267.260009765625,266.764404296875,45647200
AAPL,2026-01-06,267.0,267.54998779296875,262.1199951171875,262.3599853515625,261.87347412109375,52352100
AAPL,2026-01-07,263.20001220703125,263.67999267578125,259.80999755859375,260.3299865722656,259.84722900390625,48309800
AAPL,2026-01-08,257.0199890136719,259.2900085449219,255.6999969482422,259.0400085449219,258.55963134765625,50419300
AAPL,2026-01-09,259.0799865722656,260.2099914550781,256.2200012207031,259.3699951171875,258.8890075683594,39997000
AAPL,2026-01-12,259.1600036621094,261.29998779296875,256.79998779296875,260.25,259.7673645019531,45263800
AAPL,2026-01-13,258.7200012207031,261.80999755859375,258.3900146484375,261.04998779296875,260.5658874511719,45730800
AAPL,2026-01-14,259.489990234375,261.82000732421875,256.7099914550781,259.9599914550781,259.4779052734375,40019400
AAPL,2026-01-15,260.6499938964844,261.0400085449219,257.04998779296875,258.2099914550781,257.7311706542969,39388600
AAPL,2026-01-16,257.8999938964844,258.8999938964844,254.92999267578125,255.52999877929688,255.05612182617188,72142800
AAPL,2026-01-20,252.72999572753906,254.7899932861328,243.4199981689453,246.6999969482422,246.2425079345703,80267500
AAPL,2026-01-21,248.6999969482422,251.55999755859375,245.17999267578125,247.64999389648438,247.1907501220703,54641700
AAPL,2026-01-22,249.1999969482422,251.0,248.14999389648438,248.35000610351562,247.8894500732422,39708300
AAPL,2026-01-23,247.32000732421875,249.41000366210938,244.67999267578125,248.0399932861328,247.58001708984375,41689000
AAPL,2026-01-26,251.47999572753906,256.55999755859375,249.8000030517578,255.41000366210938,254.93637084960938,55969200
AAPL,2026-01-27,259.1700134277344,261.95001220703125,258.2099914550781,258.2699890136719,257.7910461425781,49648300
AAPL,2026-01-28,257.6499938964844,258.8599853515625,254.50999450683594,256.44000244140625,255.96444702148438,41288000
AAPL,2026-01-29,258.0,259.6499938964844,254.41000366210938,258.2799987792969,257.801025390625,67253000
AAPL,2026-01-30,255.1699981689453,261.8999938964844,252.17999267578125,259.4800109863281,258.99884033203125,92443400
AAPL,2026-02-02,260.0299987792969,270.489990234375,259.2099914550781,270.010009765625,269.50927734375,73913400
AAPL,2026-02-03,269.20001220703125,271.8800048828125,267.6099853515625,269.4800109863281,268.98028564453125,64394700
AAPL,2026-02-04,272.2900085449219,278.95001220703125,272.2900085449219,276.489990234375,275.97723388671875,90545700
AAPL,2026-02-05,278.1300048828125,279.5,273.2300109863281,275.9100036621094,275.3983459472656,52977400
AAPL,2026-02-06,277.1199951171875,280.9100036621094,276.92999267578125,278.1199951171875,277.6042175292969,50453400
AAPL,2026-02-09,277.9100036621094,278.20001220703125,271.70001220703125,274.6199951171875,274.3672180175781,44623400
AAPL,2026-02-10,274.8900146484375,275.3699951171875,272.94000244140625,273.67999267578125,273.4280700683594,34376900
AAPL,2026-02-11,274.70001220703125,280.17999267578125,274.45001220703125,275.5,275.24639892578125,51931300
AAPL,2026-02-12,275.5899963378906,275.7200012207031,260.17999267578125,261.7300109863281,261.4891052246094,81077200
AAPL,2026-02-13,262.010009765625,262.2300109863281,255.4499969482422,255.77999877929688,255.5445556640625,56290700
AAPL,2026-02-17,258.04998779296875,266.2900085449219,255.5399932861328,263.8800048828125,263.6371154785156,58469100
AAPL,2026-02-18,263.6000061035156,266.82000732421875,262.45001220703125,264.3500061035156,264.106689453125,34203300
AAPL,2026-02-19,262.6000061035156,264.4800109863281,260.04998779296875,260.5799865722656,260.3401184082031,30845300
AAPL,2026-02-20,258.9700012207031,264.75,258.1600036621094,264.5799865722656,264.3364562988281,42070500
AAPL,2026-02-23,263.489990234375,269.42999267578125,263.3800048828125,266.17999267578125,265.9349670410156,37308200
AAPL,2026-02-24,267.8599853515625,274.8900146484375,267.7099914550781,272.1400146484375,271.8895263671875,47014600
AAPL,2026-02-25,271.7799987792969,274.94000244140625,271.04998779296875,274.2300109863281,273.97760009765625,33714300
AAPL,2026-02-26,274.95001220703125,276.1099853515625,270.79998779296875,272.95001220703125,272.6987609863281,32345100
AAPL,2026-02-27,272.80999755859375,272.80999755859375,262.8900146484375,264.17999267578125,263.93682861328125,72366500
AAPL,2026-03-02,262.4100036621094,266.5299987792969,260.20001220703125,264.7200012207031,264.476318359375,41827900
AAPL,2026-03-03,263.4800109863281,265.55999755859375,260.1300048828125,263.75,263.5072326660156,38568900
AAPL,2026-03-04,264.6499938964844,266.1499938964844,261.4200134277344,262.5199890136719,262.2783508300781,39803100
AAPL,2026-03-05,260.7900085449219,261.55999755859375,257.25,260.2900085449219,260.0504150390625,49658600
AAPL,2026-03-06,258.6300048828125,258.7699890136719,254.3699951171875,257.4599914550781,257.2229919433594,41120000
AAPL,2026-03-09,255.69000244140625,261.1499938964844,253.67999267578125,259.8800048828125,259.6407775878906,38218500
AAPL,2026-03-10,257.6499938964844,262.4800109863281,256.95001220703125,260.8299865722656,260.58990478515625,30590800
AAPL,2026-03-11,261.0899963378906,262.1300048828125,259.54998779296875,260.80999755859375,260.5699157714844,26218900
AAPL,2026-03-12,258.6600036621094,258.95001220703125,254.17999267578125,255.75999450683594,255.52456665039062,40794000
AAPL,2026-03-13,255.47999572753906,256.3299865722656,249.52000427246094,250.1199951171875,249.8897705078125,36930000
AAPL,2026-03-16,252.11000061035156,253.88999938964844,249.8800048828125,252.82000732421875,252.58729553222656,32074200
AAPL,2026-03-17,252.9600067138672,255.1300048828125,252.17999267578125,254.22999572753906,253.99598693847656,32361600
AAPL,2026-03-18,252.6300048828125,254.94000244140625,249.0,249.94000244140625,249.70994567871094,35757900
AAPL,2026-03-19,249.39999389648438,251.8300018310547,247.3000030517578,248.9600067138672,248.73085021972656,34864100
AAPL,2026-03-20,247.97999572753906,249.1999969482422,246.0,247.99000549316406,247.76173400878906,88331100
AAPL,2026-03-23,253.97000122070312,254.60000610351562,250.27999877929688,251.49000549316406,251.25851440429688,40546100
AAPL,2026-03-24,250.35000610351562,254.8300018310547,249.5500030517578,251.63999938964844,251.4083709716797,45152300
AAPL,2026-03-25,254.10000610351562,255.0,251.60000610351562,252.6199951171875,252.38746643066406,28476700
AAPL,2026-03-26,252.1199951171875,257.0,250.77000427246094,252.88999938964844,252.6572265625,41796700
AAPL,2026-03-27,253.89999389648438,255.49000549316406,248.07000732421875,248.8000030517578,248.57098388671875,47900000
AAPL,2026-03-30,250.07000732421875,250.8699951171875,245.50999450683594,246.6300048828125,246.40298461914062,39446200
AAPL,2026-03-31,247.91000366210938,255.47999572753906,247.10000610351562,253.7899932861328,253.55638122558594,49598100
AAPL,2026-04-01,254.0800018310547,256.17999267578125,253.3300018310547,255.6300048828125,255.3946990966797,40059400
AAPL,2026-04-02,254.1999969482422,256.1300048828125,250.64999389648438,255.9199981689453,255.68443298339844,31289400
AAPL,2026-04-06,256.510009765625,262.1600036621094,256.4599914550781,258.8599853515625,258.6217041015625,29329900
AAPL,2026-04-07,256.1600036621094,256.20001220703125,245.6999969482422,253.5,253.26666259765625,62148000
AAPL,2026-04-08,258.45001220703125,259.75,256.5299987792969,258.8999938964844,258.66168212890625,41032800
AAPL,2026-04-09,259.0,261.1199951171875,256.07000732421875,260.489990234375,260.2502136230469,28121600
AAPL,2026-04-10,259.9800109863281,262.19000244140625,259.0199890136719,260.4800109863281,260.240234375,31291500
AAPL,2026-04-13,259.7300109863281,260.17999267578125,256.6600036621094,259.20001220703125,258.96142578125,36234700
AAPL,2026-04-14,259.25,261.92999267578125,257.19000244140625,258.8299865722656,258.59173583984375,48370700
AAPL,2026-04-15,258.1600036621094,266.55999755859375,257.80999755859375,266.42999267578125,266.18475341796875,49913500
AAPL,2026-04-16,266.79998779296875,267.1600036621094,261.2699890136719,263.3999938964844,263.15753173828125,43323100
AAPL,2026-04-17,266.9599914550781,272.29998779296875,266.7200012207031,270.2300109863281,269.98126220703125,61436200
AAPL,2026-04-20,270.3299865722656,274.2799987792969,270.2900085449219,273.04998779296875,272.79864501953125,36590200
AAPL,2026-04-21,271.5,272.79998779296875,265.3999938964844,266.1700134277344,265.9250183105469,50209800
AAPL,2026-04-22,267.82000732421875,273.739990234375,266.8699951171875,273.1700134277344,272.9185791015625,43249200
AAPL,2026-04-23,275.04998779296875,275.7699890136719,271.6499938964844,273.42999267578125,273.1783142089844,33399600
AAPL,2026-04-24,272.760009765625,273.05999755859375,269.6499938964844,271.05999755859375,270.81048583984375,38157100
AAPL,2026-04-27,266.0899963378906,268.3599853515625,265.07000732421875,267.6099853515625,267.3636474609375,41466800
AAPL,2026-04-28,272.3399963378906,273.2300109863281,268.6600036621094,270.7099914550781,270.4608154296875,40018900
AAPL,2026-04-29,267.54998779296875,271.0400085449219,267.0400085449219,270.1700134277344,269.92132568359375,30047900
AAPL,2026-04-30,270.5,276.0,268.1400146484375,271.3500061035156,271.1002502441406,91848200
AAPL,2026-05-01,278.8599853515625,287.2200012207031,278.3699951171875,280.1400146484375,279.88214111328125,79915400
AAPL,2026-05-04,279.6600036621094,280.6300048828125,274.8599853515625,276.8299865722656,276.5751647949219,46668400
AAPL,2026-05-05,276.92999267578125,284.57000732421875,276.5,284.17999267578125,283.9184265136719,49311700
AAPL,2026-05-06,281.9200134277344,288.0299987792969,281.07000732421875,287.510009765625,287.245361328125,58336100
AAPL,2026-05-07,289.2699890136719,292.1300048828125,285.7799987792969,287.44000244140625,287.1754150390625,45224300
AAPL,2026-05-08,290.010009765625,294.760009765625,290.0,293.32000732421875,293.0500183105469,52692800
AAPL,2026-05-11,291.9800109863281,293.8800048828125,290.2300109863281,292.67999267578125,292.67999267578125,42247300
AAPL,2026-05-12,292.55999755859375,295.2699890136719,292.55999755859375,294.79998779296875,294.79998779296875,45748100
AAPL,2026-05-13,293.5,300.9200134277344,293.5,298.8699951171875,298.8699951171875,52684300
AAPL,2026-05-14,299.82000732421875,300.45001220703125,295.3800048828125,298.2099914550781,298.2099914550781,35324900
AAPL,2026-05-15,297.8999938964844,303.20001220703125,296.5199890136719,300.2300109863281,300.2300109863281,54862800
AAPL,2026-05-18,300.239990234375,300.6600036621094,294.9100036621094,297.8399963378906,297.8399963378906,34483000
AAPL,2026-05-19,296.9700012207031,300.510009765625,296.3500061035156,298.9700012207031,298.9700012207031,42243600
AAPL,2026-05-20,298.17999267578125,302.79998779296875,298.0799865722656,302.25,302.25,38229800
AAPL,2026-05-21,301.05999755859375,305.5400085449219,300.3999938964844,304.989990234375,304.989990234375,42965100
AAPL,2026-05-22,306.1199951171875,311.3999938964844,305.8399963378906,308.82000732421875,308.82000732421875,43670200
AAPL,2026-05-26,309.55999755859375,311.82000732421875,307.6700134277344,308.3299865722656,308.3299865722656,48000500
AAPL,2026-05-27,308.3299865722656,313.260009765625,308.29998779296875,310.8500061035156,310.8500061035156,50430900
AAPL,2026-05-28,310.67999267578125,312.79998779296875,309.57000732421875,312.510009765625,312.510009765625,48220400
AAPL,2026-05-29,311.7799987792969,315.0,309.5299987792969,312.05999755859375,312.05999755859375,70026800
AAPL,2026-06-01,309.6300048828125,310.94000244140625,305.0199890136719,306.30999755859375,306.30999755859375,48849900
AAPL,2026-06-02,307.4599914550781,315.45001220703125,306.69000244140625,315.20001220703125,315.20001220703125,44534700
AAPL,2026-06-03,314.17999267578125,316.94000244140625,308.8500061035156,310.260009765625,310.260009765625,50836700
AAPL,2026-06-04,313.2300109863281,313.5400085449219,309.6499938964844,311.2300109863281,311.2300109863281,44869100
AAPL,2026-06-05,312.8599853515625,315.1700134277344,307.1499938964844,307.3399963378906,307.3399963378906,65310500
AAPL,2026-06-08,308.739990234375,317.3999938964844,301.1700134277344,301.5400085449219,301.5400085449219,77949100
AAPL,2026-06-09,300.2799987792969,300.75,287.7799987792969,290.54998779296875,290.54998779296875,70108800
AAPL,2026-06-10,290.739990234375,294.75,287.3800048828125,291.5799865722656,291.5799865722656,52793300
AAPL,2026-06-11,293.7200012207031,297.0,289.5899963378906,295.6300048828125,295.6300048828125,42572500
AAPL,2026-06-12,296.0299987792969,297.1400146484375,289.6199951171875,291.1300048828125,291.1300048828125,38742100
AAPL,2026-06-15,294.1199951171875,297.7799987792969,291.70001220703125,296.4200134277344,296.4200134277344,45732600
AAPL,2026-06-16,295.25,300.4800109863281,293.9700012207031,299.239990234375,299.239990234375,39874400
AAPL,2026-06-17,300.8500061035156,302.07000732421875,294.3599853515625,295.95001220703125,295.95001220703125,42745100
AAPL,2026-06-18,298.1099853515625,300.57000732421875,295.6199951171875,298.010009765625,298.010009765625,85962200
AMD,2025-05-30,111.58000183105469,112.11000061035156,108.62000274658203,110.7300033569336,110.7300033569336,36088500
AMD,2025-06-02,111.05999755859375,114.86000061035156,111.01000213623047,114.62999725341797,114.62999725341797,34078400
AMD,2025-06-03,114.5,117.68000030517578,113.27999877929688,117.30999755859375,117.30999755859375,37161500
AMD,2025-06-04,117.41000366210938,119.30000305175781,115.7300033569336,118.58000183105469,118.58000183105469,31025000
AMD,2025-06-05,118.94999694824219,119.23999786376953,114.70999908447266,115.69000244140625,115.69000244140625,34091000
AMD,2025-06-06,117.69000244140625,118.37999725341797,115.87999725341797,116.19000244140625,116.19000244140625,27042100
AMD,2025-06-09,119.18000030517578,122.37000274658203,119.04000091552734,121.7300033569336,121.7300033569336,55437700
AMD,2025-06-10,121.11000061035156,124.08999633789062,120.80000305175781,123.23999786376953,123.23999786376953,41691900
AMD,2025-06-11,124.44000244140625,124.47000122070312,119.87999725341797,121.13999938964844,121.13999938964844,32261900
AMD,2025-06-12,120.62000274658203,122.25,118.02999877929688,118.5,118.5,44718400
AMD,2025-06-13,116.05000305175781,117.87999725341797,115.05999755859375,116.16000366210938,116.16000366210938,39702700
AMD,2025-06-16,118.63999938964844,128.13999938964844,117.77999877929688,126.38999938964844,126.38999938964844,100968500
AMD,2025-06-17,127.93000030517578,130.6999969482422,126.58000183105469,127.0999984741211,127.0999984741211,86623900
AMD,2025-06-18,128.00999450683594,129.2100067138672,125.7699966430664,126.79000091552734,126.79000091552734,49627100
AMD,2025-06-20,129.0,132.80999755859375,127.55000305175781,128.24000549316406,128.24000549316406,79931000
AMD,2025-06-23,130.47000122070312,133.25,126.81999969482422,129.5800018310547,129.5800018310547,65152900
AMD,2025-06-24,133.42999267578125,138.7899932861328,132.92999267578125,138.42999267578125,138.42999267578125,78572000
AMD,2025-06-25,140.94000244140625,144.17999267578125,139.4600067138672,143.39999389648438,143.39999389648438,74607200
AMD,2025-06-26,145.97000122070312,146.0,141.91000366210938,143.67999267578125,143.67999267578125,58180100
AMD,2025-06-27,144.17999267578125,147.75,141.6300048828125,143.80999755859375,143.80999755859375,61937900
AMD,2025-06-30,144.0,146.0,141.00999450683594,141.89999389648438,141.89999389648438,42972500
AMD,2025-07-01,138.77000427246094,140.22999572753906,135.1199951171875,136.11000061035156,136.11000061035156,55257200
AMD,2025-07-02,135.52999877929688,139.77999877929688,135.22000122070312,138.52000427246094,138.52000427246094,39228000
AMD,2025-07-03,139.11000061035156,139.5,137.32000732421875,137.91000366210938,137.91000366210938,28646000
AMD,2025-07-07,136.55999755859375,137.44000244140625,133.5,134.8000030517578,134.8000030517578,37395000
AMD,2025-07-08,137.32000732421875,139.14999389648438,135.91000366210938,137.82000732421875,137.82000732421875,36124600
AMD,2025-07-09,138.69000244140625,140.64999389648438,137.58999633789062,138.41000366210938,138.41000366210938,37013100
AMD,2025-07-10,143.0,145.82000732421875,141.85000610351562,144.16000366210938,144.16000366210938,61101500
AMD,2025-07-11,142.60000610351562,147.39999389648438,141.60000610351562,146.4199981689453,146.4199981689453,50049200
AMD,2025-07-14,145.08999633789062,147.5800018310547,141.89999389648438,146.24000549316406,146.24000549316406,44718600
AMD,2025-07-15,153.75,158.67999267578125,153.55999755859375,155.61000061035156,155.61000061035156,93370100
AMD,2025-07-16,155.30999755859375,160.36000061035156,152.85000610351562,160.0800018310547,160.0800018310547,59492800
AMD,2025-07-17,161.80999755859375,161.9600067138672,158.67999267578125,160.41000366210938,160.41000366210938,50605100
AMD,2025-07-18,159.58999633789062,160.8300018310547,155.80999755859375,156.99000549316406,156.99000549316406,48859800
AMD,2025-07-21,157.6199951171875,160.33999633789062,156.9199981689453,157.0,157.0,39021100
AMD,2025-07-22,156.1999969482422,156.22999572753906,149.33999633789062,154.72000122070312,154.72000122070312,49028000
AMD,2025-07-23,156.32000732421875,159.4499969482422,156.0,158.64999389648438,158.64999389648438,41510900
AMD,2025-07-24,159.1199951171875,163.92999267578125,158.36000061035156,162.1199951171875,162.1199951171875,48440100
AMD,2025-07-25,163.50999450683594,167.17999267578125,162.36000061035156,166.47000122070312,166.47000122070312,53432300
AMD,2025-07-28,169.0800018310547,174.6999969482422,168.6699981689453,173.66000366210938,173.66000366210938,68267800
AMD,2025-07-29,175.2100067138672,182.30999755859375,174.67999267578125,177.44000244140625,177.44000244140625,108154800
AMD,2025-07-30,175.61000061035156,180.3699951171875,173.8000030517578,179.50999450683594,179.50999450683594,64820300
AMD,2025-07-31,182.02000427246094,182.5,173.0,176.30999755859375,176.30999755859375,71765300
AMD,2025-08-01,170.16000366210938,174.39999389648438,166.82000732421875,171.6999969482422,171.6999969482422,75396100
AMD,2025-08-04,174.61000061035156,177.86000061035156,173.55999755859375,176.77999877929688,176.77999877929688,52951000
AMD,2025-08-05,177.57000732421875,177.99000549316406,171.8000030517578,174.30999755859375,174.30999755859375,88808500
AMD,2025-08-06,165.0500030517578,166.17999267578125,157.8000030517578,163.1199951171875,163.1199951171875,133641800
AMD,2025-08-07,166.83999633789062,175.75,166.6999969482422,172.39999389648438,172.39999389648438,95448300
AMD,2025-08-08,174.0399932861328,176.47999572753906,170.52000427246094,172.75999450683594,172.75999450683594,68866700
AMD,2025-08-11,170.0399932861328,178.82000732421875,169.3800048828125,172.27999877929688,172.27999877929688,70651000
AMD,2025-08-12,173.32000732421875,175.16000366210938,168.5,174.9499969482422,174.9499969482422,52243500
AMD,2025-08-13,179.91000366210938,186.64999389648438,179.3800048828125,184.4199981689453,184.4199981689453,108305100
AMD,2025-08-14,179.8300018310547,185.44000244140625,179.55999755859375,180.9499969482422,180.9499969482422,66308800
AMD,2025-08-15,180.05999755859375,180.13999938964844,176.25,177.50999450683594,177.50999450683594,51543100
AMD,2025-08-18,176.75999450683594,178.8000030517578,174.36000061035156,176.13999938964844,176.13999938964844,35937500
AMD,2025-08-19,173.10000610351562,173.1699981689453,166.10000610351562,166.5500030517578,166.5500030517578,64455000
AMD,2025-08-20,164.10000610351562,166.64999389648438,158.25,165.1999969482422,165.1999969482422,60233200
AMD,2025-08-21,165.86000061035156,165.8800048828125,162.25999450683594,163.7100067138672,163.7100067138672,37880500
AMD,2025-08-22,162.1699981689453,168.52999877929688,161.8000030517578,167.75999450683594,167.75999450683594,43998600
AMD,2025-08-25,165.5500030517578,165.58999633789062,161.72000122070312,163.36000061035156,163.36000061035156,36134700
AMD,2025-08-26,168.64999389648438,169.77000427246094,164.91000366210938,166.6199951171875,166.6199951171875,52138600
AMD,2025-08-27,166.0399932861328,167.67999267578125,164.64999389648438,167.1300048828125,167.1300048828125,37031000
AMD,2025-08-28,168.5,170.99000549316406,166.64999389648438,168.5800018310547,168.5800018310547,36285200
AMD,2025-08-29,166.80999755859375,168.57000732421875,161.89999389648438,162.6300048828125,162.6300048828125,37516800
AMD,2025-09-02,158.4199981689453,162.38999938964844,156.6199951171875,162.32000732421875,162.32000732421875,38656100
AMD,2025-09-03,161.80999755859375,164.75,160.5800018310547,162.1300048828125,162.1300048828125,30752800
AMD,2025-09-04,159.94000244140625,162.0500030517578,157.7899932861328,161.7899932861328,161.7899932861328,32103500
AMD,2025-09-05,157.1199951171875,157.13999938964844,150.17999267578125,151.13999938964844,151.13999938964844,78256000
AMD,2025-09-08,151.8000030517578,152.63999938964844,149.22000122070312,151.41000366210938,151.41000366210938,41849000
AMD,2025-09-09,151.99000549316406,156.66000366210938,151.92999267578125,155.82000732421875,155.82000732421875,42802500
AMD,2025-09-10,163.5399932861328,164.52999877929688,158.0,159.5399932861328,159.5399932861328,52465300
AMD,2025-09-11,158.6199951171875,160.2100067138672,154.99000549316406,155.6699981689453,155.6699981689453,48817700
AMD,2025-09-12,157.0,160.41000366210938,154.9199981689453,158.57000732421875,158.57000732421875,42232800
AMD,2025-09-15,160.00999450683594,162.3000030517578,157.60000610351562,161.16000366210938,161.16000366210938,36808700
AMD,2025-09-16,161.3699951171875,161.9499969482422,159.22000122070312,160.4600067138672,160.4600067138672,27946500
AMD,2025-09-17,159.27999877929688,161.6300048828125,155.75999450683594,159.16000366210938,159.16000366210938,41823800
AMD,2025-09-18,150.9600067138672,158.77000427246094,149.85000610351562,157.9199981689453,157.9199981689453,84549500
AMD,2025-09-19,157.3800048828125,159.83999633789062,155.89999389648438,157.38999938964844,157.38999938964844,55448100
AMD,2025-09-22,157.4199981689453,162.67999267578125,157.4199981689453,159.7899932861328,159.7899932861328,46505500
AMD,2025-09-23,160.52000427246094,163.38999938964844,159.2100067138672,160.89999389648438,160.89999389648438,39448300
AMD,2025-09-24,162.97999572753906,165.10000610351562,158.42999267578125,160.8800048828125,160.8800048828125,38464100
AMD,2025-09-25,157.13999938964844,161.6300048828125,154.77999877929688,161.27000427246094,161.27000427246094,36809900
AMD,2025-09-26,160.52000427246094,162.11000061035156,157.0500030517578,159.4600067138672,159.4600067138672,30316900
AMD,2025-09-29,160.1199951171875,164.3000030517578,159.89999389648438,161.36000061035156,161.36000061035156,39828800
AMD,2025-09-30,160.7899932861328,162.27999877929688,159.3300018310547,161.7899932861328,161.7899932861328,29669300
AMD,2025-10-01,160.92999267578125,164.17999267578125,160.49000549316406,164.00999450683594,164.00999450683594,39895200
AMD,2025-10-02,168.67999267578125,171.05999755859375,166.1199951171875,169.72999572753906,169.72999572753906,55475200
AMD,2025-10-03,170.67999267578125,170.67999267578125,163.13999938964844,164.6699981689453,164.6699981689453,42699100
AMD,2025-10-06,226.4499969482422,226.7100067138672,203.00999450683594,203.7100067138672,203.7100067138672,248859600
AMD,2025-10-07,214.85000610351562,218.89999389648438,209.27999877929688,211.50999450683594,211.50999450683594,115748100
AMD,2025-10-08,212.9499969482422,235.8699951171875,210.6999969482422,235.55999755859375,235.55999755859375,159983500
AMD,2025-10-09,236.3000030517578,240.10000610351562,229.52999877929688,232.88999938964844,232.88999938964844,94290700
AMD,2025-10-10,232.77000427246094,234.22000122070312,213.1999969482422,214.89999389648438,214.89999389648438,118656600
AMD,2025-10-13,220.1999969482422,224.19000244140625,214.89999389648438,216.4199981689453,216.4199981689453,63104000
AMD,2025-10-14,219.1999969482422,224.97999572753906,215.89999389648438,218.08999633789062,218.08999633789062,71216300
AMD,2025-10-15,222.7100067138672,239.24000549316406,220.75999450683594,238.60000610351562,238.60000610351562,108481000
AMD,2025-10-16,236.2899932861328,241.1999969482422,232.24000549316406,234.55999755859375,234.55999755859375,69726400
AMD,2025-10-17,233.25999450683594,235.3800048828125,227.91000366210938,233.0800018310547,233.0800018310547,55804200
AMD,2025-10-20,236.47000122070312,242.8800048828125,234.39999389648438,240.55999755859375,240.55999755859375,56741700
AMD,2025-10-21,239.38999938964844,242.25999450683594,234.02000427246094,238.02999877929688,238.02999877929688,47122400
AMD,2025-10-22,236.85000610351562,240.1300048828125,224.8800048828125,230.22999572753906,230.22999572753906,59668800
AMD,2025-10-23,230.16000366210938,235.89999389648438,228.5399932861328,234.99000549316406,234.99000549316406,39024400
AMD,2025-10-24,243.36000061035156,253.38999938964844,241.9499969482422,252.9199981689453,252.9199981689453,71221100
AMD,2025-10-27,257.8800048828125,260.4200134277344,249.8000030517578,259.6700134277344,259.6700134277344,65613100
AMD,2025-10-28,259.1400146484375,264.5799865722656,257.0,258.010009765625,258.010009765625,47448700
AMD,2025-10-29,264.19000244140625,267.0799865722656,257.3999938964844,264.3299865722656,264.3299865722656,49335600
AMD,2025-10-30,259.9200134277344,263.8800048828125,252.30999755859375,254.83999633789062,254.83999633789062,45162500
AMD,2025-10-31,259.6000061035156,262.1300048828125,253.41000366210938,256.1199951171875,256.1199951171875,34449200
AMD,2025-11-03,259.3299865722656,260.9100036621094,253.88999938964844,259.6499938964844,259.6499938964844,36351400
AMD,2025-11-04,250.35000610351562,257.3800048828125,247.38999938964844,250.0500030517578,250.0500030517578,56491800
AMD,2025-11-05,243.24000549316406,259.6499938964844,242.80999755859375,256.3299865722656,256.3299865722656,67366600
AMD,2025-11-06,253.47000122070312,253.50999450683594,235.74000549316406,237.6999969482422,237.6999969482422,66049700
AMD,2025-11-07,230.94000244140625,235.8699951171875,224.63999938964844,233.5399932861328,233.5399932861328,52162600
AMD,2025-11-10,242.13999938964844,248.89999389648438,240.5,243.97999572753906,243.97999572753906,43361600
AMD,2025-11-11,241.66000366210938,248.4600067138672,234.63999938964844,237.52000427246094,237.52000427246094,61336800
AMD,2025-11-12,253.1300048828125,263.510009765625,250.0,258.8900146484375,258.8900146484375,108942000
AMD,2025-11-13,251.89999389648438,259.6300048828125,246.05999755859375,247.9600067138672,247.9600067138672,63178600
AMD,2025-11-14,240.11000061035156,253.44000244140625,235.0800018310547,246.80999755859375,246.80999755859375,47655600
AMD,2025-11-17,242.75,248.77000427246094,237.14999389648438,240.52000427246094,240.52000427246094,37942200
AMD,2025-11-18,236.77999877929688,238.0,224.7100067138672,230.2899932861328,230.2899932861328,45619900
AMD,2025-11-19,230.25999450683594,235.27999877929688,219.7100067138672,223.5500030517578,223.5500030517578,52093400
AMD,2025-11-20,232.6999969482422,234.25,204.52999877929688,206.02000427246094,206.02000427246094,66342900
AMD,2025-11-21,208.80999755859375,208.8300018310547,195.0,203.77999877929688,203.77999877929688,67421100
AMD,2025-11-24,207.16000366210938,217.1300048828125,205.85000610351562,215.0500030517578,215.0500030517578,46749600
AMD,2025-11-25,201.47999572753906,206.5800018310547,194.27999877929688,206.1300048828125,206.1300048828125,69773500
AMD,2025-11-26,210.0500030517578,215.58999633789062,207.0,214.24000549316406,214.24000549316406,43270200
AMD,2025-11-28,216.13999938964844,218.3000030517578,214.02000427246094,217.52999877929688,217.52999877929688,18658000
AMD,2025-12-01,213.8800048828125,220.97999572753906,213.5,219.75999450683594,219.75999450683594,30768700
AMD,2025-12-02,221.7899932861328,225.97999572753906,214.38999938964844,215.24000549316406,215.24000549316406,42002500
AMD,2025-12-03,216.25999450683594,218.1999969482422,211.77000427246094,217.60000610351562,217.60000610351562,28545200
AMD,2025-12-04,216.8800048828125,219.1199951171875,214.13999938964844,215.97999572753906,215.97999572753906,24478200
AMD,2025-12-05,217.1699981689453,223.63999938964844,216.24000549316406,217.97000122070312,217.97000122070312,33292400
AMD,2025-12-08,219.08999633789062,223.7100067138672,218.36000061035156,221.11000061035156,221.11000061035156,30943200
AMD,2025-12-09,221.0399932861328,224.83999633789062,217.91000366210938,221.6199951171875,221.6199951171875,25166100
AMD,2025-12-10,222.0,222.61000061035156,218.6699981689453,221.4199981689453,221.4199981689453,23279400
AMD,2025-12-11,217.80999755859375,221.5,210.19000244140625,221.42999267578125,221.42999267578125,30694600
AMD,2025-12-12,218.3699951171875,222.49000549316406,209.05999755859375,210.77999877929688,210.77999877929688,37073900
AMD,2025-12-15,212.27999877929688,215.36000061035156,206.5800018310547,207.5800018310547,207.5800018310547,27222200
AMD,2025-12-16,206.9199981689453,210.22000122070312,205.11000061035156,209.1699981689453,209.1699981689453,23467600
AMD,2025-12-17,210.0399932861328,211.5,197.52999877929688,198.11000061035156,198.11000061035156,31595400
AMD,2025-12-18,203.82000732421875,206.36000061035156,200.5,201.05999755859375,201.05999755859375,29720100
AMD,2025-12-19,204.60000610351562,215.17999267578125,204.1999969482422,213.42999267578125,213.42999267578125,58445500
AMD,2025-12-22,220.0,220.1699981689453,213.30999755859375,214.9499969482422,214.9499969482422,24950700
AMD,2025-12-23,212.86000061035156,217.02999877929688,212.27999877929688,214.89999389648438,214.89999389648438,20272300
AMD,2025-12-24,214.97999572753906,216.5399932861328,213.97000122070312,215.0399932861328,215.0399932861328,7956800
AMD,2025-12-26,215.42999267578125,216.8300018310547,213.02999877929688,214.99000549316406,214.99000549316406,15792600
AMD,2025-12-29,211.5800018310547,216.0500030517578,209.24000549316406,215.61000061035156,215.61000061035156,20326900
AMD,2025-12-30,215.8699951171875,216.82000732421875,214.3300018310547,215.33999633789062,215.33999633789062,16409600
AMD,2025-12-31,215.82000732421875,217.63999938964844,213.8000030517578,214.16000366210938,214.16000366210938,17591600
AMD,2026-01-02,218.89999389648438,227.14999389648438,218.89999389648438,223.47000122070312,223.47000122070312,36446200
AMD,2026-01-05,230.25,234.02000427246094,220.47999572753906,221.0800018310547,221.0800018310547,31941100
AMD,2026-01-06,222.7100067138672,222.9199981689453,211.25,214.35000610351562,214.35000610351562,40033200
AMD,2026-01-07,212.1300048828125,212.1300048828125,207.1699981689453,210.02000427246094,210.02000427246094,29715500
AMD,2026-01-08,210.89999389648438,210.94000244140625,203.3300018310547,204.67999267578125,204.67999267578125,27505000
AMD,2026-01-09,205.72000122070312,207.3000030517578,203.07000732421875,203.1699981689453,203.1699981689453,24217300
AMD,2026-01-12,201.17999267578125,209.8800048828125,199.8000030517578,207.69000244140625,207.69000244140625,27287300
AMD,2026-01-13,215.10000610351562,223.11000061035156,214.97999572753906,220.97000122070312,220.97000122070312,56894900
AMD,2026-01-14,217.5399932861328,224.08999633789062,215.11000061035156,223.60000610351562,223.60000610351562,40466500
AMD,2026-01-15,227.89999389648438,238.35000610351562,227.22000122070312,227.9199981689453,227.9199981689453,55270200
AMD,2026-01-16,234.3000030517578,234.49000549316406,228.86000061035156,231.8300018310547,231.8300018310547,42545600
AMD,2026-01-20,226.0800018310547,239.5,225.41000366210938,231.9199981689453,231.9199981689453,44327700
AMD,2026-01-21,235.99000549316406,252.89999389648438,235.77999877929688,249.8000030517578,249.8000030517578,62385600
AMD,2026-01-22,251.75,256.0799865722656,246.6300048828125,253.72999572753906,253.72999572753906,37945000
AMD,2026-01-23,261.17999267578125,266.9599914550781,256.25,259.67999267578125,259.67999267578125,47525900
AMD,2026-01-26,256.75,258.2900085449219,250.3000030517578,251.30999755859375,251.30999755859375,30672500
AMD,2026-01-27,252.16000366210938,255.5500030517578,247.9600067138672,252.02999877929688,252.02999877929688,25691600
AMD,2026-01-28,254.1300048828125,257.3999938964844,250.2100067138672,252.74000549316406,252.74000549316406,27061200
AMD,2026-01-29,254.66000366210938,260.5299987792969,240.91000366210938,252.17999267578125,252.17999267578125,31685200
AMD,2026-01-30,236.92999267578125,245.24000549316406,234.5500030517578,236.72999572753906,236.72999572753906,40035700
AMD,2026-02-02,235.77000427246094,249.97000122070312,235.0,246.27000427246094,246.27000427246094,36308100
AMD,2026-02-03,251.5500030517578,252.64999389648438,237.0399932861328,242.11000061035156,242.11000061035156,53097100
AMD,2026-02-04,215.0,218.5800018310547,199.14999389648438,200.19000244140625,200.19000244140625,107173300
AMD,2026-02-05,201.86000061035156,204.0399932861328,190.72000122070312,192.5,192.5,62196400
AMD,2026-02-06,197.1300048828125,209.27000427246094,196.42999267578125,208.44000244140625,208.44000244140625,54504500
AMD,2026-02-09,206.89999389648438,217.60000610351562,204.14999389648438,216.0,216.0,38810800
AMD,2026-02-10,215.13999938964844,219.38999938964844,213.1300048828125,213.57000732421875,213.57000732421875,25326700
AMD,2026-02-11,217.8800048828125,219.64999389648438,209.2100067138672,213.5800018310547,213.5800018310547,33384700
AMD,2026-02-12,215.8300018310547,218.4600067138672,205.13999938964844,205.94000244140625,205.94000244140625,32181000
AMD,2026-02-13,204.02000427246094,210.0500030517578,203.8800048828125,207.32000732421875,207.32000732421875,26123900
AMD,2026-02-17,202.14999389648438,205.3000030517578,194.8300018310547,203.0800018310547,203.0800018310547,33712100
AMD,2026-02-18,198.41000366210938,203.1999969482422,195.0,200.1199951171875,200.1199951171875,35664100
AMD,2026-02-19,200.11000061035156,204.10000610351562,198.2899932861328,203.3699951171875,203.3699951171875,25842300
AMD,2026-02-20,200.1199951171875,204.8699951171875,198.55999755859375,200.14999389648438,200.14999389648438,36317300
AMD,2026-02-23,198.08999633789062,199.3800048828125,194.14999389648438,196.60000610351562,196.60000610351562,28187900
AMD,2026-02-24,211.6300048828125,216.7100067138672,206.5,213.83999633789062,213.83999633789062,81367000
AMD,2026-02-25,214.82000732421875,216.6999969482422,210.3300018310547,210.86000061035156,210.86000061035156,44588100
AMD,2026-02-26,208.8000030517578,209.7899932861328,201.4600067138672,203.67999267578125,203.67999267578125,35020500
AMD,2026-02-27,200.11000061035156,201.88999938964844,197.74000549316406,200.2100067138672,200.2100067138672,31312400
AMD,2026-03-02,193.85000610351562,198.74000549316406,190.0,198.6199951171875,198.6199951171875,34120200
AMD,2026-03-03,191.4600067138672,193.63999938964844,188.22000122070312,190.9499969482422,190.9499969482422,37785700
AMD,2026-03-04,192.1199951171875,202.44000244140625,189.86000061035156,202.07000732421875,202.07000732421875,40912600
AMD,2026-03-05,197.77000427246094,203.7899932861328,194.8800048828125,199.4499969482422,199.4499969482422,36000700
AMD,2026-03-06,195.27000427246094,200.24000549316406,191.25,192.42999267578125,192.42999267578125,33913800
AMD,2026-03-09,189.36000061035156,202.97000122070312,189.02000427246094,202.67999267578125,202.67999267578125,38877200
AMD,2026-03-10,202.50999450683594,206.58999633789062,202.1999969482422,203.22999572753906,203.22999572753906,29139200
AMD,2026-03-11,205.11000061035156,209.2100067138672,203.6300048828125,204.8300018310547,204.8300018310547,23076400
AMD,2026-03-12,202.8300018310547,203.6199951171875,196.6699981689453,197.74000549316406,197.74000549316406,28886900
AMD,2026-03-13,198.11000061035156,199.67999267578125,192.27000427246094,193.38999938964844,193.38999938964844,27561900
AMD,2026-03-16,194.97999572753906,200.1699981689453,194.8000030517578,196.5800018310547,196.5800018310547,30285200
AMD,2026-03-17,196.67999267578125,199.2100067138672,195.25999450683594,196.30999755859375,196.30999755859375,22779700
AMD,2026-03-18,196.0,202.86000061035156,195.75,199.4600067138672,199.4600067138672,28569100
AMD,2026-03-19,195.02999877929688,205.8800048828125,192.8300018310547,205.27000427246094,205.27000427246094,32245300
AMD,2026-03-20,204.88999938964844,206.3000030517578,198.25999450683594,201.3300018310547,201.3300018310547,37265100
AMD,2026-03-23,206.39999389648438,209.11000061035156,201.7100067138672,202.67999267578125,202.67999267578125,31857800
AMD,2026-03-24,201.38999938964844,206.42999267578125,200.1300048828125,205.3699951171875,205.3699951171875,27258800
AMD,2026-03-25,211.50999450683594,221.3300018310547,211.50999450683594,220.27000427246094,220.27000427246094,48518300
AMD,2026-03-26,217.97999572753906,221.0,203.42999267578125,203.77000427246094,203.77000427246094,49213000
AMD,2026-03-27,201.77000427246094,203.27000427246094,197.69000244140625,201.99000549316406,201.99000549316406,29206600
AMD,2026-03-30,204.9499969482422,208.42999267578125,192.8699951171875,196.0399932861328,196.0399932861328,41053300
AMD,2026-03-31,198.0500030517578,204.0,196.41000366210938,203.42999267578125,203.42999267578125,42318700
AMD,2026-04-01,207.58999633789062,213.8300018310547,205.83999633789062,210.2100067138672,210.2100067138672,40835800
AMD,2026-04-02,204.0500030517578,217.77999877929688,200.6199951171875,217.5,217.5,38463500
AMD,2026-04-06,219.27999877929688,226.30999755859375,217.72999572753906,220.17999267578125,220.17999267578125,30786400
AMD,2026-04-07,218.25999450683594,222.10000610351562,215.3800048828125,221.52999877929688,221.52999877929688,26483000
AMD,2026-04-08,232.1199951171875,234.0,227.08999633789062,231.82000732421875,231.82000732421875,35496400
AMD,2026-04-09,233.00999450683594,237.10000610351562,230.91000366210938,236.63999938964844,236.63999938964844,27126200
AMD,2026-04-10,239.0,249.5800018310547,238.9600067138672,245.0399932861328,245.0399932861328,36477200
AMD,2026-04-13,245.02999877929688,247.3300018310547,242.02999877929688,246.8300018310547,246.8300018310547,22781800
AMD,2026-04-14,249.7899932861328,255.4600067138672,245.6999969482422,255.07000732421875,255.07000732421875,25733200
AMD,2026-04-15,254.9600067138672,258.17999267578125,251.85000610351562,258.1199951171875,258.1199951171875,24695200
AMD,2026-04-16,264.989990234375,279.3399963378906,261.510009765625,278.260009765625,278.260009765625,64850800
AMD,2026-04-17,281.0,281.04998779296875,274.1400146484375,278.3900146484375,278.3900146484375,35519900
AMD,2026-04-20,280.6000061035156,287.6099853515625,272.0,274.95001220703125,274.95001220703125,34833900
AMD,2026-04-21,277.3299865722656,286.20001220703125,276.6199951171875,284.489990234375,284.489990234375,38950900
AMD,2026-04-22,291.2200012207031,304.25,286.1400146484375,303.4599914550781,303.4599914550781,49054200
AMD,2026-04-23,302.010009765625,310.2200012207031,299.760009765625,305.3299865722656,305.3299865722656,45619700
AMD,2026-04-24,336.760009765625,352.989990234375,334.5400085449219,347.80999755859375,347.80999755859375,81616700
AMD,2026-04-27,346.32000732421875,349.2099914550781,328.80999755859375,334.6300048828125,334.6300048828125,50585300
AMD,2026-04-28,311.8599853515625,327.5,310.0,323.2099914550781,323.2099914550781,43002500
AMD,2026-04-29,326.5799865722656,340.1700134277344,318.8599853515625,337.1099853515625,337.1099853515625,44704400
AMD,2026-04-30,341.3599853515625,354.9599914550781,332.6000061035156,354.489990234375,354.489990234375,42115300
AMD,2026-05-01,351.8699951171875,362.7900085449219,349.25,360.5400085449219,360.5400085449219,34279200
AMD,2026-05-04,360.30999755859375,361.8500061035156,338.70001220703125,341.5400085449219,341.5400085449219,42000200
AMD,2026-05-05,351.510009765625,359.57000732421875,344.8800048828125,355.260009765625,355.260009765625,64235100
AMD,2026-05-06,409.489990234375,430.6000061035156,402.0400085449219,421.3900146484375,421.3900146484375,87732200
AMD,2026-05-07,417.07000732421875,421.7099914550781,401.0799865722656,408.4599914550781,408.4599914550781,44885500
AMD,2026-05-08,418.5899963378906,456.2900085449219,418.2900085449219,455.19000244140625,455.19000244140625,58134900
AMD,2026-05-11,460.54998779296875,469.2200012207031,450.8800048828125,458.7900085449219,458.7900085449219,46085400
AMD,2026-05-12,449.25,458.79998779296875,426.1099853515625,448.2900085449219,448.2900085449219,39140100
AMD,2026-05-13,457.0400085449219,459.5,432.6499938964844,445.5,445.5,30423400
AMD,2026-05-14,440.6000061035156,453.30999755859375,435.67999267578125,449.70001220703125,449.70001220703125,26113600
AMD,2026-05-15,433.3399963378906,439.0,423.3599853515625,424.1000061035156,424.1000061035156,29131600
AMD,2026-05-18,429.5,438.79998779296875,410.7099914550781,420.989990234375,420.989990234375,28432100
AMD,2026-05-19,412.6000061035156,428.75,393.3599853515625,414.04998779296875,414.04998779296875,38756900
AMD,2026-05-20,428.0400085449219,449.3900146484375,426.04998779296875,447.5799865722656,447.5799865722656,36137500
AMD,2026-05-21,441.989990234375,451.20001220703125,431.6000061035156,449.5899963378906,449.5899963378906,27252000
AMD,2026-05-22,469.8399963378906,481.4100036621094,461.7099914550781,467.510009765625,467.510009765625,34758600
AMD,2026-05-26,484.739990234375,506.9599914550781,480.2300109863281,503.8900146484375,503.8900146484375,38473800
AMD,2026-05-27,508.0,510.2099914550781,486.6600036621094,495.5400085449219,495.5400085449219,27589300
AMD,2026-05-28,499.0,527.2000122070312,493.5199890136719,518.0900268554688,518.0900268554688,31438500
AMD,2026-05-29,520.7999877929688,522.0,503.42999267578125,516.0999755859375,516.0999755859375,30803200
AMD,2026-06-01,500.1600036621094,517.5,486.79998779296875,510.1300048828125,510.1300048828125,33309200
AMD,2026-06-02,506.29998779296875,522.489990234375,501.2200012207031,521.5399780273438,521.5399780273438,24293200
AMD,2026-06-03,533.75,546.4400024414062,524.2999877929688,542.52001953125,542.52001953125,29411100
AMD,2026-06-04,514.75,532.1900024414062,499.8699951171875,523.2000122070312,523.2000122070312,29110000
AMD,2026-06-05,499.5299987792969,505.6199951171875,463.95001220703125,466.3800048828125,466.3800048828125,46900600
AMD,2026-06-08,485.0,494.9700012207031,477.7099914550781,490.3299865722656,490.3299865722656,25158800
AMD,2026-06-09,502.75,505.0,437.2300109863281,475.510009765625,475.510009765625,37799800
AMD,2026-06-10,467.9700012207031,477.45001220703125,448.3299865722656,452.3999938964844,452.3999938964844,27777400
AMD,2026-06-11,461.6000061035156,490.4599914550781,458.0199890136719,488.45001220703125,488.45001220703125,30463100
AMD,2026-06-12,499.69000244140625,521.7100219726562,494.0,511.57000732421875,511.57000732421875,31553100
AMD,2026-06-15,535.75,558.3699951171875,530.5,547.260009765625,547.260009765625,33482400
AMD,2026-06-16,546.8900146484375,548.9500122070312,507.25,507.2900085449219,507.2900085449219,28411700
AMD,2026-06-17,529.6599731445312,532.5,507.29998779296875,512.47998046875,512.47998046875,27085300
AMD,2026-06-18,531.5800170898438,539.6900024414062,526.3200073242188,537.3699951171875,537.3699951171875,43805600
AMZN,2025-05-30,204.83999633789062,205.99000549316406,201.6999969482422,205.00999450683594,205.00999450683594,51679400
AMZN,2025-06-02,204.97999572753906,207.0,202.67999267578125,206.64999389648438,206.64999389648438,29113300
AMZN,2025-06-03,207.11000061035156,208.9499969482422,205.02999877929688,205.7100067138672,205.7100067138672,33139100
AMZN,2025-06-04,206.5500030517578,208.17999267578125,205.17999267578125,207.22999572753906,207.22999572753906,29915600
AMZN,2025-06-05,209.5500030517578,212.80999755859375,207.55999755859375,207.91000366210938,207.91000366210938,51864200
AMZN,2025-06-06,212.39999389648438,213.8699951171875,210.5,213.57000732421875,213.57000732421875,39832500
AMZN,2025-06-09,214.75,217.85000610351562,212.8800048828125,216.97999572753906,216.97999572753906,38102500
AMZN,2025-06-10,216.77999877929688,217.69000244140625,214.14999389648438,217.61000061035156,217.61000061035156,31303300
AMZN,2025-06-11,217.41000366210938,218.39999389648438,212.88999938964844,213.1999969482422,213.1999969482422,39326000
AMZN,2025-06-12,211.77999877929688,213.5800018310547,211.3300018310547,213.24000549316406,213.24000549316406,27640000
AMZN,2025-06-13,209.9600067138672,214.0500030517578,209.6199951171875,212.10000610351562,212.10000610351562,29337800
AMZN,2025-06-16,212.30999755859375,217.05999755859375,211.60000610351562,216.10000610351562,216.10000610351562,33284200
AMZN,2025-06-17,215.1999969482422,217.41000366210938,214.55999755859375,214.82000732421875,214.82000732421875,32086300
AMZN,2025-06-18,215.08999633789062,217.9600067138672,212.33999633789062,212.52000427246094,212.52000427246094,44360500
AMZN,2025-06-20,214.67999267578125,214.88999938964844,208.27000427246094,209.69000244140625,209.69000244140625,75350700
AMZN,2025-06-23,209.7899932861328,210.38999938964844,207.30999755859375,208.47000122070312,208.47000122070312,37311700
AMZN,2025-06-24,212.13999938964844,214.33999633789062,211.0500030517578,212.77000427246094,212.77000427246094,38378800
AMZN,2025-06-25,214.6199951171875,216.02999877929688,211.11000061035156,211.99000549316406,211.99000549316406,31755700
AMZN,2025-06-26,213.1199951171875,218.0399932861328,212.00999450683594,217.1199951171875,217.1199951171875,50480800
AMZN,2025-06-27,219.9199981689453,223.3000030517578,216.74000549316406,223.3000030517578,223.3000030517578,119217100
AMZN,2025-06-30,223.52000427246094,223.82000732421875,219.1199951171875,219.38999938964844,219.38999938964844,58887800
AMZN,2025-07-01,219.5,221.8800048828125,217.92999267578125,220.4600067138672,220.4600067138672,39256800
AMZN,2025-07-02,219.72999572753906,221.60000610351562,219.05999755859375,219.9199981689453,219.9199981689453,30894200
AMZN,2025-07-03,221.82000732421875,224.00999450683594,221.36000061035156,223.41000366210938,223.41000366210938,29632400
AMZN,2025-07-07,223.0,224.2899932861328,222.3699951171875,223.47000122070312,223.47000122070312,36604100
AMZN,2025-07-08,223.9199981689453,224.0,218.42999267578125,219.36000061035156,219.36000061035156,45692000
AMZN,2025-07-09,221.07000732421875,224.2899932861328,220.47000122070312,222.5399932861328,222.5399932861328,38155100
AMZN,2025-07-10,221.5500030517578,222.7899932861328,219.6999969482422,222.25999450683594,222.25999450683594,30370600
AMZN,2025-07-11,223.5800018310547,226.67999267578125,222.3699951171875,225.02000427246094,225.02000427246094,50518300
AMZN,2025-07-14,225.07000732421875,226.66000366210938,224.24000549316406,225.69000244140625,225.69000244140625,35702600
AMZN,2025-07-15,226.1999969482422,227.27000427246094,225.4600067138672,226.35000610351562,226.35000610351562,34907300
AMZN,2025-07-16,225.8800048828125,226.10000610351562,222.17999267578125,223.19000244140625,223.19000244140625,39535900
AMZN,2025-07-17,223.32000732421875,224.5,222.50999450683594,223.8800048828125,223.8800048828125,31855800
AMZN,2025-07-18,225.13999938964844,226.39999389648438,222.97999572753906,226.1300048828125,226.1300048828125,37833800
AMZN,2025-07-21,225.83999633789062,229.69000244140625,225.64999389648438,229.3000030517578,229.3000030517578,40297600
AMZN,2025-07-22,229.67999267578125,230.0,226.35000610351562,227.47000122070312,227.47000122070312,37483700
AMZN,2025-07-23,228.47000122070312,228.7899932861328,227.08999633789062,228.2899932861328,228.2899932861328,28294900
AMZN,2025-07-24,229.1699981689453,236.0,228.63999938964844,232.22999572753906,232.22999572753906,42902300
AMZN,2025-07-25,232.22000122070312,232.47999572753906,231.17999267578125,231.44000244140625,231.44000244140625,28712100
AMZN,2025-07-28,233.35000610351562,234.2899932861328,232.25,232.7899932861328,232.7899932861328,26300100
AMZN,2025-07-29,234.14999389648438,234.72000122070312,230.30999755859375,231.00999450683594,231.00999450683594,33716200
AMZN,2025-07-30,231.63999938964844,231.8000030517578,229.2899932861328,230.19000244140625,230.19000244140625,32993300
AMZN,2025-07-31,235.77000427246094,236.52999877929688,231.39999389648438,234.11000061035156,234.11000061035156,104357300
AMZN,2025-08-01,217.2100067138672,220.44000244140625,212.8000030517578,214.75,214.75,122258800
AMZN,2025-08-04,217.39999389648438,217.44000244140625,211.4199981689453,211.64999389648438,211.64999389648438,77890100
AMZN,2025-08-05,213.0500030517578,216.3000030517578,212.8699951171875,213.75,213.75,51505100
AMZN,2025-08-06,214.6999969482422,222.64999389648438,213.74000549316406,222.30999755859375,222.30999755859375,54823000
AMZN,2025-08-07,221.0,226.22000122070312,220.82000732421875,223.1300048828125,223.1300048828125,40603500
AMZN,2025-08-08,223.13999938964844,223.8000030517578,221.8800048828125,222.69000244140625,222.69000244140625,32970500
AMZN,2025-08-11,221.77999877929688,223.0500030517578,220.39999389648438,221.3000030517578,221.3000030517578,31646200
AMZN,2025-08-12,222.22999572753906,223.5,219.0500030517578,221.47000122070312,221.47000122070312,37185800
AMZN,2025-08-13,222.0,224.9199981689453,222.0,224.55999755859375,224.55999755859375,36508300
AMZN,2025-08-14,227.39999389648438,233.11000061035156,227.02000427246094,230.97999572753906,230.97999572753906,61545800
AMZN,2025-08-15,232.5800018310547,234.0800018310547,229.80999755859375,231.02999877929688,231.02999877929688,39649200
AMZN,2025-08-18,230.22999572753906,231.91000366210938,228.3300018310547,231.49000549316406,231.49000549316406,25248900
AMZN,2025-08-19,230.08999633789062,230.52999877929688,227.1199951171875,228.00999450683594,228.00999450683594,29891000
AMZN,2025-08-20,227.1199951171875,227.27000427246094,220.9199981689453,223.80999755859375,223.80999755859375,36604300
AMZN,2025-08-21,222.64999389648438,222.77999877929688,220.5,221.9499969482422,221.9499969482422,32140500
AMZN,2025-08-22,222.7899932861328,229.13999938964844,220.82000732421875,228.83999633789062,228.83999633789062,37315300
AMZN,2025-08-25,227.35000610351562,229.60000610351562,227.30999755859375,227.94000244140625,227.94000244140625,22633700
AMZN,2025-08-26,227.11000061035156,229.0,226.02000427246094,228.7100067138672,228.7100067138672,26105400
AMZN,2025-08-27,228.57000732421875,229.8699951171875,227.80999755859375,229.1199951171875,229.1199951171875,21254500
AMZN,2025-08-28,229.00999450683594,232.7100067138672,228.02000427246094,231.60000610351562,231.60000610351562,33679600
AMZN,2025-08-29,231.32000732421875,231.80999755859375,228.16000366210938,229.0,229.0,26199200
AMZN,2025-09-02,223.52000427246094,226.1699981689453,221.8300018310547,225.33999633789062,225.33999633789062,38843900
AMZN,2025-09-03,225.2100067138672,227.1699981689453,224.36000061035156,225.99000549316406,225.99000549316406,29223100
AMZN,2025-09-04,231.19000244140625,235.77000427246094,230.77999877929688,235.67999267578125,235.67999267578125,59391800
AMZN,2025-09-05,235.19000244140625,236.0,231.92999267578125,232.3300018310547,232.3300018310547,36721800
AMZN,2025-09-08,234.94000244140625,237.60000610351562,233.75,235.83999633789062,235.83999633789062,33947100
AMZN,2025-09-09,236.36000061035156,238.85000610351562,235.0800018310547,238.24000549316406,238.24000549316406,27033800
AMZN,2025-09-10,237.52000427246094,237.67999267578125,229.10000610351562,230.3300018310547,230.3300018310547,60907700
AMZN,2025-09-11,231.49000549316406,231.52999877929688,229.33999633789062,229.9499969482422,229.9499969482422,37485600
AMZN,2025-09-12,230.35000610351562,230.7899932861328,226.2899932861328,228.14999389648438,228.14999389648438,38496200
AMZN,2025-09-15,230.6300048828125,233.72999572753906,230.32000732421875,231.42999267578125,231.42999267578125,33243300
AMZN,2025-09-16,232.94000244140625,235.89999389648438,232.22999572753906,234.0500030517578,234.0500030517578,38203900
AMZN,2025-09-17,233.77000427246094,234.3000030517578,228.7100067138672,231.6199951171875,231.6199951171875,42815200
AMZN,2025-09-18,232.5,233.47999572753906,228.7899932861328,231.22999572753906,231.22999572753906,37931700
AMZN,2025-09-19,232.3699951171875,234.16000366210938,229.6999969482422,231.47999572753906,231.47999572753906,97943200
AMZN,2025-09-22,230.55999755859375,230.57000732421875,227.50999450683594,227.6300048828125,227.6300048828125,45914500
AMZN,2025-09-23,227.8300018310547,227.86000061035156,220.07000732421875,220.7100067138672,220.7100067138672,70956200
AMZN,2025-09-24,224.14999389648438,224.55999755859375,219.4499969482422,220.2100067138672,220.2100067138672,49509000
AMZN,2025-09-25,220.05999755859375,220.6699981689453,216.47000122070312,218.14999389648438,218.14999389648438,52226300
AMZN,2025-09-26,219.0800018310547,221.0500030517578,218.02000427246094,219.77999877929688,219.77999877929688,41650100
AMZN,2025-09-29,220.0800018310547,222.60000610351562,219.3000030517578,222.1699981689453,222.1699981689453,44259200
AMZN,2025-09-30,222.02999877929688,222.24000549316406,217.88999938964844,219.57000732421875,219.57000732421875,48396400
AMZN,2025-10-01,217.36000061035156,222.14999389648438,216.61000061035156,220.6300048828125,220.6300048828125,43933800
AMZN,2025-10-02,221.00999450683594,222.80999755859375,218.9499969482422,222.41000366210938,222.41000366210938,41258600
AMZN,2025-10-03,223.44000244140625,224.1999969482422,219.33999633789062,219.50999450683594,219.50999450683594,43639000
AMZN,2025-10-06,221.0,221.72999572753906,216.02999877929688,220.89999389648438,220.89999389648438,43690900
AMZN,2025-10-07,220.8800048828125,222.88999938964844,220.1699981689453,221.77999877929688,221.77999877929688,31194700
AMZN,2025-10-08,222.9199981689453,226.72999572753906,221.19000244140625,225.22000122070312,225.22000122070312,46686000
AMZN,2025-10-09,225.0,228.2100067138672,221.75,227.74000549316406,227.74000549316406,46412100
AMZN,2025-10-10,226.2100067138672,228.25,216.0,216.3699951171875,216.3699951171875,72367500
AMZN,2025-10-13,217.6999969482422,220.67999267578125,217.0399932861328,220.07000732421875,220.07000732421875,37809700
AMZN,2025-10-14,215.55999755859375,219.32000732421875,212.60000610351562,216.38999938964844,216.38999938964844,45665600
AMZN,2025-10-15,216.6199951171875,217.7100067138672,212.66000366210938,215.57000732421875,215.57000732421875,45909500
AMZN,2025-10-16,215.6699981689453,218.58999633789062,212.80999755859375,214.47000122070312,214.47000122070312,42414600
AMZN,2025-10-17,214.55999755859375,214.8000030517578,211.02999877929688,213.0399932861328,213.0399932861328,45986900
AMZN,2025-10-20,213.8800048828125,216.69000244140625,213.58999633789062,216.47999572753906,216.47999572753906,38882800
AMZN,2025-10-21,218.42999267578125,223.32000732421875,217.99000549316406,222.02999877929688,222.02999877929688,50494600
AMZN,2025-10-22,219.3000030517578,220.00999450683594,216.52000427246094,217.9499969482422,217.9499969482422,44308500
AMZN,2025-10-23,219.0,221.3000030517578,218.17999267578125,221.08999633789062,221.08999633789062,31540000
AMZN,2025-10-24,221.97000122070312,225.39999389648438,221.89999389648438,224.2100067138672,224.2100067138672,38685100
AMZN,2025-10-27,227.66000366210938,228.39999389648438,225.5399932861328,226.97000122070312,226.97000122070312,38267000
AMZN,2025-10-28,228.22000122070312,231.49000549316406,226.2100067138672,229.25,229.25,47100000
AMZN,2025-10-29,231.6699981689453,232.82000732421875,227.75999450683594,230.3000030517578,230.3000030517578,52036200
AMZN,2025-10-30,227.05999755859375,228.44000244140625,222.75,222.86000061035156,222.86000061035156,102252900
AMZN,2025-10-31,250.10000610351562,250.5,243.97999572753906,244.22000122070312,244.22000122070312,166340800
AMZN,2025-11-03,255.36000061035156,258.6000061035156,252.89999389648438,254.0,254.0,95997800
AMZN,2025-11-04,250.3800048828125,257.010009765625,248.66000366210938,249.32000732421875,249.32000732421875,51546300
AMZN,2025-11-05,249.02999877929688,251.0,246.16000366210938,250.1999969482422,250.1999969482422,40610700
AMZN,2025-11-06,249.16000366210938,250.3800048828125,242.1699981689453,243.0399932861328,243.0399932861328,46004200
AMZN,2025-11-07,242.89999389648438,244.89999389648438,238.49000549316406,244.41000366210938,244.41000366210938,46374300
AMZN,2025-11-10,248.33999633789062,251.75,245.58999633789062,248.39999389648438,248.39999389648438,36476500
AMZN,2025-11-11,248.41000366210938,249.75,247.22999572753906,249.10000610351562,249.10000610351562,23564100
AMZN,2025-11-12,250.24000549316406,250.3699951171875,243.75,244.1999969482422,244.1999969482422,31190100
AMZN,2025-11-13,243.0500030517578,243.75,236.5,237.5800018310547,237.5800018310547,41401700
AMZN,2025-11-14,235.05999755859375,238.72999572753906,232.88999938964844,234.69000244140625,234.69000244140625,38956700
AMZN,2025-11-17,233.25,234.60000610351562,229.19000244140625,232.8699951171875,232.8699951171875,59919000
AMZN,2025-11-18,228.10000610351562,230.1999969482422,222.4199981689453,222.5500030517578,222.5500030517578,60608400
AMZN,2025-11-19,223.74000549316406,223.74000549316406,218.52000427246094,222.69000244140625,222.69000244140625,58335600
AMZN,2025-11-20,227.0500030517578,227.41000366210938,216.74000549316406,217.13999938964844,217.13999938964844,50309000
AMZN,2025-11-21,216.35000610351562,222.2100067138672,215.17999267578125,220.69000244140625,220.69000244140625,68490500
AMZN,2025-11-24,222.55999755859375,227.3300018310547,222.27000427246094,226.27999877929688,226.27999877929688,54318400
AMZN,2025-11-25,226.3800048828125,230.52000427246094,223.8000030517578,229.6699981689453,229.6699981689453,39379300
AMZN,2025-11-26,230.74000549316406,231.75,228.77000427246094,229.16000366210938,229.16000366210938,38497900
AMZN,2025-11-28,231.24000549316406,233.2899932861328,230.22000122070312,233.22000122070312,233.22000122070312,20292300
AMZN,2025-12-01,233.22000122070312,235.8000030517578,232.25,233.8800048828125,233.8800048828125,42904000
AMZN,2025-12-02,235.00999450683594,238.97000122070312,233.5500030517578,234.4199981689453,234.4199981689453,45785400
AMZN,2025-12-03,233.35000610351562,233.3800048828125,230.61000061035156,232.3800048828125,232.3800048828125,35495100
AMZN,2025-12-04,232.77000427246094,233.5,226.8000030517578,229.11000061035156,229.11000061035156,45683200
AMZN,2025-12-05,230.32000732421875,231.24000549316406,228.5500030517578,229.52999877929688,229.52999877929688,33117400
AMZN,2025-12-08,229.58999633789062,230.8300018310547,226.27000427246094,226.88999938964844,226.88999938964844,35019200
AMZN,2025-12-09,226.83999633789062,228.57000732421875,225.11000061035156,227.9199981689453,227.9199981689453,25841700
AMZN,2025-12-10,228.80999755859375,232.4199981689453,228.4600067138672,231.77999877929688,231.77999877929688,38790700
AMZN,2025-12-11,230.7100067138672,232.11000061035156,228.69000244140625,230.27999877929688,230.27999877929688,28249600
AMZN,2025-12-12,229.8699951171875,230.0800018310547,225.1199951171875,226.19000244140625,226.19000244140625,35639100
AMZN,2025-12-15,227.92999267578125,227.92999267578125,221.5,222.5399932861328,222.5399932861328,47286100
AMZN,2025-12-16,223.0399932861328,223.66000366210938,221.1300048828125,222.55999755859375,222.55999755859375,39298900
AMZN,2025-12-17,224.66000366210938,225.19000244140625,220.99000549316406,221.27000427246094,221.27000427246094,44034400
AMZN,2025-12-18,225.7100067138672,229.22999572753906,224.41000366210938,226.75999450683594,226.75999450683594,50272400
AMZN,2025-12-19,226.75999450683594,229.1300048828125,225.5800018310547,227.35000610351562,227.35000610351562,85544400
AMZN,2025-12-22,228.61000061035156,229.47999572753906,226.7100067138672,228.42999267578125,228.42999267578125,32261300
AMZN,2025-12-23,229.05999755859375,232.4499969482422,228.72999572753906,232.13999938964844,232.13999938964844,29230200
AMZN,2025-12-24,232.1300048828125,232.9499969482422,231.3300018310547,232.3800048828125,232.3800048828125,11420500
AMZN,2025-12-26,232.0399932861328,232.99000549316406,231.17999267578125,232.52000427246094,232.52000427246094,15994700
AMZN,2025-12-29,231.94000244140625,232.60000610351562,230.77000427246094,232.07000732421875,232.07000732421875,19797900
AMZN,2025-12-30,231.2100067138672,232.77000427246094,230.1999969482422,232.52999877929688,232.52999877929688,21910500
AMZN,2025-12-31,232.91000366210938,232.99000549316406,230.1199951171875,230.82000732421875,230.82000732421875,24383700
AMZN,2026-01-02,231.33999633789062,235.4600067138672,224.6999969482422,226.5,226.5,51456200
AMZN,2026-01-05,228.83999633789062,234.0,227.17999267578125,233.05999755859375,233.05999755859375,49733300
AMZN,2026-01-06,232.10000610351562,243.17999267578125,232.07000732421875,240.92999267578125,240.92999267578125,53764700
AMZN,2026-01-07,239.61000061035156,245.2899932861328,239.52000427246094,241.55999755859375,241.55999755859375,42236500
AMZN,2026-01-08,243.05999755859375,246.41000366210938,241.8800048828125,246.2899932861328,246.2899932861328,39509800
AMZN,2026-01-09,244.57000732421875,247.86000061035156,242.24000549316406,247.3800048828125,247.3800048828125,34560000
AMZN,2026-01-12,246.72999572753906,248.94000244140625,245.9600067138672,246.47000122070312,246.47000122070312,35867800
AMZN,2026-01-13,246.52999877929688,247.66000366210938,240.25,242.60000610351562,242.60000610351562,38371800
AMZN,2026-01-14,241.14999389648438,241.27999877929688,236.22000122070312,236.64999389648438,236.64999389648438,41410600
AMZN,2026-01-15,239.30999755859375,240.64999389648438,236.6300048828125,238.17999267578125,238.17999267578125,43003600
AMZN,2026-01-16,239.08999633789062,239.57000732421875,236.41000366210938,239.1199951171875,239.1199951171875,45888300
AMZN,2026-01-20,233.75999450683594,235.08999633789062,229.33999633789062,231.0,231.0,47737900
AMZN,2026-01-21,231.08999633789062,232.3000030517578,226.8800048828125,231.30999755859375,231.30999755859375,47276100
AMZN,2026-01-22,234.0500030517578,235.72000122070312,230.89999389648438,234.33999633789062,234.33999633789062,31913300
AMZN,2026-01-23,234.9600067138672,240.4499969482422,234.57000732421875,239.16000366210938,239.16000366210938,33778500
AMZN,2026-01-26,239.97999572753906,240.9499969482422,237.5399932861328,238.4199981689453,238.4199981689453,32825500
AMZN,2026-01-27,239.69000244140625,244.8800048828125,238.0800018310547,244.67999267578125,244.67999267578125,38029200
AMZN,2026-01-28,246.3699951171875,247.77999877929688,241.52999877929688,243.00999450683594,243.00999450683594,40882700
AMZN,2026-01-29,242.82000732421875,243.0,236.74000549316406,241.72999572753906,241.72999572753906,47229600
AMZN,2026-01-30,239.88999938964844,243.32000732421875,237.63999938964844,239.3000030517578,239.3000030517578,46585000
AMZN,2026-02-02,238.30999755859375,245.6300048828125,238.1699981689453,242.9600067138672,242.9600067138672,37546100
AMZN,2026-02-03,244.97999572753906,246.35000610351562,235.4499969482422,238.6199951171875,238.6199951171875,53831300
AMZN,2026-02-04,238.86000061035156,238.86000061035156,231.82000732421875,232.99000549316406,232.99000549316406,51299900
AMZN,2026-02-05,224.91000366210938,226.30999755859375,220.3800048828125,222.69000244140625,222.69000244140625,103509200
AMZN,2026-02-06,202.6999969482422,211.44000244140625,200.30999755859375,210.32000732421875,210.32000732421875,179210900
AMZN,2026-02-09,208.97000122070312,212.80999755859375,203.35000610351562,208.72000122070312,208.72000122070312,91178400
AMZN,2026-02-10,208.8000030517578,212.64999389648438,206.41000366210938,206.9600067138672,206.9600067138672,67175000
AMZN,2026-02-11,208.05999755859375,208.57000732421875,202.49000549316406,204.0800018310547,204.0800018310547,65545500
AMZN,2026-02-12,203.9600067138672,203.9600067138672,197.55999755859375,199.60000610351562,199.60000610351562,83975400
AMZN,2026-02-13,198.8800048828125,201.16000366210938,197.27999877929688,198.7899932861328,198.7899932861328,66321600
AMZN,2026-02-17,198.1300048828125,201.74000549316406,196.0,201.14999389648438,201.14999389648438,69879200
AMZN,2026-02-18,202.07000732421875,206.86000061035156,201.50999450683594,204.7899932861328,204.7899932861328,51003300
AMZN,2026-02-19,203.8000030517578,205.63999938964844,202.80999755859375,204.86000061035156,204.86000061035156,35669600
AMZN,2026-02-20,204.75999450683594,211.1699981689453,203.75,210.11000061035156,210.11000061035156,65881600
AMZN,2026-02-23,208.10000610351562,208.42999267578125,203.11000061035156,205.27000427246094,205.27000427246094,53581500
AMZN,2026-02-24,205.47000122070312,210.36000061035156,203.25,208.55999755859375,208.55999755859375,41137200
AMZN,2026-02-25,210.4600067138672,211.58999633789062,208.92999267578125,210.63999938964844,210.63999938964844,41346400
AMZN,2026-02-26,210.72999572753906,211.0500030517578,205.35000610351562,207.9199981689453,207.9199981689453,47756800
AMZN,2026-02-27,206.8300018310547,210.3300018310547,205.1999969482422,210.0,210.0,57422800
AMZN,2026-03-02,204.5500030517578,209.72999572753906,203.4600067138672,208.38999938964844,208.38999938964844,46001000
AMZN,2026-03-03,203.10000610351562,209.17999267578125,202.47999572753906,208.72999572753906,208.72999572753906,43184900
AMZN,2026-03-04,210.47000122070312,217.5399932861328,210.14999389648438,216.82000732421875,216.82000732421875,54731100
AMZN,2026-03-05,215.97999572753906,220.47000122070312,215.58999633789062,218.94000244140625,218.94000244140625,60943400
AMZN,2026-03-06,214.99000549316406,217.32000732421875,212.52999877929688,213.2100067138672,213.2100067138672,51152700
AMZN,2026-03-09,210.4499969482422,213.82000732421875,207.11000061035156,213.49000549316406,213.49000549316406,54642900
AMZN,2026-03-10,214.19000244140625,215.64999389648438,212.42999267578125,214.3300018310547,214.3300018310547,35678800
AMZN,2026-03-11,215.7100067138672,217.0,211.35000610351562,212.64999389648438,212.64999389648438,34199300
AMZN,2026-03-12,210.38999938964844,211.7100067138672,208.14999389648438,209.52999877929688,209.52999877929688,44349500
AMZN,2026-03-13,209.61000061035156,210.55999755859375,206.22000122070312,207.6699981689453,207.6699981689453,35662100
AMZN,2026-03-16,208.35000610351562,212.72000122070312,207.4499969482422,211.74000549316406,211.74000549316406,42209300
AMZN,2026-03-17,212.82000732421875,215.6999969482422,212.42999267578125,215.1999969482422,215.1999969482422,44969900
AMZN,2026-03-18,213.92999267578125,215.13999938964844,208.8300018310547,209.8699951171875,209.8699951171875,37846600
AMZN,2026-03-19,207.05999755859375,209.1199951171875,206.0500030517578,208.75999450683594,208.75999450683594,36440600
AMZN,2026-03-20,207.39999389648438,207.5399932861328,204.32000732421875,205.3699951171875,205.3699951171875,63694600
AMZN,2026-03-23,209.7899932861328,212.8000030517578,209.50999450683594,210.13999938964844,210.13999938964844,44277400
AMZN,2026-03-24,207.9499969482422,209.35000610351562,206.63999938964844,207.24000549316406,207.24000549316406,35351400
AMZN,2026-03-25,211.55999755859375,213.07000732421875,209.89999389648438,211.7100067138672,211.7100067138672,36388800
AMZN,2026-03-26,210.61000061035156,212.88999938964844,207.1199951171875,207.5399932861328,207.5399932861328,46746000
AMZN,2026-03-27,206.4600067138672,206.60000610351562,199.13999938964844,199.33999633789062,199.33999633789062,56009800
AMZN,2026-03-30,201.47999572753906,203.8000030517578,199.97999572753906,200.9499969482422,200.9499969482422,46373800
AMZN,2026-03-31,204.85000610351562,210.27999877929688,204.13999938964844,208.27000427246094,208.27000427246094,58470100
AMZN,2026-04-01,210.44000244140625,213.5800018310547,208.19000244140625,210.57000732421875,210.57000732421875,45955400
AMZN,2026-04-02,206.5399932861328,212.2100067138672,204.89999389648438,209.77000427246094,209.77000427246094,31453000
AMZN,2026-04-06,209.8000030517578,212.9499969482422,209.58999633789062,212.7899932861328,212.7899932861328,25385500
AMZN,2026-04-07,211.24000549316406,213.97000122070312,209.0800018310547,213.77000427246094,213.77000427246094,28154600
AMZN,2026-04-08,223.7899932861328,226.10000610351562,219.6199951171875,221.25,221.25,51092700
AMZN,2026-04-09,225.22999572753906,233.8000030517578,223.27000427246094,233.64999389648438,233.64999389648438,65964200
AMZN,2026-04-10,235.3000030517578,240.42999267578125,235.2100067138672,238.3800048828125,238.3800048828125,56912800
AMZN,2026-04-13,237.4499969482422,240.0,235.75,239.88999938964844,239.88999938964844,42166200
AMZN,2026-04-14,241.77999877929688,252.17999267578125,241.77999877929688,249.02000427246094,249.02000427246094,72685000
AMZN,2026-04-15,249.25,250.44000244140625,247.1999969482422,248.5,248.5,43045200
AMZN,2026-04-16,248.50999450683594,250.0,244.1999969482422,249.6999969482422,249.6999969482422,41895700
AMZN,2026-04-17,254.99000549316406,256.17999267578125,250.11000061035156,250.55999755859375,250.55999755859375,52029300
AMZN,2026-04-20,249.19000244140625,250.17999267578125,245.3699951171875,248.27999877929688,248.27999877929688,39463100
AMZN,2026-04-21,255.08999633789062,255.08999633789062,249.10000610351562,249.91000366210938,249.91000366210938,42922400
AMZN,2026-04-22,252.44000244140625,255.94000244140625,250.3300018310547,255.36000061035156,255.36000061035156,36065100
AMZN,2026-04-23,255.38999938964844,258.7900085449219,253.07000732421875,255.0800018310547,255.0800018310547,39091400
AMZN,2026-04-24,259.9800109863281,264.5,257.69000244140625,263.989990234375,263.989990234375,53777400
AMZN,2026-04-27,263.4599914550781,264.1499938964844,260.3399963378906,261.1199951171875,261.1199951171875,44906800
AMZN,2026-04-28,258.3900146484375,261.0299987792969,256.6300048828125,259.70001220703125,259.70001220703125,42204400
AMZN,2026-04-29,257.989990234375,265.9100036621094,257.70001220703125,263.0400085449219,263.0400085449219,72367900
AMZN,2026-04-30,273.1700134277344,273.8800048828125,256.1600036621094,265.05999755859375,265.05999755859375,100974900
AMZN,2026-05-01,265.5799865722656,273.32000732421875,262.739990234375,268.260009765625,268.260009765625,50825200
AMZN,2026-05-04,268.79998779296875,276.1000061035156,268.79998779296875,272.04998779296875,272.04998779296875,49083700
AMZN,2026-05-05,276.0799865722656,278.55999755859375,272.3800048828125,273.54998779296875,273.54998779296875,41908500
AMZN,2026-05-06,272.8900146484375,277.79998779296875,272.2099914550781,274.989990234375,274.989990234375,44552000
AMZN,2026-05-07,275.0199890136719,276.6300048828125,270.489990234375,271.1700134277344,271.1700134277344,35892900
AMZN,2026-05-08,271.6300048828125,274.0,269.95001220703125,272.67999267578125,272.67999267578125,34732700
AMZN,2026-05-11,269.8399963378906,273.6300048828125,268.4800109863281,268.989990234375,268.989990234375,38176700
AMZN,2026-05-12,266.7099914550781,267.6499938964844,262.6300048828125,265.82000732421875,265.82000732421875,36776200
AMZN,2026-05-13,264.42999267578125,270.7200012207031,263.20001220703125,270.1300048828125,270.1300048828125,39670900
AMZN,2026-05-14,269.1499938964844,270.7799987792969,266.6300048828125,267.2200012207031,267.2200012207031,31338400
AMZN,2026-05-15,262.5,264.3599853515625,260.8900146484375,264.1400146484375,264.1400146484375,40770300
AMZN,2026-05-18,263.8699951171875,268.8500061035156,262.5299987792969,264.8599853515625,264.8599853515625,33690800
AMZN,2026-05-19,262.0400085449219,262.25,255.19000244140625,259.3399963378906,259.3399963378906,40340700
AMZN,2026-05-20,260.04998779296875,265.5799865722656,259.5299987792969,265.010009765625,265.010009765625,34933200
AMZN,2026-05-21,263.5,269.489990234375,261.3699951171875,268.4599914550781,268.4599914550781,36591700
AMZN,2026-05-22,268.6600036621094,269.7900085449219,266.239990234375,266.32000732421875,266.32000732421875,27535500
AMZN,2026-05-26,267.94000244140625,269.29998779296875,262.07000732421875,265.2900085449219,265.2900085449219,38028100
AMZN,2026-05-27,266.1499938964844,272.4100036621094,265.70001220703125,271.8500061035156,271.8500061035156,40061900
AMZN,2026-05-28,272.2699890136719,274.5,267.44000244140625,274.0,274.0,40630400
AMZN,2026-05-29,271.2900085449219,274.75,269.6400146484375,270.6400146484375,270.6400146484375,54749600
AMZN,2026-06-01,266.2900085449219,266.6300048828125,260.70001220703125,261.260009765625,261.260009765625,53604400
AMZN,2026-06-02,257.1600036621094,261.20001220703125,254.3699951171875,256.5199890136719,256.5199890136719,41811000
AMZN,2026-06-03,254.6999969482422,257.0899963378906,247.7100067138672,250.02000427246094,250.02000427246094,51394200
AMZN,2026-06-04,253.1199951171875,255.8300018310547,251.75,253.7899932861328,253.7899932861328,35609800
AMZN,2026-06-05,254.25999450683594,256.3800048828125,245.77999877929688,246.02999877929688,246.02999877929688,55607800
AMZN,2026-06-08,246.67999267578125,249.4199981689453,243.36000061035156,245.22000122070312,245.22000122070312,33899500
AMZN,2026-06-09,247.72999572753906,250.42999267578125,240.39999389648438,244.19000244140625,244.19000244140625,44425400
AMZN,2026-06-10,243.61000061035156,244.07000732421875,237.4499969482422,238.0,238.0,38590200
AMZN,2026-06-11,237.92999267578125,242.13999938964844,235.17999267578125,241.50999450683594,241.50999450683594,41335400
AMZN,2026-06-12,243.2100067138672,243.36000061035156,233.58999633789062,238.5500030517578,238.5500030517578,51186600
AMZN,2026-06-15,245.02000427246094,247.80999755859375,244.72999572753906,246.02000427246094,246.02000427246094,41711600
AMZN,2026-06-16,248.0,249.50999450683594,245.4499969482422,246.0,246.0,35187400
AMZN,2026-06-17,244.89999389648438,245.91000366210938,236.0,237.5,237.5,44780800
AMZN,2026-06-18,240.1199951171875,245.72999572753906,236.02000427246094,244.38999938964844,244.38999938964844,75624400
AVGO,2025-05-30,241.22000122070312,243.1699981689453,234.89999389648438,242.07000732421875,240.12437438964844,27088600
AVGO,2025-06-02,243.25,250.0,243.19000244140625,248.7100067138672,246.7110137939453,19197000
AVGO,2025-06-03,250.0800018310547,257.8800048828125,249.39999389648438,256.8500061035156,254.78561401367188,30380200
AVGO,2025-06-04,258.05999755859375,265.42999267578125,257.5899963378906,261.0799865722656,258.9815979003906,31536000
AVGO,2025-06-05,262.95001220703125,264.8900146484375,259.05999755859375,259.92999267578125,257.8408203125,41970900
AVGO,2025-06-06,251.13999938964844,255.32000732421875,246.1300048828125,246.92999267578125,244.94529724121094,41146700
AVGO,2025-06-09,245.0500030517578,248.1699981689453,241.11000061035156,244.27999877929688,242.31661987304688,25334100
AVGO,2025-06-10,244.22000122070312,246.27999877929688,241.39999389648438,244.6300048828125,242.66380310058594,25491300
AVGO,2025-06-11,246.36000061035156,254.77000427246094,243.8000030517578,252.91000366210938,250.87725830078125,24599000
AVGO,2025-06-12,250.19000244140625,257.8900146484375,249.5,256.07000732421875,254.01185607910156,20410900
AVGO,2025-06-13,250.66000366210938,254.0,248.35000610351562,248.6999969482422,246.70111083984375,19028400
AVGO,2025-06-16,250.35000610351562,255.19000244140625,249.57000732421875,252.10000610351562,250.07376098632812,20363000
AVGO,2025-06-17,250.9499969482422,253.9600067138672,247.9199981689453,249.3699951171875,247.36570739746094,22014300
AVGO,2025-06-18,250.88999938964844,255.63999938964844,249.41000366210938,251.25999450683594,249.24050903320312,30435500
AVGO,2025-06-20,253.2100067138672,253.52000427246094,244.1699981689453,249.99000549316406,248.5644073486328,42134900
AVGO,2025-06-23,249.11000061035156,254.2100067138672,246.4600067138672,253.77000427246094,252.32284545898438,19747000
AVGO,2025-06-24,258.7699890136719,265.8699951171875,258.7699890136719,263.7699890136719,262.2658386230469,32764900
AVGO,2025-06-25,266.0,269.8699951171875,263.42999267578125,264.6499938964844,263.14080810546875,18894200
AVGO,2025-06-26,265.0799865722656,271.6700134277344,264.1300048828125,270.1700134277344,268.6293029785156,23569600
AVGO,2025-06-27,270.29998779296875,271.8500061035156,266.8800048828125,269.3500061035156,267.81402587890625,27477600
AVGO,2025-06-30,274.7300109863281,277.7099914550781,272.1300048828125,275.6499938964844,274.0780334472656,24708400
AVGO,2025-07-01,274.3999938964844,274.5,262.6600036621094,264.739990234375,263.2302551269531,28847600
AVGO,2025-07-02,263.989990234375,272.0,262.7300109863281,269.8999938964844,268.36083984375,17582100
AVGO,2025-07-03,270.7300109863281,275.79998779296875,270.1199951171875,275.17999267578125,273.6107482910156,10592700
AVGO,2025-07-07,275.1300048828125,277.55999755859375,272.6600036621094,274.17999267578125,272.616455078125,16760600
AVGO,2025-07-08,276.3500061035156,276.3500061035156,271.1499938964844,271.79998779296875,270.25,14869400
AVGO,2025-07-09,272.9599914550781,279.45001220703125,272.7200012207031,277.8999938964844,276.31524658203125,20133000
AVGO,2025-07-10,279.7900085449219,281.17999267578125,272.70001220703125,275.3999938964844,273.8294677734375,17891600
AVGO,2025-07-11,274.1400146484375,276.4700012207031,271.8900146484375,274.3800048828125,272.8153076171875,14274700
AVGO,2025-07-14,274.1300048828125,278.3599853515625,269.5799865722656,275.6000061035156,274.0283508300781,11934200
AVGO,2025-07-15,279.80999755859375,283.3599853515625,277.8500061035156,280.94000244140625,279.337890625,17918400
AVGO,2025-07-16,280.1099853515625,281.510009765625,275.6700134277344,280.80999755859375,279.2086181640625,15031000
AVGO,2025-07-17,281.1400146484375,288.2799987792969,279.9100036621094,286.45001220703125,284.8164978027344,17231100
AVGO,2025-07-18,287.1099853515625,287.5299987792969,281.0,283.3399963378906,281.7242126464844,15012400
AVGO,2025-07-21,283.9599914550781,290.5400085449219,283.6300048828125,288.2099914550781,286.56640625,17726800
AVGO,2025-07-22,287.6499938964844,288.0,276.42999267578125,278.5899963378906,277.00128173828125,16564800
AVGO,2025-07-23,276.7799987792969,284.0,273.0,283.69000244140625,282.0722351074219,20556200
AVGO,2025-07-24,289.7900085449219,291.20001220703125,283.5,288.7099914550781,287.0635681152344,16413800
AVGO,2025-07-25,288.07000732421875,292.5899963378906,287.2699890136719,290.17999267578125,288.5251770019531,12476200
AVGO,2025-07-28,292.4599914550781,295.45001220703125,290.5899963378906,294.29998779296875,292.6216735839844,13683400
AVGO,2025-07-29,297.5,302.19000244140625,294.8699951171875,297.4200134277344,295.72393798828125,19210800
AVGO,2025-07-30,297.1499938964844,303.260009765625,295.79998779296875,302.6199951171875,300.894287109375,16738900
AVGO,2025-07-31,302.79998779296875,306.95001220703125,290.2300109863281,293.70001220703125,292.025146484375,25488500
AVGO,2025-08-01,286.5400085449219,292.6400146484375,281.6099853515625,288.6400146484375,286.9939880371094,21428100
AVGO,2025-08-04,292.20001220703125,298.4800109863281,291.3999938964844,297.7200012207031,296.0221862792969,17164600
AVGO,2025-08-05,297.80999755859375,301.20001220703125,291.45001220703125,292.92999267578125,291.259521484375,18477500
AVGO,2025-08-06,292.8999938964844,302.80999755859375,291.8999938964844,301.6700134277344,299.94970703125,17392100
AVGO,2025-08-07,306.1700134277344,310.3399963378906,299.8800048828125,303.760009765625,302.02777099609375,16319400
AVGO,2025-08-08,304.04998779296875,307.8699951171875,302.54998779296875,304.9700012207031,303.23089599609375,12458700
AVGO,2025-08-11,305.04998779296875,308.30999755859375,301.2900085449219,303.8999938964844,302.1669616699219,12396400
AVGO,2025-08-12,306.6300048828125,313.44000244140625,304.6700134277344,312.8299865722656,311.0460510253906,17609600
AVGO,2025-08-13,316.75,317.3500061035156,304.75,309.0899963378906,307.327392578125,17371200
AVGO,2025-08-14,307.010009765625,314.1700134277344,307.0,311.2300109863281,309.4551696777344,15717600
AVGO,2025-08-15,311.0299987792969,311.5,299.760009765625,306.3399963378906,304.5930480957031,22806900
AVGO,2025-08-18,302.70001220703125,306.1700134277344,299.0,305.760009765625,304.0163879394531,14724700
AVGO,2025-08-19,302.4200134277344,302.8999938964844,292.3900146484375,294.9100036621094,293.2282409667969,20149600
AVGO,2025-08-20,295.4599914550781,295.489990234375,281.8699951171875,291.1700134277344,289.50958251953125,23600500
AVGO,2025-08-21,290.05999755859375,292.3900146484375,286.1700134277344,289.6000061035156,287.9485168457031,14946300
AVGO,2025-08-22,291.75,300.0899963378906,289.010009765625,294.0,292.32342529296875,16301300
AVGO,2025-08-25,292.80999755859375,298.3999938964844,291.7099914550781,294.2300109863281,292.5521240234375,15124700
AVGO,2025-08-26,294.3500061035156,300.25,293.989990234375,298.010009765625,296.310546875,25689100
AVGO,2025-08-27,297.5299987792969,301.17999267578125,293.7799987792969,300.25,298.53778076171875,13830300
AVGO,2025-08-28,302.92999267578125,311.0,302.3299865722656,308.6499938964844,306.8898620605469,18907100
AVGO,2025-08-29,307.010009765625,307.010009765625,293.6600036621094,297.3900146484375,295.6941223144531,21610700
AVGO,2025-09-02,289.3399963378906,298.7099914550781,287.1700134277344,298.239990234375,296.53924560546875,19693000
AVGO,2025-09-03,302.2900085449219,304.45001220703125,296.3999938964844,302.3900146484375,300.6656188964844,18529400
AVGO,2025-09-04,305.05999755859375,308.7799987792969,302.25,306.1000061035156,304.3544616699219,31220800
AVGO,2025-09-05,355.7799987792969,356.3399963378906,331.4200134277344,334.8900146484375,332.98028564453125,78401600
AVGO,2025-09-08,342.75,354.1700134277344,341.25,345.6499938964844,343.67889404296875,43535600
AVGO,2025-09-09,349.54998779296875,350.9800109863281,335.8299865722656,336.6700134277344,334.7501220703125,26972300
AVGO,2025-09-10,351.5199890136719,372.9700012207031,350.54998779296875,369.57000732421875,367.4624938964844,51086800
AVGO,2025-09-11,371.17999267578125,374.2300109863281,358.760009765625,359.6300048828125,357.57916259765625,29430900
AVGO,2025-09-12,362.9100036621094,364.3900146484375,357.1600036621094,359.8699951171875,357.8177795410156,31949800
AVGO,2025-09-15,359.8699951171875,365.5,356.3399963378906,364.0899963378906,362.0137023925781,21792200
AVGO,2025-09-16,365.42999267578125,365.69000244140625,356.989990234375,360.0,357.9470520019531,21306500
AVGO,2025-09-17,358.8500061035156,359.92999267578125,341.5,346.1700134277344,344.1959228515625,45197100
AVGO,2025-09-18,350.0,350.70001220703125,343.7900085449219,345.3500061035156,343.380615234375,24663900
AVGO,2025-09-19,344.6499938964844,346.2699890136719,336.42999267578125,344.94000244140625,342.9729309082031,41240100
AVGO,2025-09-22,342.42999267578125,346.6700134277344,337.94000244140625,338.7900085449219,337.4351806640625,28660000
AVGO,2025-09-23,340.239990234375,345.2200012207031,337.0199890136719,338.94000244140625,337.5845642089844,21944100
AVGO,2025-09-24,339.760009765625,340.0799865722656,333.80999755859375,339.30999755859375,337.9530944824219,19677300
AVGO,2025-09-25,332.989990234375,338.05999755859375,327.29998779296875,336.1000061035156,334.75592041015625,21678200
AVGO,2025-09-26,337.42999267578125,339.0799865722656,330.5799865722656,334.5299987792969,333.19219970703125,15464700
AVGO,2025-09-29,336.0,341.04998779296875,327.54998779296875,327.8999938964844,326.5887145996094,21336000
AVGO,2025-09-30,330.1199951171875,331.04998779296875,324.6099853515625,329.9100036621094,328.5906677246094,20109500
AVGO,2025-10-01,328.1499938964844,337.95001220703125,324.5,333.3900146484375,332.0567626953125,21122700
AVGO,2025-10-02,347.6099853515625,347.6099853515625,335.25,338.17999267578125,336.82757568359375,19917600
AVGO,2025-10-03,341.5,344.3999938964844,335.739990234375,338.3699951171875,337.0168151855469,14749100
AVGO,2025-10-06,335.9200134277344,344.1300048828125,334.55999755859375,335.489990234375,334.1483459472656,18465700
AVGO,2025-10-07,337.0299987792969,338.1099853515625,326.5799865722656,336.4100036621094,335.0646667480469,18086700
AVGO,2025-10-08,333.82000732421875,346.5400085449219,332.6199951171875,345.5,344.1183166503906,21478300
AVGO,2025-10-09,345.75,347.30999755859375,340.3999938964844,345.0199890136719,343.6402282714844,17643700
AVGO,2025-10-10,345.3900146484375,350.6000061035156,324.04998779296875,324.6300048828125,323.331787109375,28941000
AVGO,2025-10-13,352.7699890136719,359.3800048828125,343.5199890136719,356.70001220703125,355.2735290527344,45984300
AVGO,2025-10-14,350.1300048828125,350.6700134277344,339.6499938964844,344.1300048828125,342.7538146972656,22078000
AVGO,2025-10-15,354.4700012207031,359.3999938964844,347.5,351.3299865722656,349.92498779296875,23918500
AVGO,2025-10-16,356.79998779296875,363.239990234375,349.489990234375,354.1499938964844,352.7337341308594,20317200
AVGO,2025-10-17,349.6099853515625,350.9700012207031,340.7799987792969,349.3299865722656,347.9330139160156,20937900
AVGO,2025-10-20,353.79998779296875,356.5899963378906,347.8399963378906,349.239990234375,347.8433532714844,15640200
AVGO,2025-10-21,350.0,351.1000061035156,341.30999755859375,342.6600036621094,341.2897033691406,16092600
AVGO,2025-10-22,347.29998779296875,348.010009765625,335.510009765625,340.29998779296875,338.9391174316406,19268800
AVGO,2025-10-23,340.3999938964844,346.57000732421875,340.3999938964844,344.2900085449219,342.9131774902344,12859200
AVGO,2025-10-24,352.510009765625,358.29998779296875,350.8800048828125,354.1300048828125,352.71380615234375,16143700
AVGO,2025-10-27,361.5400085449219,362.75,355.0799865722656,362.04998779296875,360.6021423339844,20065800
AVGO,2025-10-28,362.6199951171875,374.05999755859375,362.5299987792969,372.9700012207031,371.47845458984375,21056000
AVGO,2025-10-29,373.19000244140625,386.4800109863281,373.19000244140625,385.9800109863281,384.43646240234375,24975200
AVGO,2025-10-30,386.3999938964844,386.3999938964844,370.05999755859375,376.4700012207031,374.9644775390625,24295300
AVGO,2025-10-31,378.2699890136719,378.82000732421875,365.1000061035156,369.6300048828125,368.1518249511719,21598400
AVGO,2025-11-03,372.0,374.8500061035156,361.9800109863281,362.54998779296875,361.1001281738281,17198900
AVGO,2025-11-04,358.5199890136719,368.95001220703125,351.0,351.94000244140625,350.5325622558594,24047500
AVGO,2025-11-05,350.8900146484375,364.8699951171875,350.0899963378906,358.9800109863281,357.54443359375,17087600
AVGO,2025-11-06,360.1099853515625,363.5,352.7099914550781,355.5899963378906,354.16796875,19896900
AVGO,2025-11-07,354.19000244140625,354.5,337.2699890136719,349.42999267578125,348.0325927734375,21903200
AVGO,2025-11-10,357.8999938964844,360.0,354.6099853515625,358.3900146484375,356.9568176269531,16409000
AVGO,2025-11-11,358.9700012207031,361.8900146484375,349.6700134277344,351.9599914550781,350.552490234375,16446800
AVGO,2025-11-12,358.0400085449219,358.8699951171875,351.67999267578125,355.2200012207031,353.7994689941406,12190500
AVGO,2025-11-13,351.5799865722656,353.54998779296875,334.1600036621094,339.9800109863281,338.62042236328125,22616600
AVGO,2025-11-14,331.4700012207031,344.739990234375,329.05999755859375,342.4599914550781,341.0904541015625,18500800
AVGO,2025-11-17,339.82000732421875,352.20001220703125,337.5199890136719,342.6499938964844,341.27972412109375,14799600
AVGO,2025-11-18,343.20001220703125,347.9700012207031,335.510009765625,340.5,339.1383056640625,21726800
AVGO,2025-11-19,340.7099914550781,359.69000244140625,337.79998779296875,354.4200134277344,353.0026550292969,21851900
AVGO,2025-11-20,366.0,376.0799865722656,345.17999267578125,346.82000732421875,345.4330749511719,28867000
AVGO,2025-11-21,345.1600036621094,348.6000061035156,331.79998779296875,340.20001220703125,338.83953857421875,30280300
AVGO,2025-11-24,347.7300109863281,382.0,347.6600036621094,377.9599914550781,376.4485168457031,47262400
AVGO,2025-11-25,384.92999267578125,388.1300048828125,371.75,385.0299987792969,383.4902648925781,33507600
AVGO,2025-11-26,385.54998779296875,399.8699951171875,383.260009765625,397.57000732421875,395.9801025390625,28693000
AVGO,2025-11-28,399.3500061035156,403.0,397.1600036621094,402.9599914550781,401.3485412597656,13365500
AVGO,2025-12-01,394.8500061035156,395.4200134277344,385.1000061035156,386.0799865722656,384.5360412597656,23252000
AVGO,2025-12-02,388.30999755859375,393.5,379.7900085449219,381.57000732421875,380.0440979003906,22207000
AVGO,2025-12-03,380.0,382.29998779296875,370.6499938964844,380.6099853515625,379.087890625,21336400
AVGO,2025-12-04,380.67999267578125,383.8900146484375,376.5299987792969,381.0299987792969,379.5062561035156,15845900
AVGO,2025-12-05,386.1700134277344,393.5299987792969,385.1499938964844,390.239990234375,388.6794128417969,24779900
AVGO,2025-12-08,402.4800109863281,407.2900085449219,397.3999938964844,401.1000061035156,399.4960021972656,30410600
AVGO,2025-12-09,398.75,406.92999267578125,395.510009765625,406.2900085449219,404.66522216796875,24546000
AVGO,2025-12-10,402.20001220703125,414.6099853515625,399.55999755859375,412.9700012207031,411.3185119628906,31531000
AVGO,2025-12-11,404.8299865722656,409.29998779296875,394.19000244140625,406.3699951171875,404.7449035644531,45681600
AVGO,2025-12-12,379.9599914550781,382.0,355.1499938964844,359.92999267578125,358.4906005859375,95588500
AVGO,2025-12-15,361.8900146484375,362.0,337.510009765625,339.80999755859375,338.4510803222656,65894900
AVGO,2025-12-16,336.0199890136719,347.5,335.05999755859375,341.29998779296875,339.93511962890625,58061100
AVGO,2025-12-17,346.6099853515625,346.6099853515625,321.4200134277344,326.0199890136719,324.7162170410156,73300900
AVGO,2025-12-18,336.0,336.0299987792969,323.6300048828125,329.8800048828125,328.5608215332031,54501900
AVGO,2025-12-19,333.3399963378906,343.45001220703125,332.5799865722656,340.3599853515625,338.9988708496094,159095200
AVGO,2025-12-22,346.0299987792969,346.239990234375,337.2200012207031,341.45001220703125,340.7352600097656,28739600
AVGO,2025-12-23,340.80999755859375,350.1099853515625,338.5400085449219,349.32000732421875,348.5887756347656,28232600
AVGO,2025-12-24,350.69000244140625,352.8599853515625,347.1400146484375,350.2200012207031,349.48687744140625,11424400
AVGO,2025-12-26,351.05999755859375,353.25,347.75,352.1300048828125,351.39288330078125,15028100
AVGO,2025-12-29,348.7200012207031,350.3299865722656,344.69000244140625,349.3900146484375,348.65863037109375,21946900
AVGO,2025-12-30,349.9700012207031,352.67999267578125,349.29998779296875,349.8500061035156,349.1176452636719,16633600
AVGO,2025-12-31,349.7300109863281,349.8800048828125,345.4200134277344,346.1000061035156,345.3755187988281,15346100
AVGO,2026-01-02,352.7799987792969,360.6600036621094,345.55999755859375,347.6199951171875,346.8923034667969,25398600
AVGO,2026-01-05,354.739990234375,355.0299987792969,336.5,343.4200134277344,342.7011413574219,31136000
AVGO,2026-01-06,343.6000061035156,349.04998779296875,338.0,343.7699890136719,343.0503845214844,27135500
AVGO,2026-01-07,341.70001220703125,349.70001220703125,335.8800048828125,343.5,342.78094482421875,20249300
AVGO,2026-01-08,342.7799987792969,343.67999267578125,330.5,332.4800109863281,331.7840270996094,24385200
AVGO,2026-01-09,337.9200134277344,347.3900146484375,333.5,344.9700012207031,344.24786376953125,22482500
AVGO,2026-01-12,340.95001220703125,353.8999938964844,340.95001220703125,352.2099914550781,351.47271728515625,20949600
AVGO,2026-01-13,352.8800048828125,359.489990234375,350.9100036621094,354.6099853515625,353.86767578125,18308000
AVGO,2026-01-14,348.9700012207031,350.69000244140625,334.4200134277344,339.8900146484375,339.17852783203125,30094700
AVGO,2026-01-15,349.1199951171875,349.67999267578125,341.6700134277344,343.0199890136719,342.30194091796875,22218800
AVGO,2026-01-16,346.2699890136719,354.510009765625,344.04998779296875,351.7099914550781,350.9737548828125,31291200
AVGO,2026-01-20,344.1000061035156,345.3999938964844,331.79998779296875,332.6000061035156,331.9037780761719,32293900
AVGO,2026-01-21,335.510009765625,335.79998779296875,324.20001220703125,328.79998779296875,328.1116943359375,32006600
AVGO,2026-01-22,335.3500061035156,336.989990234375,324.8900146484375,325.489990234375,324.8086242675781,24275400
AVGO,2026-01-23,319.29998779296875,321.989990234375,314.1099853515625,320.04998779296875,319.3800354003906,30259500
AVGO,2026-01-26,319.79998779296875,328.67999267578125,317.6000061035156,324.8500061035156,324.16998291015625,25006400
AVGO,2026-01-27,329.760009765625,334.760009765625,327.0199890136719,332.7900085449219,332.0933837890625,25537600
AVGO,2026-01-28,338.8500061035156,339.989990234375,326.70001220703125,333.239990234375,332.54241943359375,23001700
AVGO,2026-01-29,332.55999755859375,335.95001220703125,320.2799987792969,330.7300109863281,330.0376892089844,20447500
AVGO,2026-01-30,332.44000244140625,338.20001220703125,328.3299865722656,331.29998779296875,330.6064758300781,28313000
AVGO,2026-02-02,326.1099853515625,336.05999755859375,325.75,331.1099853515625,330.4168701171875,17278200
AVGO,2026-02-03,336.739990234375,338.8999938964844,308.6499938964844,320.3299865722656,319.659423828125,36914800
AVGO,2026-02-04,319.510009765625,319.510009765625,295.29998779296875,308.04998779296875,307.4051513671875,43330300
AVGO,2026-02-05,314.3399963378906,326.5299987792969,306.70001220703125,310.510009765625,309.8600158691406,42775800
AVGO,2026-02-06,320.1000061035156,335.0,316.29998779296875,332.9200134277344,332.2231140136719,33003400
AVGO,2026-02-09,330.7699890136719,352.3399963378906,330.6499938964844,343.94000244140625,343.22003173828125,30091000
AVGO,2026-02-10,347.4700012207031,348.010009765625,339.8399963378906,340.44000244140625,339.72735595703125,19542700
AVGO,2026-02-11,346.79998779296875,347.20001220703125,333.739990234375,342.760009765625,342.0425109863281,17004700
AVGO,2026-02-12,343.8299865722656,346.2900085449219,329.55999755859375,331.1700134277344,330.4767761230469,22007300
AVGO,2026-02-13,329.8500061035156,334.32000732421875,324.69000244140625,325.1700134277344,324.48931884765625,18397200
AVGO,2026-02-17,319.67999267578125,335.75,316.30999755859375,332.5400085449219,331.8439025878906,23469700
AVGO,2026-02-18,329.5199890136719,337.8800048828125,327.2300109863281,333.510009765625,332.8118591308594,13565300
AVGO,2026-02-19,333.010009765625,338.44000244140625,329.67999267578125,333.989990234375,333.29083251953125,15180900
AVGO,2026-02-20,332.3599853515625,340.1099853515625,329.5799865722656,332.6499938964844,331.9536437988281,17658900
AVGO,2026-02-23,332.25,338.5,325.32000732421875,330.3399963378906,329.64849853515625,16472400
AVGO,2026-02-24,322.5400085449219,328.30999755859375,314.45001220703125,325.489990234375,324.8086242675781,23614400
AVGO,2026-02-25,330.739990234375,335.9100036621094,329.2799987792969,332.30999755859375,331.6143798828125,20182300
AVGO,2026-02-26,326.5,326.5799865722656,307.92999267578125,321.70001220703125,321.0265808105469,33025300
AVGO,2026-02-27,310.70001220703125,320.0,310.0,319.54998779296875,318.8810729980469,28004200
AVGO,2026-03-02,309.3599853515625,320.0400085449219,307.20001220703125,318.82000732421875,318.1526184082031,20567200
AVGO,2026-03-03,313.0,315.8800048828125,307.3999938964844,313.8399963378906,313.18304443359375,20826200
AVGO,2026-03-04,315.67999267578125,322.6400146484375,311.739990234375,317.5299987792969,316.86529541015625,34895800
AVGO,2026-03-05,330.17999267578125,336.1199951171875,323.0299987792969,332.7699890136719,332.0733947753906,57076600
AVGO,2026-03-06,328.2799987792969,343.510009765625,327.3999938964844,330.4800109863281,329.7882080078125,39152200
AVGO,2026-03-09,327.25,348.489990234375,323.6099853515625,345.75,345.0262451171875,40605800
AVGO,2026-03-10,348.7300109863281,353.1400146484375,340.79998779296875,342.5799865722656,341.86285400390625,29531700
AVGO,2026-03-11,342.5899963378906,345.80999755859375,338.2200012207031,341.57000732421875,340.85498046875,20104100
AVGO,2026-03-12,337.739990234375,339.8299865722656,332.20001220703125,335.9700012207031,335.2667236328125,21982700
AVGO,2026-03-13,337.67999267578125,338.32000732421875,321.42999267578125,322.1600036621094,321.4856262207031,34725000
AVGO,2026-03-16,326.0199890136719,329.20001220703125,320.05999755859375,324.9200134277344,324.2398681640625,31363100
AVGO,2026-03-17,325.760009765625,327.44000244140625,317.25,321.30999755859375,320.63739013671875,38026500
AVGO,2026-03-18,320.42999267578125,325.44000244140625,315.54998779296875,315.92999267578125,315.2686462402344,25460600
AVGO,2026-03-19,312.4700012207031,323.2699890136719,308.510009765625,319.8399963378906,319.17047119140625,23524800
AVGO,2026-03-20,320.1199951171875,321.510009765625,309.9200134277344,310.510009765625,309.8600158691406,43325900
AVGO,2026-03-23,318.0,326.4800109863281,314.92999267578125,322.510009765625,322.510009765625,27369200
AVGO,2026-03-24,320.0,324.3999938964844,314.8399963378906,318.2900085449219,318.2900085449219,19799000
AVGO,2026-03-25,322.5899963378906,324.29998779296875,316.7200012207031,318.80999755859375,318.80999755859375,19900000
AVGO,2026-03-26,314.0199890136719,316.9200134277344,309.1700134277344,309.4200134277344,309.4200134277344,20343700
AVGO,2026-03-27,307.05999755859375,307.5,298.8699951171875,300.67999267578125,300.67999267578125,23593900
AVGO,2026-03-30,300.8699951171875,304.7699890136719,289.9599914550781,293.4100036621094,293.4100036621094,28054500
AVGO,2026-03-31,299.3900146484375,310.30999755859375,296.3399963378906,309.510009765625,309.510009765625,29289500
AVGO,2026-04-01,313.3699951171875,315.7900085449219,310.4800109863281,313.489990234375,313.489990234375,19171000
AVGO,2026-04-02,304.489990234375,314.69000244140625,301.75,314.54998779296875,314.54998779296875,14021100
AVGO,2026-04-06,315.05999755859375,316.3999938964844,310.2799987792969,314.42999267578125,314.42999267578125,12111300
AVGO,2026-04-07,326.7300109863281,334.1499938964844,321.79998779296875,333.9700012207031,333.9700012207031,33310900
AVGO,2026-04-08,351.75,354.1400146484375,342.5299987792969,350.6300048828125,350.6300048828125,31573100
AVGO,2026-04-09,352.29998779296875,358.70001220703125,351.5,354.9100036621094,354.9100036621094,20514900
AVGO,2026-04-10,360.94000244140625,376.54998779296875,360.82000732421875,371.54998779296875,371.54998779296875,29958100
AVGO,2026-04-13,369.6600036621094,380.8599853515625,369.4800109863281,379.75,379.75,24115800
AVGO,2026-04-14,377.8999938964844,382.2799987792969,376.32000732421875,380.7799987792969,380.7799987792969,24423000
AVGO,2026-04-15,389.8800048828125,397.0799865722656,385.57000732421875,396.7200012207031,396.7200012207031,29559300
AVGO,2026-04-16,395.0,399.67999267578125,392.3500061035156,398.4700012207031,398.4700012207031,18872900
AVGO,2026-04-17,400.8999938964844,406.7300109863281,399.80999755859375,406.5400085449219,406.5400085449219,20581700
AVGO,2026-04-20,405.70001220703125,406.4200134277344,395.8999938964844,399.6300048828125,399.6300048828125,16922000
AVGO,2026-04-21,399.4100036621094,403.6000061035156,394.57000732421875,402.1700134277344,402.1700134277344,16275500
AVGO,2026-04-22,406.9800109863281,423.20001220703125,404.8599853515625,422.6499938964844,422.6499938964844,23702500
AVGO,2026-04-23,422.3900146484375,429.30999755859375,417.79998779296875,419.94000244140625,419.94000244140625,19501600
AVGO,2026-04-24,424.9800109863281,425.0,408.8599853515625,422.760009765625,422.760009765625,22491100
AVGO,2026-04-27,420.4800109863281,422.75,414.6300048828125,418.20001220703125,418.20001220703125,17451600
AVGO,2026-04-28,400.30999755859375,405.80999755859375,394.6499938964844,399.8299865722656,399.8299865722656,25519200
AVGO,2026-04-29,403.5,405.6400146484375,396.7799987792969,405.45001220703125,405.45001220703125,15962500
AVGO,2026-04-30,415.5199890136719,418.3800048828125,404.2300109863281,417.42999267578125,417.42999267578125,21821600
AVGO,2026-05-01,415.0899963378906,423.1700134277344,413.2799987792969,421.2799987792969,421.2799987792969,11882600
AVGO,2026-05-04,418.2200012207031,423.8299865722656,409.5299987792969,416.5,416.5,15140400
AVGO,2026-05-05,421.6600036621094,433.3900146484375,419.3500061035156,427.3599853515625,427.3599853515625,21175200
AVGO,2026-05-06,435.55999755859375,437.67999267578125,417.7799987792969,425.44000244140625,425.44000244140625,20707000
AVGO,2026-05-07,421.82000732421875,426.489990234375,406.29998779296875,412.55999755859375,412.55999755859375,22791700
AVGO,2026-05-08,419.79998779296875,435.0,414.0,430.0,430.0,22561400
AVGO,2026-05-11,427.6199951171875,433.6499938964844,425.04998779296875,428.42999267578125,428.42999267578125,16825500
AVGO,2026-05-12,423.42999267578125,429.3399963378906,408.4100036621094,419.29998779296875,419.29998779296875,19004300
AVGO,2026-05-13,415.80999755859375,418.6300048828125,404.79998779296875,416.7900085449219,416.7900085449219,16981200
AVGO,2026-05-14,416.7300109863281,442.3599853515625,415.5899963378906,439.7900085449219,439.7900085449219,19733800
AVGO,2026-05-15,432.80999755859375,432.80999755859375,419.79998779296875,425.19000244140625,425.19000244140625,18957100
AVGO,2026-05-18,421.4100036621094,422.010009765625,414.3699951171875,420.7099914550781,420.7099914550781,17863300
AVGO,2026-05-19,409.82000732421875,417.95001220703125,405.8599853515625,411.07000732421875,411.07000732421875,20652100
AVGO,2026-05-20,412.80999755859375,424.1700134277344,411.4200134277344,417.760009765625,417.760009765625,16312600
AVGO,2026-05-21,413.54998779296875,422.25,410.5,414.57000732421875,414.57000732421875,16865300
AVGO,2026-05-22,417.489990234375,419.989990234375,410.2099914550781,414.1400146484375,414.1400146484375,14086400
AVGO,2026-05-26,418.5,435.30999755859375,417.0,422.010009765625,422.010009765625,22562900
AVGO,2026-05-27,425.07000732421875,432.79998779296875,416.489990234375,421.8599853515625,421.8599853515625,17601000
AVGO,2026-05-28,421.1400146484375,429.67999267578125,414.010009765625,426.5799865722656,426.5799865722656,17855600
AVGO,2026-05-29,432.95001220703125,448.8999938964844,431.4700012207031,446.7699890136719,446.7699890136719,41798400
AVGO,2026-06-01,450.0899963378906,466.04998779296875,442.2200012207031,459.9700012207031,459.9700012207031,30586000
AVGO,2026-06-02,488.7900085449219,488.82000732421875,470.4599914550781,481.57000732421875,481.57000732421875,38306700
AVGO,2026-06-03,494.7799987792969,495.0,472.6400146484375,479.2300109863281,479.2300109863281,50126400
AVGO,2026-06-04,408.989990234375,426.4800109863281,403.010009765625,418.9100036621094,418.9100036621094,80979400
AVGO,2026-06-05,407.6099853515625,410.5,385.5899963378906,385.7300109863281,385.7300109863281,51146100
AVGO,2026-06-08,402.6199951171875,402.8399963378906,391.3500061035156,396.6000061035156,396.6000061035156,37099000
AVGO,2026-06-09,401.6099853515625,407.8699951171875,370.3299865722656,392.1600036621094,392.1600036621094,37026900
AVGO,2026-06-10,381.5,385.80999755859375,371.1700134277344,372.1000061035156,372.1000061035156,38193500
AVGO,2026-06-11,372.82000732421875,389.5,370.54998779296875,385.57000732421875,385.57000732421875,35187600
AVGO,2026-06-12,383.7200012207031,384.9800109863281,377.0,382.07000732421875,382.07000732421875,27600900
AVGO,2026-06-15,395.510009765625,396.20001220703125,388.6000061035156,393.94000244140625,393.94000244140625,32394200
AVGO,2026-06-16,390.2099914550781,391.7900085449219,376.4599914550781,376.7099914550781,376.7099914550781,31573700
AVGO,2026-06-17,388.7099914550781,400.6499938964844,382.6499938964844,392.8999938964844,392.8999938964844,40005500
AVGO,2026-06-18,409.5799865722656,412.70001220703125,405.3800048828125,411.3500061035156,411.3500061035156,45076100
BAC,2025-05-30,44.189998626708984,44.29999923706055,43.720001220703125,44.130001068115234,42.93617248535156,66537500
BAC,2025-06-02,43.880001068115234,44.150001525878906,43.36000061035156,44.08000183105469,42.88751983642578,28582600
BAC,2025-06-03,44.0099983215332,44.72999954223633,43.939998626708984,44.650001525878906,43.44209671020508,31320200
BAC,2025-06-04,44.599998474121094,45.09000015258789,44.34000015258789,44.36000061035156,43.15994644165039,30591700
BAC,2025-06-05,44.45000076293945,44.58000183105469,44.0099983215332,44.380001068115234,43.17940139770508,32020900
BAC,2025-06-06,44.689998626708984,45.16999816894531,44.63999938964844,44.970001220703125,44.01128387451172,37013000
BAC,2025-06-09,45.11000061035156,45.400001525878906,44.779998779296875,44.869998931884766,43.91341018676758,32414000
BAC,2025-06-10,44.79999923706055,45.20000076293945,44.75,45.09000015258789,44.12872314453125,32229100
BAC,2025-06-11,45.20000076293945,45.40999984741211,44.54999923706055,44.72999954223633,43.77639389038086,47873500
BAC,2025-06-12,44.400001525878906,44.650001525878906,44.02000045776367,44.619998931884766,43.66874313354492,30165400
BAC,2025-06-13,44.0,44.459999084472656,43.65999984741211,44.09000015258789,43.15004348754883,43281700
BAC,2025-06-16,44.63999938964844,44.88999938964844,44.349998474121094,44.40999984741211,43.463218688964844,34103600
BAC,2025-06-17,44.27000045776367,44.66999816894531,44.060001373291016,44.22999954223633,43.287052154541016,27489600
BAC,2025-06-18,44.2599983215332,45.20000076293945,44.209999084472656,45.060001373291016,44.099365234375,37684700
BAC,2025-06-20,45.310001373291016,45.650001525878906,45.27000045776367,45.5,44.52998352050781,64591600
BAC,2025-06-23,45.400001525878906,46.369998931884766,45.11000061035156,46.29999923706055,45.31292724609375,42683600
BAC,2025-06-24,46.75,47.189998626708984,46.56999969482422,46.65999984741211,45.665252685546875,45437600
BAC,2025-06-25,46.58000183105469,46.97999954223633,46.459999084472656,46.849998474121094,45.8511962890625,33532400
BAC,2025-06-26,46.95000076293945,47.58000183105469,46.900001525878906,47.459999084472656,46.44819641113281,40127000
BAC,2025-06-27,47.45000076293945,47.66999816894531,46.90999984741211,47.119998931884766,46.115447998046875,56705000
BAC,2025-06-30,47.619998931884766,47.619998931884766,47.029998779296875,47.31999969482422,46.311180114746094,47921200
BAC,2025-07-01,47.02000045776367,48.41999816894531,46.939998626708984,48.150001525878906,47.12348937988281,48540900
BAC,2025-07-02,48.36000061035156,48.72999954223633,48.060001373291016,48.709999084472656,47.67154312133789,48003600
BAC,2025-07-03,48.95000076293945,49.310001373291016,48.810001373291016,48.93000030517578,47.88685607910156,21620300
BAC,2025-07-07,48.7400016784668,49.209999084472656,48.369998931884766,48.65999984741211,47.62261199951172,35567900
BAC,2025-07-08,47.5,47.790000915527344,46.7599983215332,47.150001525878906,46.144805908203125,88086500
BAC,2025-07-09,47.15999984741211,47.45000076293945,46.709999084472656,46.84000015258789,45.84141159057617,46227900
BAC,2025-07-10,46.900001525878906,47.220001220703125,46.779998779296875,46.970001220703125,45.96864700317383,44225000
BAC,2025-07-11,46.63999938964844,46.810001373291016,46.25,46.72999954223633,45.73375701904297,31653000
BAC,2025-07-14,46.810001373291016,47.06999969482422,46.54999923706055,47.06999969482422,46.06651306152344,36381200
BAC,2025-07-15,46.880001068115234,47.0099983215332,45.95000076293945,46.150001525878906,45.1661262512207,55145000
BAC,2025-07-16,46.25,46.560001373291016,45.0099983215332,46.029998779296875,45.048683166503906,61296600
BAC,2025-07-17,45.63999938964844,47.220001220703125,45.439998626708984,47.02000045776367,46.017574310302734,56480700
BAC,2025-07-18,47.0099983215332,47.380001068115234,46.900001525878906,47.31999969482422,46.311180114746094,48314200
BAC,2025-07-21,47.540000915527344,48.040000915527344,47.20000076293945,47.47999954223633,46.46776580810547,32199700
BAC,2025-07-22,47.599998474121094,48.16999816894531,47.459999084472656,47.77000045776367,46.7515869140625,34749400
BAC,2025-07-23,48.0099983215332,48.310001373291016,47.810001373291016,48.13999938964844,47.11369705200195,31380100
BAC,2025-07-24,48.4900016784668,49.0,48.209999084472656,48.38999938964844,47.358367919921875,42967600
BAC,2025-07-25,48.38999938964844,48.54999923706055,47.939998626708984,48.45000076293945,47.417091369628906,24461200
BAC,2025-07-28,48.45000076293945,48.540000915527344,48.08000183105469,48.22999954223633,47.2017822265625,20590400
BAC,2025-07-29,48.38999938964844,48.5099983215332,47.88999938964844,47.95000076293945,46.92774963378906,26216500
BAC,2025-07-30,48.2599983215332,48.5,47.7400016784668,47.959999084472656,46.937538146972656,32265900
BAC,2025-07-31,47.7599983215332,48.029998779296875,47.189998626708984,47.27000045776367,46.262245178222656,40016300
BAC,2025-08-01,46.36000061035156,46.40999984741211,45.31999969482422,45.65999984741211,44.68656921386719,52310400
BAC,2025-08-04,45.959999084472656,46.11000061035156,45.63999938964844,45.849998474121094,44.872520446777344,31038900
BAC,2025-08-05,45.95000076293945,46.0,44.75,45.560001373291016,44.58870315551758,36798300
BAC,2025-08-06,45.709999084472656,45.939998626708984,45.38999938964844,45.41999816894531,44.45168685913086,27916800
BAC,2025-08-07,45.709999084472656,45.7599983215332,44.779998779296875,44.91999816894531,43.962345123291016,30609900
BAC,2025-08-08,45.150001525878906,46.29999923706055,44.97999954223633,46.0099983215332,45.02910614013672,37131600
BAC,2025-08-11,46.060001373291016,46.52000045776367,45.810001373291016,46.15999984741211,45.17591094970703,35559400
BAC,2025-08-12,46.47999954223633,47.65999984741211,46.36000061035156,47.5,46.487342834472656,35481200
BAC,2025-08-13,47.68000030517578,47.7599983215332,46.9900016784668,47.2400016784668,46.23289108276367,29465100
BAC,2025-08-14,47.09000015258789,47.72999954223633,46.88999938964844,47.709999084472656,46.69286346435547,21073800
BAC,2025-08-15,47.75,47.81999969482422,46.900001525878906,46.939998626708984,45.93928146362305,26276900
BAC,2025-08-18,46.91999816894531,48.040000915527344,46.790000915527344,47.91999816894531,46.89838790893555,43125100
BAC,2025-08-19,47.81999969482422,48.119998931884766,47.630001068115234,48.08000183105469,47.05498123168945,33783400
BAC,2025-08-20,48.16999816894531,48.5,47.869998931884766,48.349998474121094,47.31922149658203,30822200
BAC,2025-08-21,48.27000045776367,48.4900016784668,47.810001373291016,48.2599983215332,47.23114013671875,28713200
BAC,2025-08-22,48.52000045776367,49.65999984741211,48.459999084472656,49.47999954223633,48.425132751464844,45078900
BAC,2025-08-25,49.38999938964844,49.65999984741211,49.209999084472656,49.47999954223633,48.425132751464844,34715700
BAC,2025-08-26,49.25,50.2599983215332,49.25,50.25,49.17871856689453,40609300
BAC,2025-08-27,50.029998779296875,50.630001068115234,49.9900016784668,50.380001068115234,49.305946350097656,42428200
BAC,2025-08-28,50.54999923706055,50.63999938964844,50.279998779296875,50.4900016784668,49.41360092163086,32949400
BAC,2025-08-29,50.5099983215332,50.91999816894531,50.5099983215332,50.7400016784668,49.658267974853516,32496500
BAC,2025-09-02,50.220001220703125,50.470001220703125,49.66999816894531,50.41999816894531,49.345088958740234,52719800
BAC,2025-09-03,50.400001525878906,50.56999969482422,49.70000076293945,50.060001373291016,48.99277114868164,38344200
BAC,2025-09-04,50.2400016784668,50.83000183105469,50.119998931884766,50.619998931884766,49.54082489013672,34796900
BAC,2025-09-05,50.439998626708984,50.790000915527344,49.22999954223633,49.77000045776367,48.97987365722656,40063300
BAC,2025-09-08,49.79999923706055,49.90999984741211,48.880001068115234,49.459999084472656,48.67479705810547,48033100
BAC,2025-09-09,49.5,50.560001373291016,49.459999084472656,50.290000915527344,49.49162292480469,40060100
BAC,2025-09-10,50.369998931884766,50.630001068115234,49.970001220703125,50.130001068115234,49.334163665771484,31706300
BAC,2025-09-11,50.13999938964844,50.959999084472656,49.9900016784668,50.75,49.94432067871094,28055200
BAC,2025-09-12,50.70000076293945,50.93000030517578,50.459999084472656,50.58000183105469,49.77702331542969,27851100
BAC,2025-09-15,50.849998474121094,51.09000015258789,50.459999084472656,50.59000015258789,49.78685760498047,29043600
BAC,2025-09-16,50.63999938964844,50.880001068115234,50.209999084472656,50.65999984741211,49.85574722290039,31624400
BAC,2025-09-17,50.86000061035156,51.630001068115234,50.790000915527344,51.400001525878906,50.58400344848633,38337900
BAC,2025-09-18,51.4900016784668,52.189998626708984,51.29999923706055,52.130001068115234,51.30241394042969,35246900
BAC,2025-09-19,52.150001525878906,52.65999984741211,51.7599983215332,52.25,51.42050552368164,98970700
BAC,2025-09-22,51.7599983215332,52.349998474121094,51.7599983215332,51.91999816894531,51.09574508666992,27468000
BAC,2025-09-23,52.0,52.880001068115234,51.52000045776367,51.70000076293945,50.879234313964844,28278200
BAC,2025-09-24,51.849998474121094,52.25,51.459999084472656,51.70000076293945,50.879234313964844,27010400
BAC,2025-09-25,51.47999954223633,52.33000183105469,51.439998626708984,51.849998474121094,51.026851654052734,22957900
BAC,2025-09-26,52.11000061035156,52.619998931884766,51.97999954223633,52.209999084472656,51.381141662597656,20025800
BAC,2025-09-29,52.36000061035156,52.54999923706055,52.11000061035156,52.41999816894531,51.58780288696289,23701000
BAC,2025-09-30,52.47999954223633,52.56999969482422,51.02000045776367,51.59000015258789,50.7709846496582,29945000
BAC,2025-10-01,51.29999923706055,51.68000030517578,50.560001373291016,50.68000030517578,49.875431060791016,27709100
BAC,2025-10-02,50.650001525878906,50.849998474121094,50.06999969482422,50.47999954223633,49.67860794067383,22757200
BAC,2025-10-03,50.619998931884766,51.130001068115234,50.54999923706055,50.63999938964844,49.836063385009766,24565700
BAC,2025-10-06,50.93000030517578,51.31999969482422,49.88999938964844,50.38999938964844,49.59003448486328,25386300
BAC,2025-10-07,50.54999923706055,50.90999984741211,50.130001068115234,50.290000915527344,49.49162292480469,24107300
BAC,2025-10-08,50.400001525878906,50.5099983215332,49.779998779296875,49.84000015258789,49.04876708984375,24014200
BAC,2025-10-09,50.0,50.279998779296875,49.66999816894531,49.790000915527344,48.99956130981445,21816900
BAC,2025-10-10,49.93000030517578,50.13999938964844,48.54999923706055,48.650001525878906,47.877662658691406,31831900
BAC,2025-10-13,49.20000076293945,49.400001525878906,48.810001373291016,48.86000061035156,48.08432388305664,34462800
BAC,2025-10-14,48.849998474121094,50.5,48.529998779296875,50.09000015258789,49.2947998046875,42462600
BAC,2025-10-15,51.56999969482422,52.849998474121094,51.22999954223633,52.279998779296875,51.45003128051758,69992200
BAC,2025-10-16,52.599998474121094,52.7599983215332,50.0,50.439998626708984,49.63923645019531,49027700
BAC,2025-10-17,50.95000076293945,51.77000045776367,50.33000183105469,51.279998779296875,50.46590042114258,48915400
BAC,2025-10-20,51.439998626708984,52.279998779296875,51.369998931884766,52.040000915527344,51.21384048461914,25786000
BAC,2025-10-21,52.09000015258789,52.369998931884766,51.439998626708984,51.52000045776367,50.70209884643555,27303400
BAC,2025-10-22,51.5,51.58000183105469,50.439998626708984,51.099998474121094,50.28876495361328,34955000
BAC,2025-10-23,51.47999954223633,51.79999923706055,51.11000061035156,51.7599983215332,50.93828582763672,26028800
BAC,2025-10-24,51.849998474121094,52.81999969482422,51.849998474121094,52.56999969482422,51.73542404174805,38923900
BAC,2025-10-27,52.79999923706055,53.06999969482422,52.529998779296875,53.02000045776367,52.17828369140625,27345800
BAC,2025-10-28,53.0,53.279998779296875,52.34000015258789,52.869998931884766,52.030662536621094,29575200
BAC,2025-10-29,52.65999984741211,53.0099983215332,52.31999969482422,52.58000183105469,51.74527359008789,29158800
BAC,2025-10-30,52.66999816894531,53.439998626708984,52.560001373291016,53.029998779296875,52.1881217956543,37548600
BAC,2025-10-31,52.790000915527344,53.63999938964844,52.77000045776367,53.45000076293945,52.60145950317383,39295700
BAC,2025-11-03,53.2599983215332,53.63999938964844,52.709999084472656,53.560001373291016,52.70970916748047,31252300
BAC,2025-11-04,53.02000045776367,54.0,52.720001220703125,53.540000915527344,52.69002914428711,47226600
BAC,2025-11-05,52.959999084472656,53.06999969482422,51.7400016784668,52.45000076293945,51.617332458496094,54353600
BAC,2025-11-06,53.41999816894531,53.75,52.77000045776367,53.290000915527344,52.44399642944336,55296000
BAC,2025-11-07,53.150001525878906,53.58000183105469,52.709999084472656,53.20000076293945,52.35542678833008,40537700
BAC,2025-11-10,53.40999984741211,53.9900016784668,53.34000015258789,53.41999816894531,52.57193374633789,26094600
BAC,2025-11-11,53.75,53.97999954223633,53.279998779296875,53.630001068115234,52.77859878540039,22244300
BAC,2025-11-12,53.88999938964844,54.689998626708984,53.77000045776367,54.11000061035156,53.250980377197266,40536700
BAC,2025-11-13,53.790000915527344,54.209999084472656,52.77000045776367,52.869998931884766,52.030662536621094,37716100
BAC,2025-11-14,52.86000061035156,52.900001525878906,52.029998779296875,52.61000061035156,51.7747917175293,32363100
BAC,2025-11-17,52.58000183105469,52.58000183105469,51.38999938964844,51.47999954223633,50.6627311706543,35546800
BAC,2025-11-18,51.279998779296875,52.18000030517578,51.150001525878906,51.63999938964844,50.8201904296875,35189500
BAC,2025-11-19,51.66999816894531,52.4900016784668,51.66999816894531,52.02000045776367,51.194156646728516,28112300
BAC,2025-11-20,52.5,52.95000076293945,50.970001220703125,51.0,50.19035339355469,36661600
BAC,2025-11-21,51.290000915527344,51.779998779296875,50.70000076293945,51.560001373291016,50.74146270751953,43867200
BAC,2025-11-24,51.650001525878906,52.2400016784668,51.400001525878906,51.93000030517578,51.10558319091797,52852100
BAC,2025-11-25,52.25,52.880001068115234,51.86000061035156,52.47999954223633,51.646854400634766,41310100
BAC,2025-11-26,52.70000076293945,53.25,52.54999923706055,52.9900016784668,52.14875793457031,32045600
BAC,2025-11-28,53.11000061035156,53.939998626708984,53.04999923706055,53.650001525878906,52.79828643798828,18920800
BAC,2025-12-01,53.5,53.900001525878906,53.209999084472656,53.2400016784668,52.39479064941406,30536500
BAC,2025-12-02,53.529998779296875,53.63999938964844,52.970001220703125,53.189998626708984,52.3455810546875,46073500
BAC,2025-12-03,53.25,54.2400016784668,53.18000030517578,54.09000015258789,53.23129653930664,37134400
BAC,2025-12-04,54.209999084472656,54.689998626708984,54.0,54.15999984741211,53.3001823425293,38529600
BAC,2025-12-05,53.93000030517578,54.83000183105469,53.7400016784668,53.95000076293945,53.36943435668945,33986500
BAC,2025-12-08,53.900001525878906,54.209999084472656,53.4900016784668,53.900001525878906,53.319969177246094,34386600
BAC,2025-12-09,53.970001220703125,54.279998779296875,53.27000045776367,53.540000915527344,52.963844299316406,47189300
BAC,2025-12-10,53.59000015258789,54.54999923706055,53.34000015258789,54.08000183105469,53.4980354309082,54424400
BAC,2025-12-11,53.95000076293945,54.650001525878906,53.75,54.560001373291016,53.972869873046875,35686900
BAC,2025-12-12,54.779998779296875,55.29999923706055,54.349998474121094,55.13999938964844,54.54662322998047,40539400
BAC,2025-12-15,55.40999984741211,56.06999969482422,55.06999969482422,55.33000183105469,54.734580993652344,32881300
BAC,2025-12-16,55.13999938964844,55.349998474121094,54.689998626708984,54.810001373291016,54.220176696777344,32931900
BAC,2025-12-17,55.119998931884766,55.56999969482422,54.459999084472656,54.54999923706055,53.962974548339844,35304100
BAC,2025-12-18,54.79999923706055,55.150001525878906,53.77000045776367,54.2599983215332,53.67609405517578,87452700
BAC,2025-12-19,54.52000045776367,55.310001373291016,54.380001068115234,55.27000045776367,54.675228118896484,73001900
BAC,2025-12-22,55.369998931884766,56.11000061035156,55.34000015258789,55.880001068115234,55.278663635253906,33408800
BAC,2025-12-23,55.810001373291016,56.220001220703125,55.810001373291016,55.970001220703125,55.36769485473633,22274600
BAC,2025-12-24,56.130001068115234,56.5,55.88999938964844,56.25,55.64468002319336,13634400
BAC,2025-12-26,56.279998779296875,56.54999923706055,56.029998779296875,56.16999816894531,55.56553649902344,15259400
BAC,2025-12-29,56.11000061035156,56.25,55.27000045776367,55.349998474121094,54.754364013671875,21040100
BAC,2025-12-30,55.4900016784668,55.63999938964844,55.16999816894531,55.279998779296875,54.68511962890625,17427600
BAC,2025-12-31,55.31999969482422,55.41999816894531,54.93000030517578,55.0,54.40813064575195,16293000
BAC,2026-01-02,55.029998779296875,55.9900016784668,54.880001068115234,55.95000076293945,55.3479118347168,25503600
BAC,2026-01-05,56.16999816894531,57.54999923706055,56.13999938964844,56.88999938964844,56.27779006958008,36096600
BAC,2026-01-06,57.0099983215332,57.40999984741211,56.75,57.25,56.63391876220703,31791900
BAC,2026-01-07,56.689998626708984,56.810001373291016,55.439998626708984,55.63999938964844,55.04124450683594,49695500
BAC,2026-01-08,55.47999954223633,56.58000183105469,55.470001220703125,56.18000030517578,55.575435638427734,30933700
BAC,2026-01-09,56.16999816894531,56.61000061035156,55.790000915527344,55.849998474121094,55.248985290527344,30768800
BAC,2026-01-12,55.290000915527344,55.45000076293945,54.72999954223633,55.189998626708984,54.59608840942383,45860600
BAC,2026-01-13,55.27000045776367,55.52000045776367,54.29999923706055,54.540000915527344,53.95308303833008,43542200
BAC,2026-01-14,52.880001068115234,53.47999954223633,51.65999984741211,52.47999954223633,51.91524887084961,84750000
BAC,2026-01-15,52.720001220703125,53.040000915527344,52.22999954223633,52.59000015258789,52.02406692504883,51018300
BAC,2026-01-16,52.689998626708984,53.380001068115234,52.25,52.970001220703125,52.39997863769531,52178400
BAC,2026-01-20,52.31999969482422,53.47999954223633,51.959999084472656,52.099998474121094,51.539337158203125,49172700
BAC,2026-01-21,52.22999954223633,52.86000061035156,52.04999923706055,52.06999969482422,51.50966262817383,36340000
BAC,2026-01-22,52.470001220703125,53.130001068115234,52.33000183105469,52.45000076293945,51.88557434082031,31229200
BAC,2026-01-23,52.11000061035156,52.20000076293945,51.380001068115234,51.720001220703125,51.163429260253906,34553500
BAC,2026-01-26,51.79999923706055,52.279998779296875,51.66999816894531,52.02000045776367,51.460201263427734,27728400
BAC,2026-01-27,52.209999084472656,52.25,51.810001373291016,52.16999816894531,51.608585357666016,26494300
BAC,2026-01-28,51.95000076293945,52.13999938964844,51.310001373291016,51.810001373291016,51.25246047973633,35030200
BAC,2026-01-29,51.97999954223633,53.09000015258789,51.95000076293945,53.08000183105469,52.50879669189453,35200500
BAC,2026-01-30,52.869998931884766,53.40999984741211,52.77000045776367,53.20000076293945,52.62750244140625,34549100
BAC,2026-02-02,53.20000076293945,54.09000015258789,52.95000076293945,54.029998779296875,53.448570251464844,34624500
BAC,2026-02-03,54.20000076293945,55.119998931884766,53.68000030517578,54.45000076293945,53.864051818847656,41208400
BAC,2026-02-04,54.779998779296875,56.040000915527344,54.709999084472656,55.380001068115234,54.7840461730957,54522500
BAC,2026-02-05,55.02000045776367,55.290000915527344,54.25,54.939998626708984,54.348777770996094,32959700
BAC,2026-02-06,55.54999923706055,56.869998931884766,55.290000915527344,56.529998779296875,55.92166519165039,42468000
BAC,2026-02-09,56.38999938964844,56.720001220703125,56.18000030517578,56.40999984741211,55.80295944213867,31968400
BAC,2026-02-10,56.439998626708984,56.83000183105469,54.27000045776367,55.38999938964844,54.7939338684082,48304700
BAC,2026-02-11,55.970001220703125,56.11000061035156,53.2400016784668,53.849998474121094,53.270503997802734,48973500
BAC,2026-02-12,53.90999984741211,53.939998626708984,51.790000915527344,52.52000045776367,51.95481872558594,55481600
BAC,2026-02-13,51.90999984741211,52.81999969482422,51.439998626708984,52.54999923706055,51.9844970703125,31772100
BAC,2026-02-17,53.040000915527344,53.54999923706055,52.619998931884766,52.7400016784668,52.172454833984375,35542400
BAC,2026-02-18,52.9900016784668,53.61000061035156,52.790000915527344,53.36000061035156,52.78578186035156,30698900
BAC,2026-02-19,51.90999984741211,52.810001373291016,51.83000183105469,52.77000045776367,52.20213317871094,47148600
BAC,2026-02-20,52.529998779296875,53.09000015258789,51.83000183105469,53.060001373291016,52.489009857177734,33552000
BAC,2026-02-23,52.84000015258789,53.2599983215332,50.88999938964844,51.06999969482422,50.520423889160156,50602500
BAC,2026-02-24,50.7400016784668,50.880001068115234,49.470001220703125,50.40999984741211,49.867523193359375,53062700
BAC,2026-02-25,50.33000183105469,51.77000045776367,50.310001373291016,51.689998626708984,51.133750915527344,41375000
BAC,2026-02-26,51.880001068115234,52.66999816894531,51.7400016784668,52.29999923706055,51.737186431884766,52418500
BAC,2026-02-27,51.08000183105469,51.40999984741211,49.31999969482422,49.83000183105469,49.29376983642578,77728700
BAC,2026-03-02,48.779998779296875,50.41999816894531,48.58000183105469,49.810001373291016,49.27398681640625,40595200
BAC,2026-03-03,48.7599983215332,50.5099983215332,48.5,49.970001220703125,49.4322624206543,51242900
BAC,2026-03-04,49.88999938964844,50.40999984741211,49.209999084472656,50.29999923706055,49.75870895385742,34208500
BAC,2026-03-05,49.81999969482422,50.43000030517578,49.33000183105469,49.810001373291016,49.27398681640625,39073900
BAC,2026-03-06,48.54999923706055,48.70000076293945,47.619998931884766,48.63999938964844,48.38858413696289,47016000
BAC,2026-03-09,47.939998626708984,48.150001525878906,46.77000045776367,47.900001525878906,47.652408599853516,62752800
BAC,2026-03-10,48.279998779296875,49.150001525878906,47.599998474121094,48.560001373291016,48.308998107910156,50271100
BAC,2026-03-11,48.36000061035156,48.650001525878906,47.779998779296875,48.52000045776367,48.269203186035156,42185800
BAC,2026-03-12,47.70000076293945,47.779998779296875,46.790000915527344,47.130001068115234,46.886390686035156,58354500
BAC,2026-03-13,47.52000045776367,47.81999969482422,46.65999984741211,46.720001220703125,46.47850799560547,45473100
BAC,2026-03-16,47.119998931884766,47.68000030517578,46.900001525878906,47.060001373291016,46.81675338745117,38055600
BAC,2026-03-17,47.65999984741211,48.08000183105469,47.20000076293945,47.279998779296875,47.035614013671875,33427800
BAC,2026-03-18,47.220001220703125,47.880001068115234,46.689998626708984,46.83000183105469,46.58794021606445,40251800
BAC,2026-03-19,46.41999816894531,47.189998626708984,46.119998931884766,47.0099983215332,46.767005920410156,38601400
BAC,2026-03-20,47.130001068115234,47.459999084472656,46.689998626708984,47.15999984741211,46.91623306274414,78060900
BAC,2026-03-23,48.34000015258789,48.38999938964844,47.47999954223633,47.52000045776367,47.27437210083008,42333200
BAC,2026-03-24,47.04999923706055,48.459999084472656,47.02000045776367,48.13999938964844,47.89116668701172,39804100
BAC,2026-03-25,48.52000045776367,49.11000061035156,48.18000030517578,48.75,48.498016357421875,29988300
BAC,2026-03-26,48.709999084472656,48.869998931884766,48.029998779296875,48.2400016784668,47.99065399169922,32502600
BAC,2026-03-27,48.06999969482422,48.25,46.84000015258789,46.970001220703125,46.72721862792969,36781900
BAC,2026-03-30,47.54999923706055,47.86000061035156,46.93000030517578,47.22999954223633,46.985870361328125,43375900
BAC,2026-03-31,47.68000030517578,48.77000045776367,47.369998931884766,48.75,48.498016357421875,49060600
BAC,2026-04-01,49.70000076293945,50.04999923706055,48.779998779296875,49.27000045776367,49.01532745361328,32947000
BAC,2026-04-02,48.75,49.56999969482422,48.15999984741211,49.380001068115234,49.124759674072266,27548200
BAC,2026-04-06,49.43000030517578,50.119998931884766,49.25,50.060001373291016,49.801246643066406,28507200
BAC,2026-04-07,49.79999923706055,50.47999954223633,49.619998931884766,50.279998779296875,50.02010726928711,28473200
BAC,2026-04-08,51.939998626708984,52.2599983215332,51.369998931884766,51.880001068115234,51.611839294433594,36473500
BAC,2026-04-09,51.630001068115234,52.84000015258789,51.630001068115234,52.709999084472656,52.43754577636719,32008000
BAC,2026-04-10,52.79999923706055,52.83000183105469,52.20000076293945,52.540000915527344,52.26842498779297,25225300
BAC,2026-04-13,52.18000030517578,53.439998626708984,51.849998474121094,53.349998474121094,53.07423782348633,27835300
BAC,2026-04-14,53.099998474121094,53.56999969482422,52.79999923706055,53.349998474121094,53.07423782348633,40178500
BAC,2026-04-15,54.25,55.400001525878906,53.709999084472656,54.31999969482422,54.039222717285156,63838200
BAC,2026-04-16,54.040000915527344,54.5099983215332,53.470001220703125,53.5099983215332,53.2334098815918,35206700
BAC,2026-04-17,54.15999984741211,54.599998474121094,53.75,53.90999984741211,53.631343841552734,43484700
BAC,2026-04-20,53.5,53.95000076293945,53.18000030517578,53.95000076293945,53.671138763427734,43999200
BAC,2026-04-21,54.0,54.650001525878906,53.209999084472656,53.47999954223633,53.20356750488281,34266300
BAC,2026-04-22,53.66999816894531,53.79999923706055,53.0,53.119998931884766,52.84542465209961,24097600
BAC,2026-04-23,53.060001373291016,53.52000045776367,52.25,52.470001220703125,52.198787689208984,31956300
BAC,2026-04-24,52.31999969482422,52.5099983215332,51.93000030517578,52.04999923706055,51.78095626831055,30265400
BAC,2026-04-27,51.9900016784668,52.93000030517578,51.83000183105469,52.630001068115234,52.35795974731445,28043700
BAC,2026-04-28,53.02000045776367,53.43000030517578,52.630001068115234,52.65999984741211,52.3878059387207,21164100
BAC,2026-04-29,52.43000030517578,53.02000045776367,51.83000183105469,52.880001068115234,52.60667037963867,26250700
BAC,2026-04-30,52.61000061035156,53.65999984741211,52.150001525878906,53.459999084472656,53.18367004394531,27089200
BAC,2026-05-01,53.689998626708984,54.060001373291016,53.09000015258789,53.2400016784668,52.96480941772461,24825000
BAC,2026-05-04,53.06999969482422,53.06999969482422,52.0,52.189998626708984,51.92023468017578,42929000
BAC,2026-05-05,52.56999969482422,53.36000061035156,52.279998779296875,53.119998931884766,52.84542465209961,28458600
BAC,2026-05-06,53.81999969482422,54.20000076293945,53.470001220703125,53.599998474121094,53.32294464111328,27541200
BAC,2026-05-07,53.54999923706055,54.0,52.5,52.75,52.47734069824219,28682100
BAC,2026-05-08,52.97999954223633,53.0099983215332,51.099998474121094,51.310001373291016,51.04478454589844,36111200
BAC,2026-05-11,51.209999084472656,51.38999938964844,50.27000045776367,50.54999923706055,50.28871154785156,33132200
BAC,2026-05-12,50.86000061035156,51.08000183105469,49.84000015258789,50.779998779296875,50.517520904541016,33518800
BAC,2026-05-13,50.36000061035156,50.779998779296875,49.79999923706055,49.84000015258789,49.58238220214844,29838000
BAC,2026-05-14,50.060001373291016,50.470001220703125,49.4900016784668,49.849998474121094,49.59232711791992,37671800
BAC,2026-05-15,49.619998931884766,49.9900016784668,49.29999923706055,49.77000045776367,49.51274490356445,46282300
BAC,2026-05-18,49.720001220703125,50.91999816894531,49.720001220703125,50.689998626708984,50.42798614501953,33404100
BAC,2026-05-19,50.72999954223633,51.279998779296875,50.380001068115234,50.70000076293945,50.43793487548828,44154600
BAC,2026-05-20,50.9900016784668,51.58000183105469,50.4900016784668,51.22999954223633,50.96519470214844,47739400
BAC,2026-05-21,51.0,51.5,50.7599983215332,51.4900016784668,51.223854064941406,27461900
BAC,2026-05-22,51.689998626708984,52.150001525878906,51.650001525878906,51.79999923706055,51.532249450683594,26683700
BAC,2026-05-26,52.220001220703125,52.5,51.880001068115234,52.20000076293945,51.93018341064453,27397600
BAC,2026-05-27,52.38999938964844,52.4900016784668,50.7599983215332,51.099998474121094,50.83586883544922,48581500
BAC,2026-05-28,50.91999816894531,51.5,50.63999938964844,50.77000045776367,50.50757598876953,48550100
BAC,2026-05-29,50.970001220703125,51.79999923706055,50.61000061035156,51.599998474121094,51.333282470703125,57930600
BAC,2026-06-01,51.310001373291016,51.83000183105469,50.849998474121094,51.5099983215332,51.24374771118164,34303700
BAC,2026-06-02,51.2599983215332,52.709999084472656,51.2599983215332,52.47999954223633,52.208736419677734,42126500
BAC,2026-06-03,52.2599983215332,52.54999923706055,51.220001220703125,52.400001525878906,52.129150390625,48065400
BAC,2026-06-04,53.130001068115234,54.33000183105469,52.79999923706055,54.16999816894531,53.88999938964844,51883600
BAC,2026-06-05,54.16999816894531,54.279998779296875,53.31999969482422,53.83000183105469,53.83000183105469,38829400
BAC,2026-06-08,53.720001220703125,54.349998474121094,53.56999969482422,53.630001068115234,53.630001068115234,30332100
BAC,2026-06-09,54.0,54.619998931884766,53.650001525878906,54.41999816894531,54.41999816894531,32329000
BAC,2026-06-10,54.540000915527344,55.29999923706055,54.220001220703125,54.540000915527344,54.540000915527344,37025500
BAC,2026-06-11,54.720001220703125,55.310001373291016,54.06999969482422,55.15999984741211,55.15999984741211,31746300
BAC,2026-06-12,55.36000061035156,56.189998626708984,55.2599983215332,56.02000045776367,56.02000045776367,32989000
BAC,2026-06-15,56.619998931884766,57.0,55.7400016784668,55.869998931884766,55.869998931884766,31666500
BAC,2026-06-16,56.5,57.06999969482422,56.22999954223633,56.84000015258789,56.84000015258789,33409800
BAC,2026-06-17,57.13999938964844,57.97999954223633,56.29999923706055,56.529998779296875,56.529998779296875,40439300
BAC,2026-06-18,57.22999954223633,57.33000183105469,56.029998779296875,56.20000076293945,56.20000076293945,70438800
C,2025-05-30,75.30999755859375,75.5199966430664,74.4800033569336,75.31999969482422,73.65025329589844,12512200
C,2025-06-02,75.16000366210938,75.9000015258789,74.30000305175781,75.80000305175781,74.11962890625,9073400
C,2025-06-03,75.62999725341797,76.73999786376953,75.44000244140625,76.52999877929688,74.83343505859375,9802600
C,2025-06-04,76.5,77.58000183105469,76.3499984741211,76.4000015258789,74.7063217163086,10119600
C,2025-06-05,76.61000061035156,77.2699966430664,75.66000366210938,76.66999816894531,74.97032928466797,14760500
C,2025-06-06,77.70999908447266,78.41000366210938,77.4800033569336,78.26000213623047,76.52509307861328,11515200
C,2025-06-09,78.5999984741211,78.91000366210938,78.11000061035156,78.16999816894531,76.43707275390625,9288000
C,2025-06-10,77.83000183105469,78.31999969482422,77.5199966430664,78.02999877929688,76.30018615722656,10942400
C,2025-06-11,78.19999694824219,78.91999816894531,77.86000061035156,78.37999725341797,76.64241790771484,9030500
C,2025-06-12,77.80000305175781,78.26000213623047,77.33999633789062,78.2300033569336,76.4957504272461,6739700
C,2025-06-13,77.04000091552734,77.2300033569336,76.11000061035156,76.36000061035156,74.66720581054688,11987200
C,2025-06-16,77.12999725341797,78.30000305175781,76.94999694824219,78.06999969482422,76.33929443359375,10396600
C,2025-06-17,77.5,77.98999786376953,77.11000061035156,77.36000061035156,75.64503479003906,8078600
C,2025-06-18,77.4000015258789,78.97000122070312,77.26000213623047,78.3499984741211,76.61309051513672,14866100
C,2025-06-20,78.87999725341797,79.2699966430664,78.33000183105469,78.44999694824219,76.71086883544922,17336500
C,2025-06-23,78.37000274658203,79.44999694824219,77.51000213623047,79.36000061035156,77.60070037841797,12007200
C,2025-06-24,80.0,81.44999694824219,79.87999725341797,81.13999938964844,79.34122467041016,18393000
C,2025-06-25,81.13999938964844,82.70999908447266,81.08000183105469,82.62999725341797,80.7981948852539,13221900
C,2025-06-26,82.66999816894531,84.79000091552734,82.66999816894531,84.37000274658203,82.4996337890625,18600500
C,2025-06-27,84.48999786376953,84.56999969482422,83.80999755859375,84.37999725341797,82.50940704345703,21872400
C,2025-06-30,84.9000015258789,85.44000244140625,84.61000061035156,85.12000274658203,83.2330093383789,18035200
C,2025-07-01,85.0,86.4800033569336,84.7699966430664,86.2699966430664,84.35750579833984,17088900
C,2025-07-02,86.48999786376953,86.93000030517578,85.45999908447266,86.76000213623047,84.83665466308594,13420200
C,2025-07-03,87.12999725341797,88.80000305175781,86.8499984741211,88.72000122070312,86.75320434570312,13229900
C,2025-07-07,88.12999725341797,88.83000183105469,87.13999938964844,87.5999984741211,85.65802001953125,12407300
C,2025-07-08,87.61000061035156,87.79000091552734,85.4800033569336,85.56999969482422,83.67303466796875,18075600
C,2025-07-09,86.63999938964844,86.63999938964844,85.58999633789062,85.79000091552734,83.8881607055664,9929400
C,2025-07-10,85.83000183105469,87.08000183105469,85.76000213623047,87.08000183105469,85.14955139160156,9586100
C,2025-07-11,85.91999816894531,86.95999908447266,85.62000274658203,86.7300033569336,84.80731964111328,10256000
C,2025-07-14,86.4800033569336,87.52999877929688,86.22000122070312,87.5,85.56024169921875,13450800
C,2025-07-15,88.6500015258789,91.80000305175781,88.12000274658203,90.72000122070312,88.7088623046875,39270900
C,2025-07-16,91.4800033569336,91.62000274658203,88.2300033569336,90.0199966430664,88.02437591552734,23321000
C,2025-07-17,90.12999725341797,93.19999694824219,89.87999725341797,93.08999633789062,91.02632141113281,23949200
C,2025-07-18,93.1500015258789,93.80000305175781,92.73999786376953,93.44999694824219,91.37834167480469,16603700
C,2025-07-21,93.58999633789062,94.08000183105469,92.52999877929688,92.6500015258789,90.59607696533203,11894500
C,2025-07-22,93.56999969482422,94.4800033569336,92.72000122070312,94.0,91.9161376953125,15282600
C,2025-07-23,94.5,95.98999786376953,94.4800033569336,95.98999786376953,93.86203002929688,22339800
C,2025-07-24,96.29000091552734,96.91000366210938,95.30000305175781,95.38999938964844,93.27533721923828,15644400
C,2025-07-25,95.38999938964844,96.19000244140625,94.43000030517578,96.06999969482422,93.94026184082031,13543400
C,2025-07-28,96.06999969482422,96.19999694824219,95.06999969482422,95.55000305175781,93.43179321289062,19370700
C,2025-07-29,96.0,96.11000061035156,94.36000061035156,94.4800033569336,92.38550567626953,13169900
C,2025-07-30,94.9000015258789,95.98999786376953,94.58000183105469,95.80999755859375,93.68602752685547,13998000
C,2025-07-31,95.47000122070312,96.1500015258789,93.55000305175781,93.69999694824219,91.62279510498047,14638800
C,2025-08-01,91.8499984741211,92.02999877929688,87.94000244140625,91.83000183105469,89.79426574707031,17725600
C,2025-08-04,91.75,92.81999969482422,91.52999877929688,92.08000183105469,90.63087463378906,11611400
C,2025-08-05,92.33000183105469,92.72000122070312,89.68000030517578,91.5199966430664,90.0796890258789,19836100
C,2025-08-06,91.87999725341797,92.62999725341797,91.61000061035156,92.2300033569336,90.77851867675781,13153600
C,2025-08-07,93.23999786376953,93.25,91.0999984741211,91.2300033569336,89.79425811767578,12964000
C,2025-08-08,91.97000122070312,93.29000091552734,91.33999633789062,92.7300033569336,91.27064514160156,10772600
C,2025-08-11,93.02999877929688,93.16999816894531,90.80000305175781,92.30999755859375,90.85724639892578,12133300
C,2025-08-12,93.22000122070312,95.76000213623047,93.01000213623047,95.73999786376953,94.2332763671875,21046400
C,2025-08-13,96.0,96.19999694824219,94.58000183105469,94.6500015258789,93.1604232788086,16605000
C,2025-08-14,94.45999908447266,95.48999786376953,94.2300033569336,95.45999908447266,93.95767211914062,13288800
C,2025-08-15,95.45999908447266,95.5,93.58999633789062,93.69000244140625,92.21554565429688,12000400
C,2025-08-18,93.3499984741211,94.36000061035156,93.33000183105469,94.22000122070312,92.73719787597656,8780700
C,2025-08-19,93.97000122070312,94.3499984741211,93.43000030517578,93.73999786376953,92.2647476196289,11504400
C,2025-08-20,93.52999877929688,93.75,90.68000030517578,93.16999816894531,91.70372772216797,13447400
C,2025-08-21,92.8499984741211,92.86000061035156,91.45999908447266,92.58999633789062,91.13285064697266,17635200
C,2025-08-22,92.95999908447266,95.62000274658203,92.83999633789062,95.26000213623047,93.76083374023438,20124400
C,2025-08-25,95.2300033569336,95.44999694824219,94.87999725341797,95.0,93.50492095947266,8647000
C,2025-08-26,94.68000030517578,95.73999786376953,94.02999877929688,95.72000122070312,94.21359252929688,11031100
C,2025-08-27,95.1500015258789,97.44999694824219,95.08999633789062,96.87000274658203,95.34549713134766,11315600
C,2025-08-28,97.37000274658203,97.48999786376953,96.54000091552734,96.81999969482422,95.29627227783203,10878900
C,2025-08-29,96.6500015258789,96.98999786376953,96.05000305175781,96.56999969482422,95.05022430419922,8362600
C,2025-09-02,95.0199966430664,95.0199966430664,92.95999908447266,94.77999877929688,93.28837585449219,15128800
C,2025-09-03,94.88999938964844,95.23999786376953,93.4000015258789,95.02999877929688,93.5344467163086,14158800
C,2025-09-04,95.30000305175781,97.1500015258789,95.30000305175781,97.08000183105469,95.55219268798828,12900100
C,2025-09-05,97.37000274658203,97.9800033569336,94.1500015258789,95.4000015258789,93.89863586425781,17020800
C,2025-09-08,95.86000061035156,95.97000122070312,94.63999938964844,95.87000274658203,94.3612289428711,11398800
C,2025-09-09,95.5,98.13999938964844,95.44999694824219,97.33999633789062,95.80809020996094,18101600
C,2025-09-10,97.5,98.37999725341797,96.51000213623047,97.16999816894531,95.6407699584961,12238300
C,2025-09-11,97.3499984741211,99.04000091552734,96.88999938964844,98.81999969482422,97.26480865478516,13426500
C,2025-09-12,98.77999877929688,99.69999694824219,98.44000244140625,99.44000244140625,97.87504577636719,9502900
C,2025-09-15,99.80000305175781,100.16999816894531,99.4000015258789,99.79000091552734,98.21953582763672,10620100
C,2025-09-16,99.86000061035156,100.8499984741211,99.20999908447266,100.63999938964844,99.05615997314453,12350700
C,2025-09-17,100.48999786376953,102.20999908447266,100.41000366210938,101.76000213623047,100.15853881835938,14371600
C,2025-09-18,101.97000122070312,102.69999694824219,101.69000244140625,102.41000366210938,100.79830932617188,11677600
C,2025-09-19,102.54000091552734,103.12999725341797,101.87000274658203,102.68000030517578,101.06405639648438,24745700
C,2025-09-22,101.76000213623047,103.80999755859375,101.69999694824219,103.48999786376953,101.86131286621094,11474500
C,2025-09-23,103.52999877929688,105.58999633789062,102.41000366210938,103.0,101.3790283203125,15747900
C,2025-09-24,103.38999938964844,104.06999969482422,101.62000274658203,101.6500015258789,100.0502700805664,12272400
C,2025-09-25,101.02999877929688,102.26000213623047,100.1500015258789,102.11000061035156,100.5030288696289,11232900
C,2025-09-26,102.51000213623047,104.31999969482422,102.51000213623047,103.41999816894531,101.79241180419922,11296300
C,2025-09-29,104.1500015258789,104.38999938964844,102.87999725341797,103.16000366210938,101.53651428222656,10748700
C,2025-09-30,103.0999984741211,103.62000274658203,99.13999938964844,101.5,99.90262603759766,17789100
C,2025-10-01,100.94000244140625,101.13999938964844,98.62000274658203,98.70999908447266,97.15653228759766,13793300
C,2025-10-02,99.08000183105469,99.44999694824219,96.69999694824219,97.33999633789062,95.80809020996094,14511900
C,2025-10-03,97.33999633789062,98.58000183105469,97.30000305175781,97.73999786376953,96.20179748535156,13863600
C,2025-10-06,99.19999694824219,100.05999755859375,97.04000091552734,98.05000305175781,96.50691986083984,10398000
C,2025-10-07,98.44999694824219,98.86000061035156,96.68000030517578,97.80000305175781,96.26085662841797,8519400
C,2025-10-08,98.19000244140625,98.19000244140625,96.58999633789062,96.69999694824219,95.17816925048828,8496000
C,2025-10-09,97.0199966430664,97.30000305175781,95.45999908447266,95.91999816894531,94.41044616699219,11300600
C,2025-10-10,96.19999694824219,97.9000015258789,93.66000366210938,93.93000030517578,92.4517593383789,18619500
C,2025-10-13,95.56999969482422,96.95999908447266,95.41000366210938,96.0999984741211,94.58761596679688,18463600
C,2025-10-14,95.37000274658203,101.22000122070312,95.04000091552734,99.83999633789062,98.26875305175781,33164600
C,2025-10-15,101.19000244140625,102.1500015258789,98.83999633789062,99.77999877929688,98.2096939086914,15730100
C,2025-10-16,100.20999908447266,100.69999694824219,95.23999786376953,96.26000213623047,94.7450942993164,20534000
C,2025-10-17,96.20999908447266,98.01000213623047,95.27999877929688,97.06999969482422,95.54234313964844,14007800
C,2025-10-20,97.47000122070312,99.5999984741211,97.12000274658203,99.30000305175781,97.73725891113281,11302700
C,2025-10-21,98.93000030517578,99.4000015258789,97.97000122070312,98.25,96.70377349853516,9150100
C,2025-10-22,98.19000244140625,98.4800033569336,95.0,96.30000305175781,94.78446197509766,14369200
C,2025-10-23,96.81999969482422,97.52999877929688,96.30000305175781,96.69000244140625,95.16831970214844,8189100
C,2025-10-24,97.38999938964844,99.51000213623047,97.3499984741211,98.77999877929688,97.2254409790039,11870700
C,2025-10-27,99.30000305175781,101.2300033569336,99.0999984741211,100.98999786376953,99.4006576538086,13214200
C,2025-10-28,101.0,101.52999877929688,100.12999725341797,101.38999938964844,99.79435729980469,8766400
C,2025-10-29,101.29000091552734,101.94000244140625,99.02999877929688,99.12000274658203,97.56008911132812,11878800
C,2025-10-30,98.62999725341797,101.45999908447266,98.30999755859375,100.22000122070312,98.64277648925781,9584000
C,2025-10-31,99.9000015258789,101.51000213623047,99.72000122070312,101.2300033569336,99.63687896728516,11190300
C,2025-11-03,100.72000122070312,101.63999938964844,99.05000305175781,101.61000061035156,100.6072006225586,10829100
C,2025-11-04,100.1500015258789,102.55000305175781,98.69000244140625,101.01000213623047,100.01313018798828,13449100
C,2025-11-05,101.25,102.27999877929688,99.01000213623047,101.69000244140625,100.68641662597656,9992400
C,2025-11-06,101.47000122070312,102.33999633789062,99.97000122070312,100.8499984741211,99.85469818115234,9282500
C,2025-11-07,100.01000213623047,100.83000183105469,97.37000274658203,100.79000091552734,99.79529571533203,14887100
C,2025-11-10,101.26000213623047,102.9000015258789,100.30999755859375,101.48999786376953,100.4883804321289,11270600
C,2025-11-11,101.63999938964844,102.08999633789062,100.30999755859375,100.76000213623047,99.76559448242188,9639500
C,2025-11-12,101.20999908447266,103.86000061035156,101.18000030517578,102.87000274658203,101.85477447509766,15069200
C,2025-11-13,102.44999694824219,103.56999969482422,100.47000122070312,100.66999816894531,99.67647552490234,11427000
C,2025-11-14,99.83000183105469,101.55000305175781,98.1500015258789,100.30000305175781,99.31013488769531,10134500
C,2025-11-17,100.08000183105469,100.27999877929688,97.22000122070312,98.19000244140625,97.22096252441406,11389600
C,2025-11-18,97.5,99.56999969482422,96.37999725341797,98.31999969482422,97.34967803955078,10463700
C,2025-11-19,98.16999816894531,100.58999633789062,98.08999633789062,99.83000183105469,98.84477233886719,8426800
C,2025-11-20,101.06999969482422,102.86000061035156,97.45999908447266,97.62999725341797,96.6664810180664,12633700
C,2025-11-21,98.12999725341797,99.33000183105469,95.83000183105469,98.69999694824219,97.72592163085938,14404700
C,2025-11-24,98.72000122070312,100.62000274658203,98.5999984741211,99.69000244140625,98.7061538696289,17389200
C,2025-11-25,100.36000061035156,101.75,99.52999877929688,101.16999816894531,100.17154693603516,10881900
C,2025-11-26,101.72000122070312,103.30000305175781,101.45999908447266,102.5,101.48841857910156,11384100
C,2025-11-28,102.80000305175781,104.37000274658203,102.51000213623047,103.5999984741211,102.57756042480469,5865200
C,2025-12-01,103.0999984741211,104.3499984741211,102.41000366210938,102.68000030517578,101.66664123535156,9663700
C,2025-12-02,103.5999984741211,104.19999694824219,103.01000213623047,103.19000244140625,102.1716079711914,8056900
C,2025-12-03,103.0999984741211,106.98999786376953,103.0999984741211,106.72000122070312,105.66677856445312,14003600
C,2025-12-04,106.66000366210938,108.70999908447266,106.62999725341797,107.79000091552734,106.7262191772461,12811300
C,2025-12-05,107.66999816894531,109.37000274658203,107.51000213623047,108.87999725341797,107.80545043945312,14936300
C,2025-12-08,109.19999694824219,110.25,107.73999786376953,108.91999816894531,107.84505462646484,11394800
C,2025-12-09,108.80000305175781,109.8499984741211,107.01000213623047,109.43000030517578,108.35002899169922,15822700
C,2025-12-10,109.36000061035156,111.91000366210938,109.26000213623047,111.08999633789062,109.99363708496094,16584300
C,2025-12-11,111.2699966430664,112.33999633789062,111.11000061035156,111.73999786376953,110.6372299194336,10829700
C,2025-12-12,113.30000305175781,113.43000030517578,111.19000244140625,111.80000305175781,110.69664001464844,11227900
C,2025-12-15,112.44999694824219,113.5199966430664,112.22000122070312,112.80000305175781,111.68677520751953,10692100
C,2025-12-16,112.80000305175781,113.37999725341797,110.55000305175781,111.27999877929688,110.18177032470703,12418200
C,2025-12-17,111.88999938964844,113.01000213623047,110.95999908447266,111.45999908447266,110.35999298095703,9949700
C,2025-12-18,112.22000122070312,113.8499984741211,112.12000274658203,112.83000183105469,111.71646881103516,21155800
C,2025-12-19,113.19999694824219,115.61000061035156,113.05000305175781,114.86000061035156,113.7264404296875,37660800
C,2025-12-22,115.20999908447266,118.6500015258789,114.87000274658203,118.08999633789062,116.92455291748047,20178100
C,2025-12-23,118.16000366210938,120.2699966430664,118.06999969482422,119.4000015258789,118.22163391113281,16135000
C,2025-12-24,119.70999908447266,122.83999633789062,119.25,121.55999755859375,120.36031341552734,13529600
C,2025-12-26,121.6500015258789,122.04000091552734,119.66999816894531,120.41999816894531,119.2315673828125,10603700
C,2025-12-29,120.36000061035156,120.56999969482422,117.9800033569336,118.12999725341797,116.96416473388672,11000600
C,2025-12-30,118.29000091552734,118.41000366210938,116.52999877929688,117.20999908447266,116.05325317382812,8636100
C,2025-12-31,117.4000015258789,117.62000274658203,116.37000274658203,116.69000244140625,115.53837585449219,6203300
C,2026-01-02,117.20999908447266,118.72000122070312,116.58999633789062,118.69999694824219,117.5285415649414,9245400
C,2026-01-05,119.30999755859375,124.0999984741211,119.30000305175781,123.30000305175781,122.08314514160156,19993400
C,2026-01-06,123.68000030517578,124.16999816894531,122.20999908447266,122.5,121.2910385131836,11940100
C,2026-01-07,122.30999755859375,122.58000183105469,120.69999694824219,121.37000274658203,120.17218780517578,11595800
C,2026-01-08,120.87999725341797,122.41999816894531,120.16000366210938,120.5999984741211,119.4097900390625,14801500
C,2026-01-09,120.94000244140625,121.73999786376953,120.1500015258789,121.31999969482422,120.1226806640625,7565700
C,2026-01-12,116.9000015258789,118.73999786376953,116.66999816894531,117.69999694824219,116.53840637207031,19926900
C,2026-01-13,117.72000122070312,118.2300033569336,115.54000091552734,116.30000305175781,115.15222930908203,18332300
C,2026-01-14,117.91000366210938,118.75,110.47000122070312,112.41000366210938,111.30062866210938,27984600
C,2026-01-15,113.8499984741211,117.95999908447266,112.75,117.45999908447266,116.30077362060547,18719700
C,2026-01-16,117.80000305175781,119.3499984741211,117.0,118.04000091552734,116.87505340576172,17153800
C,2026-01-20,114.45999908447266,116.5199966430664,112.38999938964844,112.80000305175781,111.68677520751953,20451300
C,2026-01-21,113.13999938964844,115.58999633789062,113.13999938964844,113.86000061035156,112.73631286621094,14199900
C,2026-01-22,114.56999969482422,116.63999938964844,114.05000305175781,115.66000366210938,114.51854705810547,11271500
C,2026-01-23,114.97000122070312,115.62999725341797,113.19999694824219,113.58999633789062,112.46896362304688,12164400
C,2026-01-26,113.9000015258789,115.4800033569336,113.86000061035156,114.81999969482422,113.68682861328125,11728700
C,2026-01-27,114.9000015258789,115.97000122070312,113.69999694824219,114.79000091552734,113.65713500976562,11976800
C,2026-01-28,114.5999984741211,115.70999908447266,113.13999938964844,114.19999694824219,113.07295227050781,11378300
C,2026-01-29,114.83999633789062,116.36000061035156,113.4000015258789,115.19999694824219,114.06307983398438,14443200
C,2026-01-30,114.41999816894531,116.6500015258789,114.18000030517578,115.70999908447266,114.56804656982422,12396600
C,2026-02-02,114.95999908447266,116.9800033569336,114.5999984741211,116.2300033569336,115.68277740478516,11773700
C,2026-02-03,117.0,118.91999816894531,115.37999725341797,117.70999908447266,117.15580749511719,15332100
C,2026-02-04,117.77999877929688,119.94000244140625,116.93000030517578,117.43000030517578,116.87712860107422,12408300
C,2026-02-05,116.41000366210938,116.41000366210938,112.91999816894531,115.73999786376953,115.19508361816406,18704600
C,2026-02-06,117.36000061035156,122.97000122070312,117.36000061035156,122.69000244140625,122.11236572265625,15248800
C,2026-02-09,122.19000244140625,125.16000366210938,121.69000244140625,123.7699966430664,123.18727111816406,12887500
C,2026-02-10,123.72000122070312,125.0,119.5,122.1500015258789,121.57490539550781,12121300
C,2026-02-11,123.58999633789062,124.23999786376953,117.36000061035156,117.38999938964844,116.83731079101562,13771400
C,2026-02-12,118.04000091552734,119.18000030517578,110.94000244140625,111.1500015258789,110.62669372558594,19353300
C,2026-02-13,109.7699966430664,111.43000030517578,108.38999938964844,110.86000061035156,110.33805847167969,16665200
C,2026-02-17,112.30000305175781,114.51000213623047,111.98999786376953,113.77999877929688,113.24430847167969,12314600
C,2026-02-18,115.04000091552734,117.04000091552734,114.97000122070312,116.2699966430664,115.72258758544922,11678900
C,2026-02-19,114.98999786376953,115.91000366210938,114.18000030517578,115.55000305175781,115.0059814453125,8085300
C,2026-02-20,115.26000213623047,116.12999725341797,113.83999633789062,116.0,115.453857421875,12986800
C,2026-02-23,115.33999633789062,116.91000366210938,108.86000061035156,110.75,110.22857666015625,17996400
C,2026-02-24,109.44999694824219,111.4000015258789,107.5,109.55999755859375,109.04417419433594,14981000
C,2026-02-25,111.31999969482422,114.51000213623047,110.83000183105469,114.33999633789062,113.80167388916016,13649100
C,2026-02-26,114.69999694824219,117.0,114.45999908447266,116.19000244140625,115.6429672241211,14759400
C,2026-02-27,113.18000030517578,113.18000030517578,108.66000366210938,110.19000244140625,109.67121887207031,29106900
C,2026-03-02,106.26000213623047,111.88999938964844,106.19999694824219,111.44999694824219,110.92527770996094,18976600
C,2026-03-03,107.43000030517578,112.37999725341797,106.75,110.76000213623047,110.23853302001953,15813300
C,2026-03-04,111.66999816894531,112.33000183105469,110.48999786376953,111.31999969482422,110.79589080810547,13042200
C,2026-03-05,110.56999969482422,111.5999984741211,107.88999938964844,108.94999694824219,108.43704986572266,15549100
C,2026-03-06,105.19000244140625,106.58999633789062,103.08999633789062,106.52999877929688,106.0284423828125,16586900
C,2026-03-09,104.44999694824219,107.05000305175781,102.01000213623047,106.58999633789062,106.0881576538086,18525600
C,2026-03-10,108.41000366210938,110.91000366210938,107.37000274658203,108.97000122070312,108.45695495605469,17843900
C,2026-03-11,108.33999633789062,109.54000091552734,107.4800033569336,109.19000244140625,108.6759262084961,12958400
C,2026-03-12,106.36000061035156,107.0,104.63999938964844,105.5,105.0032958984375,17487000
C,2026-03-13,106.12000274658203,107.9000015258789,105.38999938964844,105.69000244140625,105.1924057006836,11406900
C,2026-03-16,107.30999755859375,108.69000244140625,106.61000061035156,107.3499984741211,106.8445816040039,11902600
C,2026-03-17,108.5,109.73999786376953,107.41999816894531,107.70999908447266,107.20288848876953,12758400
C,2026-03-18,107.11000061035156,109.55000305175781,107.11000061035156,108.66999816894531,108.15837097167969,12337200
C,2026-03-19,107.33000183105469,110.58000183105469,106.83000183105469,109.8499984741211,109.33280944824219,16714500
C,2026-03-20,109.5999984741211,111.20999908447266,108.86000061035156,109.5199966430664,109.00436401367188,29718400
C,2026-03-23,113.12999725341797,113.38999938964844,110.97000122070312,111.63999938964844,111.11438751220703,16883200
C,2026-03-24,110.16999816894531,114.80000305175781,109.48999786376953,113.73999786376953,113.20449829101562,14105700
C,2026-03-25,114.98999786376953,116.12999725341797,113.58999633789062,114.4800033569336,113.9410171508789,11314900
C,2026-03-26,114.05999755859375,114.79000091552734,111.56999969482422,112.41000366210938,111.88076782226562,12689900
C,2026-03-27,111.06999969482422,111.86000061035156,106.95999908447266,107.37999725341797,106.87444305419922,23143000
C,2026-03-30,108.45999908447266,109.41999816894531,106.5199966430664,107.2699966430664,106.76496124267578,20319300
C,2026-03-31,109.0999984741211,113.7699966430664,108.3499984741211,113.41000366210938,112.87606048583984,18267700
C,2026-04-01,115.47000122070312,116.79000091552734,114.06999969482422,115.30000305175781,114.75715637207031,13273700
C,2026-04-02,112.31999969482422,115.61000061035156,111.75,115.25,114.70738983154297,9833900
C,2026-04-06,115.80000305175781,117.69999694824219,115.80000305175781,117.36000061035156,116.80745697021484,13319700
C,2026-04-07,116.4800033569336,117.69999694824219,115.75,117.12999725341797,116.57853698730469,8450100
C,2026-04-08,121.94999694824219,124.48999786376953,121.7300033569336,123.48999786376953,122.9085922241211,16312000
C,2026-04-09,122.80999755859375,125.4800033569336,122.33000183105469,124.91999816894531,124.33186340332031,8835400
C,2026-04-10,125.23999786376953,125.47000122070312,123.61000061035156,124.38999938964844,123.80435943603516,8958000
C,2026-04-13,123.01000213623047,126.30999755859375,122.3499984741211,126.27999877929688,125.68545532226562,14416800
C,2026-04-14,128.07000732421875,130.99000549316406,126.8499984741211,129.5800018310547,128.9699249267578,17034700
C,2026-04-15,131.25,132.86000061035156,130.57000732421875,131.69000244140625,131.0699920654297,14738900
C,2026-04-16,131.24000549316406,132.77000427246094,129.22000122070312,129.33999633789062,128.73104858398438,9290300
C,2026-04-17,131.0800018310547,133.57000732421875,130.66000366210938,132.17999267578125,131.55767822265625,15929400
C,2026-04-20,131.97999572753906,133.44000244140625,131.64999389648438,133.0500030517578,132.423583984375,10151800
C,2026-04-21,133.60000610351562,135.2899932861328,131.25999450683594,131.67999267578125,131.06002807617188,8081400
C,2026-04-22,132.41000366210938,132.47000122070312,129.39999389648438,129.72999572753906,129.1192169189453,10439100
C,2026-04-23,129.49000549316406,129.99000549316406,126.83999633789062,128.50999450683594,127.90495300292969,9084600
C,2026-04-24,128.27999877929688,129.05999755859375,127.5,127.9800033569336,127.37745666503906,6835000
C,2026-04-27,127.86000061035156,129.39999389648438,127.63999938964844,129.13999938964844,128.53199768066406,6155900
C,2026-04-28,130.4600067138672,131.30999755859375,128.00999450683594,128.52999877929688,127.92486572265625,9585300
C,2026-04-29,128.55999755859375,128.9199981689453,126.58000183105469,127.61000061035156,127.00920104980469,12796000
C,2026-04-30,127.69999694824219,128.9199981689453,126.55000305175781,127.9800033569336,127.37745666503906,12127700
C,2026-05-01,128.63999938964844,130.47999572753906,126.86000061035156,127.44000244140625,126.84000396728516,10616500
C,2026-05-04,126.86000061035156,127.05000305175781,124.5999984741211,125.62999725341797,125.62999725341797,15027900
C,2026-05-05,126.30999755859375,128.5800018310547,126.05000305175781,128.00999450683594,128.00999450683594,13566900
C,2026-05-06,130.49000549316406,131.5800018310547,127.47000122070312,127.5999984741211,127.5999984741211,13363800
C,2026-05-07,127.62000274658203,131.22999572753906,127.05999755859375,129.08999633789062,129.08999633789062,18802300
C,2026-05-08,130.19000244140625,131.9499969482422,125.22000122070312,125.55000305175781,125.55000305175781,17505500
C,2026-05-11,125.87000274658203,128.08999633789062,124.69000244140625,125.8499984741211,125.8499984741211,11377100
C,2026-05-12,126.06999969482422,126.55999755859375,123.25,126.44000244140625,126.44000244140625,9937100
C,2026-05-13,125.0,125.8499984741211,123.76000213623047,124.0999984741211,124.0999984741211,7207100
C,2026-05-14,125.08000183105469,126.3499984741211,123.4800033569336,124.81999969482422,124.81999969482422,8226300
C,2026-05-15,124.4800033569336,124.5,122.7300033569336,123.41999816894531,123.41999816894531,7762100
C,2026-05-18,123.30999755859375,124.44999694824219,121.80999755859375,122.41000366210938,122.41000366210938,8770600
C,2026-05-19,121.44999694824219,121.44999694824219,119.76000213623047,119.97000122070312,119.97000122070312,11092200
C,2026-05-20,120.97000122070312,125.27999877929688,119.88999938964844,124.81999969482422,124.81999969482422,11182000
C,2026-05-21,124.02999877929688,125.44999694824219,123.27999877929688,125.22000122070312,125.22000122070312,6834900
C,2026-05-22,125.98999786376953,126.48999786376953,124.87999725341797,125.08999633789062,125.08999633789062,6331000
C,2026-05-26,126.25,127.43000030517578,125.26000213623047,126.86000061035156,126.86000061035156,8966900
C,2026-05-27,127.08999633789062,127.7699966430664,124.45999908447266,125.38999938964844,125.38999938964844,8246300
C,2026-05-28,124.47000122070312,125.3499984741211,123.23999786376953,124.68000030517578,124.68000030517578,7933200
C,2026-05-29,124.6500015258789,126.8499984741211,123.5199966430664,125.9000015258789,125.9000015258789,17325700
C,2026-06-01,124.08000183105469,129.10000610351562,123.5999984741211,129.08999633789062,129.08999633789062,12543700
C,2026-06-02,128.69000244140625,132.4600067138672,128.69000244140625,131.25999450683594,131.25999450683594,13589300
C,2026-06-03,130.92999267578125,131.85000610351562,128.27000427246094,129.92999267578125,129.92999267578125,11146400
C,2026-06-04,131.27000427246094,135.6699981689453,130.8699951171875,135.14999389648438,135.14999389648438,11482600
C,2026-06-05,135.41000366210938,135.8300018310547,131.19000244140625,132.47000122070312,132.47000122070312,12557900
C,2026-06-08,133.39999389648438,134.8800048828125,132.97000122070312,133.27999877929688,133.27999877929688,11550500
C,2026-06-09,134.72999572753906,135.92999267578125,131.9199981689453,134.72999572753906,134.72999572753906,11663300
C,2026-06-10,134.19000244140625,137.1199951171875,132.55999755859375,133.3800048828125,133.3800048828125,15085500
C,2026-06-11,134.39999389648438,138.22999572753906,133.80999755859375,138.07000732421875,138.07000732421875,12464200
C,2026-06-12,139.75,141.1199951171875,138.2100067138672,139.8300018310547,139.8300018310547,10359700
C,2026-06-15,142.42999267578125,143.55999755859375,140.8800048828125,141.2100067138672,141.2100067138672,12775600
C,2026-06-16,143.0399932861328,143.5,141.0500030517578,142.99000549316406,142.99000549316406,13234700
C,2026-06-17,143.1999969482422,146.5399932861328,143.0399932861328,143.77999877929688,143.77999877929688,13140300
C,2026-06-18,146.49000549316406,147.9600067138672,143.0399932861328,143.05999755859375,143.05999755859375,29331200
DAL,2025-05-30,48.2400016784668,48.709999084472656,47.84000015258789,48.38999938964844,47.816226959228516,9190700
DAL,2025-06-02,48.09000015258789,48.86000061035156,47.4900016784668,48.5,47.924922943115234,8117500
DAL,2025-06-03,48.58000183105469,49.310001373291016,48.08000183105469,48.83000183105469,48.25101089477539,9400100
DAL,2025-06-04,48.720001220703125,49.720001220703125,48.61000061035156,48.97999954223633,48.399227142333984,8231200
DAL,2025-06-05,48.689998626708984,49.58000183105469,48.47999954223633,48.84000015258789,48.26089096069336,7398200
DAL,2025-06-06,49.79999923706055,51.04999923706055,49.790000915527344,50.95000076293945,50.34587478637695,7449500
DAL,2025-06-09,51.29999923706055,51.939998626708984,51.0099983215332,51.20000076293945,50.59291076660156,6378900
DAL,2025-06-10,51.20000076293945,52.08000183105469,50.79999923706055,51.68000030517578,51.06721878051758,5877900
DAL,2025-06-11,51.869998931884766,52.0,48.61000061035156,49.16999816894531,48.586978912353516,10205400
DAL,2025-06-12,48.4900016784668,48.939998626708984,47.880001068115234,48.880001068115234,48.300418853759766,7655000
DAL,2025-06-13,46.20000076293945,48.20000076293945,45.86000061035156,47.040000915527344,46.48223876953125,12952600
DAL,2025-06-16,47.72999954223633,49.599998474121094,47.400001525878906,49.459999084472656,48.87353515625,10242300
DAL,2025-06-17,48.5,48.939998626708984,47.04999923706055,47.31999969482422,46.758914947509766,9221600
DAL,2025-06-18,47.099998474121094,48.459999084472656,47.060001373291016,47.560001373291016,46.99606704711914,7391800
DAL,2025-06-20,47.81999969482422,48.189998626708984,47.119998931884766,47.20000076293945,46.64033889770508,10796100
DAL,2025-06-23,46.79999923706055,48.439998626708984,45.279998779296875,48.25,47.677886962890625,16437900
DAL,2025-06-24,49.5,50.290000915527344,49.09000015258789,49.560001373291016,48.972354888916016,11886500
DAL,2025-06-25,49.650001525878906,49.720001220703125,48.119998931884766,48.310001373291016,47.73717498779297,7885300
DAL,2025-06-26,48.540000915527344,49.25,48.189998626708984,48.970001220703125,48.389347076416016,8286300
DAL,2025-06-27,49.2400016784668,49.97999954223633,48.70000076293945,49.59000015258789,49.00199890136719,10177200
DAL,2025-06-30,49.81999969482422,50.0,48.619998931884766,49.18000030517578,48.59685516357422,12531200
DAL,2025-07-01,49.099998474121094,49.41999816894531,48.560001373291016,49.0,48.41899108886719,10037600
DAL,2025-07-02,49.18000030517578,50.150001525878906,48.2400016784668,50.130001068115234,49.53559875488281,9833400
DAL,2025-07-03,50.5,51.38999938964844,50.349998474121094,50.86000061035156,50.25693893432617,6123400
DAL,2025-07-07,50.65999984741211,51.70000076293945,49.189998626708984,50.0,49.407135009765625,12227000
DAL,2025-07-08,50.779998779296875,51.83000183105469,50.41999816894531,50.52000045776367,49.92096710205078,10734500
DAL,2025-07-09,51.27000045776367,51.52000045776367,49.83000183105469,50.70000076293945,50.098838806152344,12870400
DAL,2025-07-10,56.20000076293945,57.81999969482422,54.79999923706055,56.779998779296875,56.10674285888672,46966400
DAL,2025-07-11,56.22999954223633,56.79999923706055,54.65999984741211,56.650001525878906,55.97828674316406,17788900
DAL,2025-07-14,56.779998779296875,58.29999923706055,56.15999984741211,58.11000061035156,57.42097091674805,13722100
DAL,2025-07-15,57.9900016784668,58.18000030517578,55.4900016784668,55.709999084472656,55.04943084716797,13709600
DAL,2025-07-16,56.5,56.540000915527344,54.88999938964844,55.560001373291016,54.90121078491211,9066800
DAL,2025-07-17,56.209999084472656,57.369998931884766,55.630001068115234,56.34000015258789,55.671958923339844,13199000
DAL,2025-07-18,56.36000061035156,56.58000183105469,55.060001373291016,56.290000915527344,55.62255096435547,8978400
DAL,2025-07-21,56.380001068115234,56.61000061035156,55.849998474121094,56.040000915527344,55.375518798828125,6074500
DAL,2025-07-22,55.9900016784668,56.16999816894531,54.939998626708984,55.66999816894531,55.00990676879883,7547700
DAL,2025-07-23,56.349998474121094,56.900001525878906,55.95000076293945,55.97999954223633,55.31623077392578,6782300
DAL,2025-07-24,55.45000076293945,56.599998474121094,54.43000030517578,54.709999084472656,54.06128692626953,10696500
DAL,2025-07-25,54.79999923706055,55.0,54.2400016784668,54.86000061035156,54.20951461791992,6819900
DAL,2025-07-28,54.9900016784668,55.689998626708984,54.650001525878906,55.61000061035156,54.950618743896484,6545600
DAL,2025-07-29,55.970001220703125,55.970001220703125,54.220001220703125,54.5,53.85377883911133,5916300
DAL,2025-07-30,54.20000076293945,54.47999954223633,53.2599983215332,53.599998474121094,52.964447021484375,7354800
DAL,2025-07-31,53.45000076293945,53.72999954223633,52.81999969482422,53.209999084472656,52.76414108276367,6538100
DAL,2025-08-01,51.93000030517578,51.93000030517578,50.45000076293945,51.150001525878906,50.72140121459961,9535100
DAL,2025-08-04,51.459999084472656,52.59000015258789,51.22999954223633,52.52000045776367,52.079925537109375,7476400
DAL,2025-08-05,52.790000915527344,52.959999084472656,51.52000045776367,52.869998931884766,52.42698669433594,5846500
DAL,2025-08-06,53.0,54.34000015258789,52.95000076293945,54.119998931884766,53.66651916503906,8476700
DAL,2025-08-07,54.45000076293945,54.459999084472656,53.099998474121094,53.630001068115234,53.18062210083008,4976500
DAL,2025-08-08,54.130001068115234,54.29999923706055,52.880001068115234,53.63999938964844,53.19053649902344,6638000
DAL,2025-08-11,53.25,54.40999984741211,53.119998931884766,53.5,53.05170822143555,4821600
DAL,2025-08-12,54.720001220703125,58.56999969482422,54.68000030517578,58.439998626708984,57.950313568115234,15727800
DAL,2025-08-13,58.220001220703125,59.52000045776367,57.5099983215332,59.41999816894531,58.92210006713867,9103700
DAL,2025-08-14,58.849998474121094,59.060001373291016,58.20000076293945,58.959999084472656,58.46596145629883,4300300
DAL,2025-08-15,59.45000076293945,60.4900016784668,59.060001373291016,60.2400016784668,59.735233306884766,9825500
DAL,2025-08-18,59.970001220703125,61.31999969482422,59.59000015258789,61.09000015258789,60.5781135559082,6504200
DAL,2025-08-19,61.150001525878906,61.7400016784668,60.36000061035156,60.5,59.99305725097656,5734000
DAL,2025-08-20,59.849998474121094,60.310001373291016,58.31999969482422,59.04999923706055,58.555206298828125,6517000
DAL,2025-08-21,58.97999954223633,59.04999923706055,57.59000015258789,57.84000015258789,57.355342864990234,5175100
DAL,2025-08-22,58.25,61.95000076293945,58.11000061035156,61.689998626708984,61.1730842590332,10312400
DAL,2025-08-25,61.099998474121094,61.119998931884766,59.9900016784668,60.40999984741211,59.903812408447266,6191900
DAL,2025-08-26,60.41999816894531,61.83000183105469,60.209999084472656,61.150001525878906,60.63760757446289,5618800
DAL,2025-08-27,61.09000015258789,62.06999969482422,60.849998474121094,61.2599983215332,60.74668884277344,4693100
DAL,2025-08-28,61.689998626708984,62.459999084472656,60.86000061035156,61.970001220703125,61.45073699951172,5825000
DAL,2025-08-29,61.90999984741211,62.529998779296875,61.27000045776367,61.779998779296875,61.262325286865234,4856300
DAL,2025-09-02,60.540000915527344,61.34000015258789,59.970001220703125,61.130001068115234,60.617774963378906,6925300
DAL,2025-09-03,61.43000030517578,63.90999984741211,61.119998931884766,61.27000045776367,60.75660705566406,7237400
DAL,2025-09-04,61.34000015258789,62.68000030517578,60.369998931884766,60.54999923706055,60.04263687133789,7023800
DAL,2025-09-05,60.86000061035156,62.38999938964844,60.439998626708984,61.18000030517578,60.667354583740234,6398500
DAL,2025-09-08,61.0,61.86000061035156,60.5,61.7599983215332,61.242496490478516,7579200
DAL,2025-09-09,61.599998474121094,61.790000915527344,60.02000045776367,60.68000030517578,60.171546936035156,6424300
DAL,2025-09-10,60.560001373291016,61.93000030517578,60.29999923706055,61.38999938964844,60.8755989074707,5199500
DAL,2025-09-11,61.810001373291016,62.0,58.36000061035156,60.439998626708984,59.93355941772461,18816800
DAL,2025-09-12,60.81999969482422,60.91999816894531,59.84000015258789,59.869998931884766,59.36833190917969,6771000
DAL,2025-09-15,59.880001068115234,59.880001068115234,58.150001525878906,58.41999816894531,57.930484771728516,9773300
DAL,2025-09-16,58.47999954223633,58.63999938964844,57.04999923706055,57.86000061035156,57.37517547607422,10140900
DAL,2025-09-17,58.43000030517578,60.13999938964844,58.15999984741211,58.81999969482422,58.32713317871094,8361000
DAL,2025-09-18,59.439998626708984,59.849998474121094,58.970001220703125,59.470001220703125,58.97168731689453,5574400
DAL,2025-09-19,59.79999923706055,59.93000030517578,58.47999954223633,59.7599983215332,59.259254455566406,15278900
DAL,2025-09-22,59.45000076293945,59.619998931884766,57.72999954223633,58.88999938964844,58.396549224853516,7157800
DAL,2025-09-23,59.0,59.7400016784668,58.70000076293945,58.75,58.25771713256836,4527500
DAL,2025-09-24,59.02000045776367,59.09000015258789,57.56999969482422,57.709999084472656,57.22643280029297,5372600
DAL,2025-09-25,57.25,57.560001373291016,56.349998474121094,56.7400016784668,56.264564514160156,6781400
DAL,2025-09-26,57.380001068115234,57.93000030517578,56.84000015258789,57.20000076293945,56.720706939697266,6634400
DAL,2025-09-29,58.029998779296875,58.34000015258789,56.66999816894531,57.65999984741211,57.17685317993164,7822100
DAL,2025-09-30,57.63999938964844,58.150001525878906,55.720001220703125,56.75,56.274478912353516,8263400
DAL,2025-10-01,57.56999969482422,57.81999969482422,55.9900016784668,56.11000061035156,55.63983917236328,7005400
DAL,2025-10-02,56.63999938964844,57.56999969482422,55.79999923706055,57.08000183105469,56.601715087890625,7619700
DAL,2025-10-03,57.68000030517578,57.9900016784668,57.25,57.2599983215332,56.78020477294922,6390300
DAL,2025-10-06,57.68000030517578,58.529998779296875,56.68000030517578,58.2599983215332,57.771827697753906,7821500
DAL,2025-10-07,58.31999969482422,58.459999084472656,56.27000045776367,56.630001068115234,56.155487060546875,10623500
DAL,2025-10-08,56.9900016784668,57.61000061035156,56.29999923706055,57.119998931884766,56.64137649536133,12402700
DAL,2025-10-09,61.900001525878906,62.27000045776367,58.900001525878906,59.56999969482422,59.07084655761719,29289500
DAL,2025-10-10,59.93000030517578,60.970001220703125,57.45000076293945,57.47999954223633,56.99835968017578,14375100
DAL,2025-10-13,58.22999954223633,59.939998626708984,57.470001220703125,58.720001220703125,58.22797393798828,9448600
DAL,2025-10-14,57.79999923706055,61.79999923706055,57.68000030517578,61.27000045776367,60.75660705566406,10945000
DAL,2025-10-15,61.65999984741211,62.06999969482422,61.04999923706055,61.70000076293945,61.18300247192383,8882200
DAL,2025-10-16,61.630001068115234,62.02000045776367,59.16999816894531,60.400001525878906,60.07695007324219,12415900
DAL,2025-10-17,60.34000015258789,60.84000015258789,59.40999984741211,59.63999938964844,59.32101058959961,6230900
DAL,2025-10-20,60.08000183105469,62.22999954223633,59.209999084472656,61.75,61.41972732543945,6512100
DAL,2025-10-21,61.459999084472656,62.90999984741211,61.18000030517578,62.31999969482422,61.98667526245117,7041200
DAL,2025-10-22,62.0,62.54999923706055,59.97999954223633,60.0,59.6790885925293,7235700
DAL,2025-10-23,60.5,60.709999084472656,58.2599983215332,58.77000045776367,58.455665588378906,7687600
DAL,2025-10-24,59.869998931884766,61.81999969482422,59.380001068115234,60.95000076293945,60.62400817871094,8857500
DAL,2025-10-27,61.369998931884766,61.70000076293945,60.18000030517578,60.45000076293945,60.126678466796875,5658100
DAL,2025-10-28,60.34000015258789,60.41999816894531,57.7400016784668,57.86000061035156,57.550533294677734,8516600
DAL,2025-10-29,57.900001525878906,59.5,57.63999938964844,58.7599983215332,58.44572067260742,8625000
DAL,2025-10-30,58.209999084472656,58.720001220703125,56.9900016784668,57.119998931884766,56.81448745727539,7191600
DAL,2025-10-31,57.29999923706055,57.56999969482422,56.75,57.380001068115234,57.07310104370117,7677500
DAL,2025-11-03,57.290000915527344,58.83000183105469,56.86000061035156,58.5,58.187110900878906,7598000
DAL,2025-11-04,57.400001525878906,57.459999084472656,55.029998779296875,55.650001525878906,55.35235595703125,11622700
DAL,2025-11-05,56.29999923706055,59.0,56.029998779296875,58.540000915527344,58.22689437866211,8311000
DAL,2025-11-06,57.900001525878906,58.869998931884766,57.15999984741211,57.810001373291016,57.50080490112305,6605400
DAL,2025-11-07,56.86000061035156,60.16999816894531,56.22999954223633,58.880001068115234,58.56507873535156,8748700
DAL,2025-11-10,59.900001525878906,60.61000061035156,58.029998779296875,58.560001373291016,58.246788024902344,7918200
DAL,2025-11-11,58.45000076293945,58.880001068115234,57.349998474121094,57.7400016784668,57.431175231933594,5693800
DAL,2025-11-12,58.25,60.65999984741211,58.11000061035156,60.47999954223633,60.15652084350586,9805400
DAL,2025-11-13,60.369998931884766,61.41999816894531,59.459999084472656,59.90999984741211,59.589569091796875,8536100
DAL,2025-11-14,58.279998779296875,59.38999938964844,58.02000045776367,58.40999984741211,58.097591400146484,5320800
DAL,2025-11-17,58.150001525878906,58.31999969482422,55.41999816894531,55.7599983215332,55.46176528930664,8424500
DAL,2025-11-18,55.41999816894531,57.43000030517578,55.27000045776367,57.130001068115234,56.82443618774414,6441800
DAL,2025-11-19,57.790000915527344,58.209999084472656,56.369998931884766,56.869998931884766,56.56583023071289,5538400
DAL,2025-11-20,57.720001220703125,58.2400016784668,55.689998626708984,55.970001220703125,55.6706428527832,6229000
DAL,2025-11-21,56.86000061035156,59.5099983215332,56.599998474121094,58.56999969482422,58.25673294067383,9568000
DAL,2025-11-24,59.06999969482422,60.7400016784668,58.20000076293945,60.66999816894531,60.34550094604492,9994900
DAL,2025-11-25,60.5099983215332,62.81999969482422,60.5099983215332,62.150001525878906,61.817588806152344,7753400
DAL,2025-11-26,62.38999938964844,64.80999755859375,62.099998474121094,64.2699966430664,63.926246643066406,8122000
DAL,2025-11-28,64.56999969482422,64.97000122070312,64.0999984741211,64.0999984741211,63.75715637207031,3476200
DAL,2025-12-01,63.38999938964844,64.97000122070312,63.0,64.1500015258789,63.80689239501953,7252600
DAL,2025-12-02,64.4000015258789,65.7300033569336,63.81999969482422,65.13999938964844,64.79159545898438,7337600
DAL,2025-12-03,65.12000274658203,67.62000274658203,65.12000274658203,67.48999786376953,67.12902069091797,10140600
DAL,2025-12-04,67.5999984741211,68.05999755859375,66.87000274658203,67.23999786376953,66.88036346435547,9455900
DAL,2025-12-05,66.75,67.75,66.30000305175781,67.0999984741211,66.7411117553711,7895600
DAL,2025-12-08,67.68000030517578,67.75,66.05000305175781,67.22000122070312,66.8604736328125,9235500
DAL,2025-12-09,66.70999908447266,68.27999877929688,66.30000305175781,67.41000366210938,67.0494613647461,7340400
DAL,2025-12-10,67.69000244140625,69.94999694824219,67.26000213623047,69.93000030517578,69.55597686767578,11823200
DAL,2025-12-11,69.43000030517578,70.72000122070312,69.19000244140625,70.55999755859375,70.18260192871094,9134700
DAL,2025-12-12,70.94999694824219,71.58999633789062,69.62000274658203,69.80999755859375,69.43661499023438,7937900
DAL,2025-12-15,70.76000213623047,71.63999938964844,70.13999938964844,71.2699966430664,70.88880157470703,7993300
DAL,2025-12-16,71.4800033569336,72.33999633789062,70.0999984741211,71.13999938964844,70.7594985961914,10443600
DAL,2025-12-17,70.94000244140625,71.94999694824219,69.51000213623047,69.72000122070312,69.34709930419922,7222300
DAL,2025-12-18,70.81999969482422,70.98999786376953,70.0,70.1500015258789,69.7748031616211,5988000
DAL,2025-12-19,70.23999786376953,71.25,70.0199966430664,71.05999755859375,70.679931640625,16154200
DAL,2025-12-22,71.5,72.12000274658203,71.16999816894531,72.05999755859375,71.6745834350586,5141600
DAL,2025-12-23,71.79000091552734,71.9000015258789,70.33999633789062,70.5,70.1229248046875,6050300
DAL,2025-12-24,70.51000213623047,71.19000244140625,70.27999877929688,70.95999908447266,70.5804672241211,1821800
DAL,2025-12-26,70.83000183105469,71.20999908447266,70.41000366210938,70.8499984741211,70.47105407714844,2892400
DAL,2025-12-29,70.11000061035156,70.56999969482422,68.79000091552734,69.52999877929688,69.15811920166016,5262500
DAL,2025-12-30,69.48999786376953,69.8499984741211,69.0999984741211,69.33999633789062,68.96912384033203,3807600
DAL,2025-12-31,69.41000366210938,69.69999694824219,68.91000366210938,69.4000015258789,69.02881622314453,3233400
DAL,2026-01-02,69.8499984741211,70.0,68.5,69.05999755859375,68.69062805175781,5115400
DAL,2026-01-05,69.41999816894531,72.8499984741211,69.33000183105469,71.81999969482422,71.43586730957031,9263200
DAL,2026-01-06,71.9800033569336,73.16000366210938,71.12999725341797,72.22000122070312,71.83373260498047,7717900
DAL,2026-01-07,72.73999786376953,73.06999969482422,71.52999877929688,71.6500015258789,71.26677703857422,6399700
DAL,2026-01-08,71.44999694824219,72.33000183105469,71.23999786376953,71.29000091552734,70.90869903564453,4981800
DAL,2026-01-09,71.88999938964844,72.94999694824219,71.16000366210938,72.30999755859375,71.9232406616211,7971400
DAL,2026-01-12,70.80000305175781,71.37999725341797,69.61000061035156,71.02999877929688,70.65008544921875,10736400
DAL,2026-01-13,68.0999984741211,71.37000274658203,68.0999984741211,69.33000183105469,68.95919036865234,18342700
DAL,2026-01-14,69.38999938964844,70.76000213623047,67.55000305175781,68.48999786376953,68.12367248535156,9529700
DAL,2026-01-15,69.1500015258789,71.37999725341797,69.05999755859375,71.33999633789062,70.95843505859375,8223800
DAL,2026-01-16,71.37000274658203,71.66999816894531,70.06999969482422,70.43000030517578,70.05329895019531,7580100
DAL,2026-01-20,68.77999877929688,69.45999908447266,66.8499984741211,67.45999908447266,67.09918975830078,7740400
DAL,2026-01-21,68.44999694824219,69.94000244140625,68.16000366210938,68.94999694824219,68.58121490478516,9791200
DAL,2026-01-22,69.77999877929688,71.33000183105469,68.37999725341797,68.94999694824219,68.58121490478516,6874500
DAL,2026-01-23,68.2699966430664,68.4800033569336,67.4800033569336,67.95999908447266,67.59651184082031,6400300
DAL,2026-01-26,67.72000122070312,68.12000274658203,67.0,67.5,67.13897705078125,6981900
DAL,2026-01-27,68.12999725341797,68.30000305175781,65.55000305175781,66.13999938964844,65.78624725341797,8097200
DAL,2026-01-28,67.01000213623047,67.20999908447266,65.68000030517578,65.83000183105469,65.4779052734375,6165800
DAL,2026-01-29,65.80999755859375,66.56999969482422,64.47000122070312,66.54000091552734,66.18411254882812,9613500
DAL,2026-01-30,66.19999694824219,66.94000244140625,65.16999816894531,65.88999938964844,65.53758239746094,6680600
DAL,2026-02-02,66.75,69.5,66.08000183105469,69.08000183105469,68.71052551269531,10090600
DAL,2026-02-03,69.8499984741211,71.4800033569336,69.52999877929688,70.44000244140625,70.06324768066406,10014800
DAL,2026-02-04,70.58999633789062,71.94000244140625,68.4000015258789,70.86000061035156,70.48100280761719,9912000
DAL,2026-02-05,70.41000366210938,71.0,69.20999908447266,69.77999877929688,69.40677642822266,5655000
DAL,2026-02-06,70.4800033569336,75.66000366210938,70.26000213623047,75.3499984741211,74.94698333740234,13466800
DAL,2026-02-09,75.19999694824219,75.72000122070312,74.5,75.0,74.5988540649414,7613200
DAL,2026-02-10,74.62999725341797,75.4800033569336,74.44000244140625,74.45999908447266,74.0617446899414,6635000
DAL,2026-02-11,75.08999633789062,76.38999938964844,70.87000274658203,71.41999816894531,71.03800201416016,9527800
DAL,2026-02-12,72.0,72.61000061035156,67.7300033569336,69.5,69.1282730102539,9989100
DAL,2026-02-13,69.79000091552734,70.54000091552734,68.33999633789062,69.0,68.63095092773438,7381300
DAL,2026-02-17,69.5,71.4000015258789,69.44999694824219,70.8499984741211,70.47105407714844,6936100
DAL,2026-02-18,69.18000030517578,71.72000122070312,68.0,71.11000061035156,70.72966766357422,7742200
DAL,2026-02-19,69.94999694824219,69.98999786376953,67.23999786376953,67.44000244140625,67.07929229736328,8628200
DAL,2026-02-20,67.30999755859375,69.91999816894531,66.8499984741211,69.44000244140625,69.068603515625,7665200
DAL,2026-02-23,68.5999984741211,69.72000122070312,66.30000305175781,66.87999725341797,66.52228546142578,8154600
DAL,2026-02-24,67.0,70.05999755859375,66.80999755859375,69.2300033569336,68.85972595214844,9027600
DAL,2026-02-25,70.0,70.0999984741211,68.61000061035156,69.37999725341797,69.00891876220703,4899500
DAL,2026-02-26,70.18000030517578,71.55999755859375,69.61000061035156,70.51000213623047,70.32343292236328,7271100
DAL,2026-02-27,67.75,67.75,65.36000061035156,65.69999694824219,65.52615356445312,12371500
DAL,2026-03-02,62.93000030517578,64.80000305175781,61.599998474121094,64.25,64.07999420166016,11728000
DAL,2026-03-03,62.4900016784668,65.6500015258789,61.150001525878906,64.5999984741211,64.42906188964844,11508500
DAL,2026-03-04,64.87000274658203,65.9000015258789,63.720001220703125,63.83000183105469,63.66110610961914,9415200
DAL,2026-03-05,62.0,62.40999984741211,59.16999816894531,61.310001373291016,61.14777374267578,20671100
DAL,2026-03-06,59.31999969482422,59.970001220703125,58.470001220703125,59.0099983215332,58.85385513305664,23029000
DAL,2026-03-09,57.560001373291016,60.63999938964844,55.279998779296875,60.58000183105469,60.41970443725586,28401600
DAL,2026-03-10,60.04999923706055,61.54999923706055,58.470001220703125,59.27000045776367,59.1131706237793,24287100
DAL,2026-03-11,59.529998779296875,59.709999084472656,57.63999938964844,59.13999938964844,58.98351287841797,13719700
DAL,2026-03-12,57.369998931884766,58.470001220703125,57.25,57.939998626708984,57.786685943603516,15013600
DAL,2026-03-13,58.59000015258789,59.04999923706055,57.70000076293945,58.779998779296875,58.62446594238281,12554000
DAL,2026-03-16,59.369998931884766,61.11000061035156,59.13999938964844,60.84000015258789,60.67901611328125,14465500
DAL,2026-03-17,63.459999084472656,65.31999969482422,62.849998474121094,64.83000183105469,64.65846252441406,24657100
DAL,2026-03-18,64.25,65.02999877929688,63.630001068115234,63.810001373291016,63.64115905761719,11810200
DAL,2026-03-19,62.779998779296875,65.72000122070312,62.779998779296875,65.01000213623047,64.83798217773438,12368100
DAL,2026-03-20,64.75,64.91000366210938,62.68000030517578,63.439998626708984,63.272132873535156,17890100
DAL,2026-03-23,66.5199966430664,66.7300033569336,65.01000213623047,65.12999725341797,64.9576644897461,18189300
DAL,2026-03-24,64.0,66.97000122070312,63.540000915527344,66.6500015258789,66.47364044189453,14678300
DAL,2026-03-25,67.01000213623047,68.5999984741211,67.01000213623047,67.98999786376953,67.81009674072266,13239800
DAL,2026-03-26,67.37999725341797,68.02999877929688,66.5199966430664,66.86000061035156,66.68309020996094,11104600
DAL,2026-03-27,66.02999877929688,66.66000366210938,64.47000122070312,64.83000183105469,64.65846252441406,11844400
DAL,2026-03-30,64.45999908447266,65.05999755859375,62.95000076293945,63.189998626708984,63.022796630859375,14631800
DAL,2026-03-31,63.95000076293945,67.38999938964844,63.869998931884766,66.4800033569336,66.30409240722656,17749200
DAL,2026-04-01,67.01000213623047,68.31999969482422,66.9000015258789,67.5999984741211,67.42112731933594,12564300
DAL,2026-04-02,64.9000015258789,67.38999938964844,64.16999816894531,66.76000213623047,66.5833511352539,11240500
DAL,2026-04-06,66.55999755859375,67.81999969482422,65.94000244140625,66.77999877929688,66.6032943725586,8207800
DAL,2026-04-07,65.95999908447266,66.58999633789062,65.05000305175781,65.62000274658203,65.44637298583984,16273700
DAL,2026-04-08,73.0,74.19000244140625,68.08000183105469,68.08000183105469,67.89985656738281,20679500
DAL,2026-04-09,67.63999938964844,69.13999938964844,66.20999908447266,67.83000183105469,67.65052032470703,11636400
DAL,2026-04-10,68.1500015258789,68.62999725341797,67.37999725341797,67.81999969482422,67.64054870605469,8040800
DAL,2026-04-13,66.9000015258789,67.16000366210938,65.76000213623047,67.05000305175781,66.87258911132812,8593800
DAL,2026-04-14,68.5999984741211,72.18000030517578,68.08000183105469,71.69999694824219,71.5102767944336,16227100
DAL,2026-04-15,71.55999755859375,73.4000015258789,70.87000274658203,71.98999786376953,71.79950714111328,12333500
DAL,2026-04-16,71.87000274658203,72.93000030517578,69.66999816894531,69.88999938964844,69.70507049560547,8826100
DAL,2026-04-17,74.41999816894531,75.0199966430664,71.31999969482422,71.72000122070312,71.53022766113281,12765600
DAL,2026-04-20,71.05000305175781,72.25,70.58999633789062,71.20999908447266,71.02157592773438,7616700
DAL,2026-04-21,70.5,71.77999877929688,69.58999633789062,70.22000122070312,70.03419494628906,9904800
DAL,2026-04-22,70.48999786376953,70.80000305175781,68.08000183105469,68.41000366210938,68.22898864746094,7763600
DAL,2026-04-23,68.4800033569336,70.27999877929688,67.45999908447266,68.37000274658203,68.18909454345703,8670600
DAL,2026-04-24,68.7699966430664,69.58000183105469,67.98999786376953,68.44999694824219,68.26887512207031,5999500
DAL,2026-04-27,68.75,69.6500015258789,68.19999694824219,68.19999694824219,68.01953887939453,6457200
DAL,2026-04-28,67.7699966430664,68.38999938964844,66.83999633789062,67.22000122070312,67.0421371459961,7020800
DAL,2026-04-29,66.69999694824219,67.19999694824219,65.81999969482422,66.2699966430664,66.09464263916016,8098700
DAL,2026-04-30,67.30000305175781,68.33000183105469,67.05000305175781,67.98999786376953,67.81009674072266,6294400
DAL,2026-05-01,68.30000305175781,70.75,67.5999984741211,68.9800033569336,68.79747772216797,9132000
DAL,2026-05-04,68.66999816894531,70.38999938964844,67.87000274658203,68.5,68.3187484741211,8584400
DAL,2026-05-05,68.93000030517578,71.33000183105469,68.91000366210938,70.86000061035156,70.67250061035156,8247000
DAL,2026-05-06,74.37999725341797,74.75,72.7300033569336,73.33999633789062,73.14593505859375,9503800
DAL,2026-05-07,74.23999786376953,74.97000122070312,72.30000305175781,73.11000061035156,72.91654968261719,8301300
DAL,2026-05-08,73.43000030517578,73.93000030517578,72.69999694824219,73.33000183105469,73.13597106933594,5073200
DAL,2026-05-11,73.05000305175781,73.08000183105469,71.08999633789062,71.19999694824219,71.0115966796875,6681700
DAL,2026-05-12,70.51000213623047,71.0,70.01000213623047,70.70999908447266,70.52289581298828,5532700
DAL,2026-05-13,70.48999786376953,71.33000183105469,70.12000274658203,71.05000305175781,70.86199951171875,4530500
DAL,2026-05-14,72.0,72.54000091552734,71.01000213623047,71.55000305175781,71.55000305175781,5877500
DAL,2026-05-15,70.52999877929688,70.9800033569336,69.55999755859375,70.2300033569336,70.2300033569336,7336100
DAL,2026-05-18,71.05999755859375,72.52999877929688,69.4800033569336,70.23999786376953,70.23999786376953,6781900
DAL,2026-05-19,69.22000122070312,69.22000122070312,67.76000213623047,67.76000213623047,67.76000213623047,5735900
DAL,2026-05-20,68.6500015258789,74.94999694824219,68.16000366210938,74.12000274658203,74.12000274658203,11954600
DAL,2026-05-21,72.9000015258789,75.69999694824219,72.61000061035156,75.6500015258789,75.6500015258789,8298200
DAL,2026-05-22,76.02999877929688,77.0999984741211,75.51000213623047,76.13999938964844,76.13999938964844,6437100
DAL,2026-05-26,78.19999694824219,79.58999633789062,78.01000213623047,79.38999938964844,79.38999938964844,9492400
DAL,2026-05-27,80.75,83.76000213623047,80.75,81.80000305175781,81.80000305175781,11966100
DAL,2026-05-28,80.9000015258789,83.0,80.33999633789062,82.48999786376953,82.48999786376953,7700700
DAL,2026-05-29,82.94000244140625,83.83000183105469,82.36000061035156,82.4800033569336,82.4800033569336,8224600
DAL,2026-06-01,81.06999969482422,81.83999633789062,79.30000305175781,81.47000122070312,81.47000122070312,7337000
DAL,2026-06-02,81.3499984741211,81.93000030517578,79.61000061035156,80.0199966430664,80.0199966430664,5198800
DAL,2026-06-03,79.69999694824219,79.94000244140625,78.5999984741211,78.77999877929688,78.77999877929688,5275000
DAL,2026-06-04,80.27999877929688,80.44000244140625,78.8499984741211,79.51000213623047,79.51000213623047,4843400
DAL,2026-06-05,79.05999755859375,80.05000305175781,78.54000091552734,79.41999816894531,79.41999816894531,5067600
DAL,2026-06-08,79.5199966430664,80.01000213623047,78.19999694824219,78.20999908447266,78.20999908447266,4692700
DAL,2026-06-09,79.86000061035156,81.80000305175781,78.11000061035156,81.16999816894531,81.16999816894531,7695300
DAL,2026-06-10,79.30999755859375,79.7699966430664,76.43000030517578,76.47000122070312,76.47000122070312,6647300
DAL,2026-06-11,76.51000213623047,81.9800033569336,76.4000015258789,81.83000183105469,81.83000183105469,7975700
DAL,2026-06-12,83.16000366210938,83.44000244140625,80.93000030517578,83.05999755859375,83.05999755859375,6867900
DAL,2026-06-15,86.05000305175781,87.38999938964844,83.88999938964844,84.06999969482422,84.06999969482422,9785300
DAL,2026-06-16,85.0999984741211,85.7300033569336,82.93000030517578,83.13999938964844,83.13999938964844,10288300
DAL,2026-06-17,83.37999725341797,84.05000305175781,81.9000015258789,82.25,82.25,10340400
DAL,2026-06-18,84.12999725341797,85.04000091552734,83.66999816894531,84.18000030517578,84.18000030517578,14843800
F,2025-05-30,10.180000305175781,10.460000038146973,10.119999885559082,10.380000114440918,9.892176628112793,152191600
F,2025-06-02,10.270000457763672,10.279999732971191,9.880000114440918,9.979999542236328,9.510974884033203,170340800
F,2025-06-03,9.970000267028809,10.229999542236328,9.890000343322754,10.1899995803833,9.711106300354004,121584300
F,2025-06-04,10.1899995803833,10.369999885559082,10.180000305175781,10.239999771118164,9.758755683898926,123191200
F,2025-06-05,10.199999809265137,10.25,10.029999732971191,10.100000381469727,9.625336647033691,133191400
F,2025-06-06,10.15999984741211,10.350000381469727,10.149999618530273,10.260000228881836,9.777816772460938,105916700
F,2025-06-09,10.289999961853027,10.449999809265137,10.289999961853027,10.34000015258789,9.854057312011719,63638900
F,2025-06-10,10.380000114440918,10.649999618530273,10.359999656677246,10.600000381469727,10.101838111877441,87955500
F,2025-06-11,10.640000343322754,10.770000457763672,10.609999656677246,10.65999984741211,10.159018516540527,93094900
F,2025-06-12,10.579999923706055,10.59000015258789,10.430000305175781,10.529999732971191,10.035126686096191,76393300
F,2025-06-13,10.470000267028809,10.510000228881836,10.380000114440918,10.430000305175781,9.939827919006348,90106200
F,2025-06-16,10.5,10.670000076293945,10.5,10.619999885559082,10.120898246765137,75195200
F,2025-06-17,10.59000015258789,10.630000114440918,10.380000114440918,10.420000076293945,9.9302978515625,100969400
F,2025-06-18,10.430000305175781,10.529999732971191,10.399999618530273,10.430000305175781,9.939827919006348,82770200
F,2025-06-20,10.489999771118164,10.600000381469727,10.460000038146973,10.59000015258789,10.092308044433594,116743400
F,2025-06-23,10.550000190734863,10.75,10.539999961853027,10.75,10.244789123535156,77576500
F,2025-06-24,10.789999961853027,10.869999885559082,10.720000267028809,10.729999542236328,10.225728034973145,77244400
F,2025-06-25,10.760000228881836,10.770000457763672,10.420000076293945,10.479999542236328,9.987476348876953,91927300
F,2025-06-26,10.5,10.649999618530273,10.470000267028809,10.630000114440918,10.130428314208984,88416400
F,2025-06-27,10.699999809265137,10.920000076293945,10.680000305175781,10.800000190734863,10.292438507080078,182008200
F,2025-06-30,10.720000267028809,10.859999656677246,10.6899995803833,10.850000381469727,10.340089797973633,88472200
F,2025-07-01,10.8100004196167,11.380000114440918,10.789999961853027,11.350000381469727,10.816590309143066,140150700
F,2025-07-02,11.380000114440918,11.779999732971191,11.369999885559082,11.770000457763672,11.216853141784668,122331600
F,2025-07-03,11.75,11.960000038146973,11.75,11.8100004196167,11.254973411560059,60311500
F,2025-07-07,11.600000381469727,11.789999961853027,11.479999542236328,11.59000015258789,11.04531192779541,73842100
F,2025-07-08,11.649999618530273,11.850000381469727,11.640000343322754,11.680000305175781,11.131082534790039,74190200
F,2025-07-09,11.779999732971191,11.899999618530273,11.760000228881836,11.829999923706055,11.274031639099121,63886900
F,2025-07-10,11.859999656677246,11.970000267028809,11.779999732971191,11.90999984741211,11.350271224975586,67263000
F,2025-07-11,11.850000381469727,11.859999656677246,11.710000038146973,11.779999732971191,11.2263822555542,65340700
F,2025-07-14,11.760000228881836,11.899999618530273,11.670000076293945,11.880000114440918,11.32168197631836,62098100
F,2025-07-15,11.899999618530273,11.930000305175781,11.520000457763672,11.569999694824219,11.026250839233398,65101900
F,2025-07-16,11.350000381469727,11.449999809265137,11.149999618530273,11.239999771118164,10.711760520935059,107978100
F,2025-07-17,11.1899995803833,11.350000381469727,11.109999656677246,11.149999618530273,10.625988960266113,70345300
F,2025-07-18,11.170000076293945,11.239999771118164,11.050000190734863,11.15999984741211,10.635519981384277,68812600
F,2025-07-21,11.260000228881836,11.449999809265137,11.210000038146973,11.3100004196167,10.778470993041992,65515600
F,2025-07-22,11.239999771118164,11.289999961853027,11.079999923706055,11.1899995803833,10.66411018371582,79403800
F,2025-07-23,11.279999732971191,11.460000038146973,11.279999732971191,11.380000114440918,10.84518051147461,76163200
F,2025-07-24,11.3100004196167,11.430000305175781,11.229999542236328,11.260000228881836,10.730820655822754,63557800
F,2025-07-25,11.34000015258789,11.489999771118164,11.239999771118164,11.470000267028809,10.930951118469238,52312300
F,2025-07-28,11.479999542236328,11.489999771118164,11.25,11.279999732971191,10.74988079071045,54173600
F,2025-07-29,11.289999961853027,11.289999961853027,11.0600004196167,11.079999923706055,10.55927848815918,58371500
F,2025-07-30,11.130000114440918,11.130000114440918,10.819999694824219,10.869999885559082,10.359148025512695,79866900
F,2025-07-31,10.770000457763672,11.149999618530273,10.680000305175781,11.069999694824219,10.549749374389648,101090900
F,2025-08-01,10.920000076293945,10.920000076293945,10.680000305175781,10.819999694824219,10.311497688293457,73541500
F,2025-08-04,10.890000343322754,11.020000457763672,10.859999656677246,10.949999809265137,10.435388565063477,56696800
F,2025-08-05,10.979999542236328,11.100000381469727,10.899999618530273,11.0600004196167,10.5402193069458,58864300
F,2025-08-06,11.109999656677246,11.260000228881836,11.079999923706055,11.210000038146973,10.6831693649292,59519800
F,2025-08-07,11.300000190734863,11.390000343322754,11.100000381469727,11.279999732971191,10.74988079071045,71775000
F,2025-08-08,11.3100004196167,11.369999885559082,11.210000038146973,11.319999694824219,10.787999153137207,48465300
F,2025-08-11,11.300000190734863,11.569999694824219,11.0600004196167,11.140000343322754,10.759026527404785,84333000
F,2025-08-12,11.199999809265137,11.319999694824219,11.130000114440918,11.25,10.865263938903809,63944100
F,2025-08-13,11.270000457763672,11.489999771118164,11.1899995803833,11.4399995803833,11.048766136169434,63823300
F,2025-08-14,11.300000190734863,11.449999809265137,11.220000267028809,11.4399995803833,11.048766136169434,52469200
F,2025-08-15,11.430000305175781,11.520000457763672,11.40999984741211,11.4399995803833,11.048766136169434,46141400
F,2025-08-18,11.399999618530273,11.479999542236328,11.369999885559082,11.460000038146973,11.068082809448242,37113800
F,2025-08-19,11.520000457763672,11.729999542236328,11.489999771118164,11.579999923706055,11.183979034423828,58020200
F,2025-08-20,11.520000457763672,11.600000381469727,11.470000267028809,11.489999771118164,11.09705638885498,46469900
F,2025-08-21,11.420000076293945,11.430000305175781,11.199999809265137,11.329999923706055,10.942527770996094,51779300
F,2025-08-22,11.390000343322754,11.770000457763672,11.390000343322754,11.739999771118164,11.338506698608398,58538700
F,2025-08-25,11.720000267028809,11.850000381469727,11.680000305175781,11.819999694824219,11.415771484375,45038800
F,2025-08-26,11.8100004196167,11.869999885559082,11.770000457763672,11.84000015258789,11.435087203979492,48613300
F,2025-08-27,11.819999694824219,11.979999542236328,11.8100004196167,11.90999984741211,11.502693176269531,40381500
F,2025-08-28,11.989999771118164,11.989999771118164,11.630000114440918,11.710000038146973,11.30953311920166,47723700
F,2025-08-29,11.739999771118164,11.829999923706055,11.720000267028809,11.770000457763672,11.36748218536377,44069700
F,2025-09-02,11.760000228881836,11.890000343322754,11.640000343322754,11.720000267028809,11.319190979003906,57704200
F,2025-09-03,11.670000076293945,11.729999542236328,11.569999694824219,11.619999885559082,11.222610473632812,47728700
F,2025-09-04,11.649999618530273,11.699999809265137,11.569999694824219,11.680000305175781,11.280559539794922,33136700
F,2025-09-05,11.710000038146973,11.90999984741211,11.65999984741211,11.739999771118164,11.338506698608398,47547800
F,2025-09-08,11.75,11.75,11.579999923706055,11.6899995803833,11.290216445922852,39734500
F,2025-09-09,11.670000076293945,11.680000305175781,11.449999809265137,11.489999771118164,11.09705638885498,41262700
F,2025-09-10,11.489999771118164,11.520000457763672,11.3100004196167,11.420000076293945,11.029450416564941,47021300
F,2025-09-11,11.460000038146973,11.789999961853027,11.430000305175781,11.760000228881836,11.357823371887207,64196100
F,2025-09-12,11.75,11.8100004196167,11.65999984741211,11.680000305175781,11.280559539794922,50100800
F,2025-09-15,11.739999771118164,11.760000228881836,11.609999656677246,11.680000305175781,11.280559539794922,47942400
F,2025-09-16,11.6899995803833,11.779999732971191,11.510000228881836,11.609999656677246,11.212952613830566,58065000
F,2025-09-17,11.630000114440918,11.880000114440918,11.550000190734863,11.65999984741211,11.261242866516113,68585900
F,2025-09-18,11.6899995803833,11.779999732971191,11.619999885559082,11.739999771118164,11.338506698608398,55040100
F,2025-09-19,11.770000457763672,11.800000190734863,11.59000015258789,11.619999885559082,11.222610473632812,71676300
F,2025-09-22,11.600000381469727,11.699999809265137,11.569999694824219,11.65999984741211,11.261242866516113,58432700
F,2025-09-23,11.699999809265137,11.930000305175781,11.699999809265137,11.729999542236328,11.328848838806152,55667600
F,2025-09-24,11.729999542236328,11.829999923706055,11.59000015258789,11.630000114440918,11.232269287109375,60193800
F,2025-09-25,11.539999961853027,11.649999618530273,11.369999885559082,11.619999885559082,11.222610473632812,67656300
F,2025-09-26,11.649999618530273,12.319999694824219,11.649999618530273,12.010000228881836,11.599273681640625,117681800
F,2025-09-29,12.100000381469727,12.119999885559082,11.890000343322754,12.09000015258789,11.67653751373291,83325000
F,2025-09-30,12.109999656677246,12.199999809265137,11.90999984741211,11.960000038146973,11.550983428955078,70765000
F,2025-10-01,12.119999885559082,12.279999732971191,12.039999961853027,12.270000457763672,11.850381851196289,73578400
F,2025-10-02,12.279999732971191,12.430000305175781,12.119999885559082,12.220000267028809,11.802091598510742,74530500
F,2025-10-03,12.25,12.670000076293945,12.199999809265137,12.670000076293945,12.236702919006348,100778600
F,2025-10-06,12.630000114440918,12.800000190734863,12.479999542236328,12.699999809265137,12.265676498413086,90544900
F,2025-10-07,12.5,12.529999732971191,11.739999771118164,11.920000076293945,11.512351036071777,154390200
F,2025-10-08,11.979999542236328,12.010000228881836,11.680000305175781,11.739999771118164,11.338506698608398,78469700
F,2025-10-09,11.75,11.770000457763672,11.479999542236328,11.5,11.106714248657227,70320500
F,2025-10-10,11.550000190734863,11.59000015258789,11.350000381469727,11.40999984741211,11.019792556762695,84595400
F,2025-10-13,11.489999771118164,11.630000114440918,11.460000038146973,11.539999961853027,11.145347595214844,73939400
F,2025-10-14,11.380000114440918,11.760000228881836,11.34000015258789,11.649999618530273,11.25158405303955,89117900
F,2025-10-15,11.680000305175781,11.779999732971191,11.640000343322754,11.760000228881836,11.357823371887207,88960700
F,2025-10-16,11.739999771118164,11.789999961853027,11.640000343322754,11.739999771118164,11.338506698608398,108701200
F,2025-10-17,11.739999771118164,12.010000228881836,11.720000267028809,11.920000076293945,11.512351036071777,107633500
F,2025-10-20,11.930000305175781,12.079999923706055,11.90999984741211,11.989999771118164,11.579957008361816,77878900
F,2025-10-21,12.260000228881836,12.630000114440918,12.069999694824219,12.5600004196167,12.130464553833008,297153200
F,2025-10-22,12.529999732971191,12.600000381469727,12.279999732971191,12.430000305175781,12.00490951538086,415062200
F,2025-10-23,12.470000267028809,12.489999771118164,12.1899995803833,12.34000015258789,11.917987823486328,479840300
F,2025-10-24,12.729999542236328,13.970000267028809,12.710000038146973,13.84000015258789,13.366689682006836,298366900
F,2025-10-27,13.800000190734863,13.800000190734863,13.210000038146973,13.260000228881836,12.806526184082031,140859000
F,2025-10-28,13.239999771118164,13.279999732971191,13.039999961853027,13.130000114440918,12.680970191955566,96738500
F,2025-10-29,13.100000381469727,13.390000343322754,13.069999694824219,13.239999771118164,12.787209510803223,127512200
F,2025-10-30,13.140000343322754,13.289999961853027,13.0600004196167,13.0600004196167,12.613365173339844,80766300
F,2025-10-31,13.039999961853027,13.170000076293945,12.989999771118164,13.130000114440918,12.680970191955566,68862000
F,2025-11-03,13.100000381469727,13.100000381469727,12.899999618530273,13.010000228881836,12.565074920654297,80419400
F,2025-11-04,12.90999984741211,12.930000305175781,12.75,12.789999961853027,12.352598190307617,70360600
F,2025-11-05,12.920000076293945,13.3100004196167,12.880000114440918,13.109999656677246,12.661654472351074,79134300
F,2025-11-06,13.140000343322754,13.260000228881836,12.979999542236328,13.119999885559082,12.67131233215332,82291000
F,2025-11-07,12.960000038146973,13.239999771118164,12.949999809265137,13.210000038146973,12.90578556060791,80011300
F,2025-11-10,13.229999542236328,13.239999771118164,13.0,13.15999984741211,12.856937408447266,62051200
F,2025-11-11,13.1899995803833,13.4399995803833,13.1899995803833,13.300000190734863,12.993714332580566,79742400
F,2025-11-12,13.300000190734863,13.5,13.300000190734863,13.449999809265137,13.140259742736816,61840500
F,2025-11-13,13.399999618530273,13.5,13.25,13.279999732971191,12.974174499511719,71481600
F,2025-11-14,13.180000305175781,13.3100004196167,13.100000381469727,13.1899995803833,12.886245727539062,67932400
F,2025-11-17,13.180000305175781,13.180000305175781,12.779999732971191,12.880000114440918,12.583386421203613,73404400
F,2025-11-18,12.869999885559082,13.09000015258789,12.760000228881836,13.020000457763672,12.720161437988281,70215400
F,2025-11-19,13.029999732971191,13.149999618530273,12.859999656677246,12.899999618530273,12.602925300598145,49619300
F,2025-11-20,12.90999984741211,13.010000228881836,12.380000114440918,12.40999984741211,12.1242094039917,95861900
F,2025-11-21,12.510000228881836,12.9399995803833,12.489999771118164,12.829999923706055,12.534536361694336,74048900
F,2025-11-24,12.84000015258789,12.979999542236328,12.829999923706055,12.960000038146973,12.661543846130371,52936200
F,2025-11-25,12.989999771118164,13.260000228881836,12.979999542236328,13.170000076293945,12.866706848144531,52885000
F,2025-11-26,13.170000076293945,13.260000228881836,13.119999885559082,13.1899995803833,12.886245727539062,44942200
F,2025-11-28,13.210000038146973,13.34000015258789,13.180000305175781,13.279999732971191,12.974174499511719,29536200
F,2025-12-01,13.199999809265137,13.390000343322754,13.130000114440918,13.15999984741211,12.856937408447266,51594000
F,2025-12-02,13.1899995803833,13.1899995803833,12.869999885559082,12.960000038146973,12.661543846130371,57641700
F,2025-12-03,12.989999771118164,13.140000343322754,12.960000038146973,13.09000015258789,12.78855037689209,45364700
F,2025-12-04,13.1899995803833,13.239999771118164,13.0600004196167,13.140000343322754,12.837398529052734,47554800
F,2025-12-05,13.149999618530273,13.279999732971191,13.0,13.029999732971191,12.729930877685547,54099400
F,2025-12-08,13.069999694824219,13.15999984741211,12.949999809265137,13.140000343322754,12.837398529052734,45580800
F,2025-12-09,13.130000114440918,13.220000267028809,13.0600004196167,13.079999923706055,12.778779983520508,33350000
F,2025-12-10,13.079999923706055,13.420000076293945,13.069999694824219,13.40999984741211,13.101180076599121,72210700
F,2025-12-11,13.390000343322754,13.680000305175781,13.300000190734863,13.630000114440918,13.31611442565918,59012300
F,2025-12-12,13.670000076293945,13.84000015258789,13.670000076293945,13.760000228881836,13.443120002746582,48337300
F,2025-12-15,13.800000190734863,13.8100004196167,13.489999771118164,13.649999618530273,13.335653305053711,53577300
F,2025-12-16,13.720000267028809,13.989999771118164,13.569999694824219,13.670000076293945,13.355193138122559,69408900
F,2025-12-17,13.630000114440918,13.65999984741211,13.289999961853027,13.3100004196167,13.003483772277832,58320600
F,2025-12-18,13.380000114440918,13.470000267028809,13.25,13.319999694824219,13.013253211975098,52604800
F,2025-12-19,13.3100004196167,13.479999542236328,13.279999732971191,13.470000267028809,13.159799575805664,61640600
F,2025-12-22,13.510000228881836,13.609999656677246,13.420000076293945,13.460000038146973,13.150029182434082,31106100
F,2025-12-23,13.430000305175781,13.449999809265137,13.279999732971191,13.289999961853027,12.983943939208984,25440800
F,2025-12-24,13.300000190734863,13.380000114440918,13.25,13.359999656677246,13.05233097076416,14227600
F,2025-12-26,13.34000015258789,13.380000114440918,13.260000228881836,13.3100004196167,13.003483772277832,22471400
F,2025-12-29,13.270000457763672,13.3100004196167,13.239999771118164,13.279999732971191,12.974174499511719,24398300
F,2025-12-30,13.279999732971191,13.289999961853027,13.199999809265137,13.229999542236328,12.925325393676758,23002800
F,2025-12-31,13.210000038146973,13.220000267028809,13.119999885559082,13.119999885559082,12.817858695983887,26302300
F,2026-01-02,13.180000305175781,13.390000343322754,13.0600004196167,13.34000015258789,13.032792091369629,46366900
F,2026-01-05,13.25,13.479999542236328,13.199999809265137,13.470000267028809,13.159799575805664,50135200
F,2026-01-06,13.510000228881836,13.859999656677246,13.319999694824219,13.800000190734863,13.482198715209961,84534700
F,2026-01-07,13.800000190734863,13.819999694824219,13.59000015258789,13.739999771118164,13.423580169677734,50609000
F,2026-01-08,13.890000343322754,14.5,13.890000343322754,14.399999618530273,14.068381309509277,154276800
F,2026-01-09,14.350000381469727,14.40999984741211,14.09000015258789,14.199999809265137,13.872986793518066,68436200
F,2026-01-12,14.149999618530273,14.1899995803833,13.960000038146973,14.029999732971191,13.706902503967285,53444000
F,2026-01-13,14.0600004196167,14.130000114440918,13.960000038146973,13.979999542236328,13.658053398132324,58867500
F,2026-01-14,14.0,14.119999885559082,13.789999961853027,13.84000015258789,13.521278381347656,65318600
F,2026-01-15,13.920000076293945,14.130000114440918,13.789999961853027,13.8100004196167,13.491969108581543,44241500
F,2026-01-16,13.760000228881836,13.800000190734863,13.59000015258789,13.600000381469727,13.286805152893066,60750800
F,2026-01-20,13.470000267028809,13.609999656677246,13.229999542236328,13.279999732971191,12.974174499511719,67018100
F,2026-01-21,13.40999984741211,13.770000457763672,13.40999984741211,13.770000457763672,13.452890396118164,58160100
F,2026-01-22,13.779999732971191,13.84000015258789,13.699999809265137,13.710000038146973,13.394271850585938,38170300
F,2026-01-23,13.699999809265137,13.699999809265137,13.550000190734863,13.5600004196167,13.247726440429688,39702100
F,2026-01-26,13.5600004196167,13.65999984741211,13.34000015258789,13.4399995803833,13.130489349365234,59171000
F,2026-01-27,13.640000343322754,13.949999809265137,13.510000228881836,13.930000305175781,13.60920524597168,100003700
F,2026-01-28,13.880000114440918,13.890000343322754,13.760000228881836,13.819999694824219,13.501738548278809,48751800
F,2026-01-29,13.890000343322754,14.09000015258789,13.800000190734863,14.0,13.677593231201172,84803900
F,2026-01-30,13.90999984741211,13.979999542236328,13.789999961853027,13.880000114440918,13.560357093811035,66996300
F,2026-02-02,13.859999656677246,13.899999618530273,13.75,13.8100004196167,13.491969108581543,54218100
F,2026-02-03,13.819999694824219,14.039999961853027,13.609999656677246,13.729999542236328,13.413810729980469,76638000
F,2026-02-04,13.720000267028809,14.0,13.6899995803833,13.819999694824219,13.501738548278809,70488700
F,2026-02-05,13.75,13.819999694824219,13.529999732971191,13.720000267028809,13.404041290283203,79719900
F,2026-02-06,13.779999732971191,13.880000114440918,13.670000076293945,13.800000190734863,13.482198715209961,55588200
F,2026-02-09,13.75,13.779999732971191,13.529999732971191,13.59000015258789,13.277034759521484,59778000
F,2026-02-10,13.640000343322754,13.739999771118164,13.569999694824219,13.569999694824219,13.257494926452637,80827700
F,2026-02-11,13.619999885559082,13.880000114440918,13.520000457763672,13.850000381469727,13.531048774719238,129595000
F,2026-02-12,13.899999618530273,14.359999656677246,13.850000381469727,14.0,13.677593231201172,133257200
F,2026-02-13,13.880000114440918,14.34000015258789,13.850000381469727,14.119999885559082,13.944231986999512,87400200
F,2026-02-17,14.09000015258789,14.170000076293945,13.930000305175781,14.130000114440918,13.954108238220215,57684800
F,2026-02-18,14.109999656677246,14.140000343322754,13.8100004196167,13.850000381469727,13.677594184875488,64199300
F,2026-02-19,13.770000457763672,13.949999809265137,13.6899995803833,13.779999732971191,13.608464241027832,58268500
F,2026-02-20,13.779999732971191,14.039999961853027,13.720000267028809,14.010000228881836,13.835601806640625,67701100
F,2026-02-23,13.979999542236328,14.039999961853027,13.569999694824219,13.640000343322754,13.470208168029785,59134400
F,2026-02-24,13.770000457763672,14.329999923706055,13.729999542236328,14.199999809265137,14.023236274719238,73560800
F,2026-02-25,14.25,14.489999771118164,14.149999618530273,14.430000305175781,14.250373840332031,58968700
F,2026-02-26,14.449999809265137,14.800000190734863,14.300000190734863,14.40999984741211,14.230622291564941,61456300
F,2026-02-27,14.319999694824219,14.569999694824219,14.029999732971191,14.09000015258789,13.914606094360352,73157000
F,2026-03-02,13.930000305175781,13.930000305175781,13.220000267028809,13.390000343322754,13.223320007324219,110305500
F,2026-03-03,13.069999694824219,13.180000305175781,12.680000305175781,12.699999809265137,12.541908264160156,102354700
F,2026-03-04,12.949999809265137,13.149999618530273,12.8100004196167,12.8100004196167,12.65053939819336,73976700
F,2026-03-05,12.699999809265137,12.75,12.239999771118164,12.34000015258789,12.186389923095703,71944300
F,2026-03-06,12.170000076293945,12.319999694824219,12.029999732971191,12.149999618530273,11.998754501342773,59877700
F,2026-03-09,11.9399995803833,12.199999809265137,11.800000190734863,12.1899995803833,12.038256645202637,69611200
F,2026-03-10,12.1899995803833,12.510000228881836,12.1899995803833,12.239999771118164,12.087635040283203,56746300
F,2026-03-11,12.270000457763672,12.489999771118164,12.029999732971191,12.109999656677246,11.95925235748291,50074500
F,2026-03-12,11.930000305175781,12.1899995803833,11.850000381469727,12.039999961853027,11.890124320983887,51733900
F,2026-03-13,12.109999656677246,12.130000114440918,11.649999618530273,11.670000076293945,11.524730682373047,48546500
F,2026-03-16,11.819999694824219,11.880000114440918,11.640000343322754,11.710000038146973,11.56423282623291,49441400
F,2026-03-17,11.859999656677246,12.029999732971191,11.84000015258789,11.9399995803833,11.79136848449707,59520100
F,2026-03-18,11.869999885559082,12.010000228881836,11.699999809265137,11.789999961853027,11.64323616027832,55564800
F,2026-03-19,11.680000305175781,11.75,11.479999542236328,11.640000343322754,11.49510383605957,47423400
F,2026-03-20,11.640000343322754,11.680000305175781,11.369999885559082,11.520000457763672,11.376598358154297,147725100
F,2026-03-23,11.930000305175781,12.010000228881836,11.720000267028809,11.760000228881836,11.61361026763916,44442200
F,2026-03-24,11.680000305175781,11.880000114440918,11.670000076293945,11.84000015258789,11.692614555358887,31903900
F,2026-03-25,11.949999809265137,12.010000228881836,11.65999984741211,11.670000076293945,11.524730682373047,37746100
F,2026-03-26,11.5600004196167,11.720000267028809,11.489999771118164,11.600000381469727,11.455601692199707,28517600
F,2026-03-27,11.539999961853027,11.550000190734863,11.289999961853027,11.369999885559082,11.22846508026123,33064600
F,2026-03-30,11.40999984741211,11.449999809265137,11.109999656677246,11.210000038146973,11.070456504821777,41459900
F,2026-03-31,11.359999656677246,11.59000015258789,11.270000457763672,11.539999961853027,11.39634895324707,38287900
F,2026-04-01,11.619999885559082,11.6899995803833,11.579999923706055,11.680000305175781,11.534605979919434,33991700
F,2026-04-02,11.470000267028809,11.619999885559082,11.359999656677246,11.600000381469727,11.455601692199707,31109100
F,2026-04-06,11.600000381469727,11.630000114440918,11.5,11.609999656677246,11.465476989746094,24374600
F,2026-04-07,11.539999961853027,11.609999656677246,11.350000381469727,11.520000457763672,11.376598358154297,41991600
F,2026-04-08,11.960000038146973,12.239999771118164,11.960000038146973,12.180000305175781,12.028382301330566,58140000
F,2026-04-09,12.069999694824219,12.270000457763672,11.960000038146973,12.239999771118164,12.087635040283203,32576200
F,2026-04-10,12.34000015258789,12.420000076293945,12.069999694824219,12.130000114440918,11.97900390625,28362700
F,2026-04-13,12.029999732971191,12.170000076293945,11.920000076293945,12.15999984741211,12.008630752563477,32688600
F,2026-04-14,12.510000228881836,12.75,12.449999809265137,12.710000038146973,12.55178451538086,50232200
F,2026-04-15,12.699999809265137,12.760000228881836,12.489999771118164,12.710000038146973,12.55178451538086,39926500
F,2026-04-16,12.670000076293945,12.75,12.420000076293945,12.4399995803833,12.285144805908203,37407700
F,2026-04-17,12.640000343322754,13.039999961853027,12.619999885559082,12.869999885559082,12.709792137145996,45735000
F,2026-04-20,12.8100004196167,12.920000076293945,12.75,12.869999885559082,12.709792137145996,26029000
F,2026-04-21,12.869999885559082,13.029999732971191,12.779999732971191,12.779999732971191,12.620912551879883,32210000
F,2026-04-22,12.84000015258789,12.880000114440918,12.579999923706055,12.630000114440918,12.472780227661133,23958300
F,2026-04-23,12.609999656677246,12.699999809265137,12.369999885559082,12.479999542236328,12.324646949768066,30844500
F,2026-04-24,12.449999809265137,12.460000038146973,12.289999961853027,12.380000114440918,12.225892066955566,35043500
F,2026-04-27,12.380000114440918,12.649999618530273,12.380000114440918,12.489999771118164,12.334522247314453,35098200
F,2026-04-28,12.520000457763672,12.520000457763672,12.239999771118164,12.399999618530273,12.24564266204834,44278000
F,2026-04-29,12.369999885559082,12.380000114440918,12.140000343322754,12.239999771118164,12.087635040283203,48672800
F,2026-04-30,11.550000190734863,12.09000015258789,11.470000267028809,12.079999923706055,11.92962646484375,80557900
F,2026-05-01,12.0600004196167,12.069999694824219,11.779999732971191,11.880000114440918,11.73211669921875,52880500
F,2026-05-04,11.850000381469727,11.880000114440918,11.460000038146973,11.5,11.356846809387207,51014800
F,2026-05-05,11.5600004196167,11.789999961853027,11.5600004196167,11.6899995803833,11.54448127746582,42262100
F,2026-05-06,11.9399995803833,12.25,11.9399995803833,12.170000076293945,12.018506050109863,52111200
F,2026-05-07,12.220000267028809,12.300000190734863,12.0600004196167,12.180000305175781,12.028382301330566,38986700
F,2026-05-08,12.289999961853027,12.369999885559082,12.180000305175781,12.319999694824219,12.166638374328613,38453500
F,2026-05-11,12.34000015258789,12.390000343322754,12.010000228881836,12.050000190734863,11.90000057220459,48850800
F,2026-05-12,11.920000076293945,12.029999732971191,11.800000190734863,11.989999771118164,11.989999771118164,42165300
F,2026-05-13,11.970000267028809,13.9399995803833,11.970000267028809,13.569999694824219,13.569999694824219,216261200
F,2026-05-14,13.75,14.9399995803833,13.630000114440918,14.479999542236328,14.479999542236328,187021600
F,2026-05-15,13.979999542236328,14.050000190734863,13.289999961853027,13.399999618530273,13.399999618530273,108272300
F,2026-05-18,13.989999771118164,13.989999771118164,13.020000457763672,13.029999732971191,13.029999732971191,69708800
F,2026-05-19,12.890000343322754,13.229999542236328,12.720000267028809,13.0600004196167,13.0600004196167,41418200
F,2026-05-20,13.050000190734863,13.3100004196167,12.920000076293945,13.220000267028809,13.220000267028809,42349000
F,2026-05-21,13.170000076293945,13.800000190734863,13.140000343322754,13.670000076293945,13.670000076293945,72523100
F,2026-05-22,13.789999961853027,14.949999809265137,13.770000457763672,14.930000305175781,14.930000305175781,109712200
F,2026-05-26,14.779999732971191,15.550000190734863,14.779999732971191,15.319999694824219,15.319999694824219,90423300
F,2026-05-27,15.430000305175781,16.059999465942383,15.390000343322754,15.880000114440918,15.880000114440918,89234100
F,2026-05-28,15.859999656677246,16.75,15.859999656677246,16.649999618530273,16.649999618530273,98577300
F,2026-05-29,16.8799991607666,17.780000686645508,16.81999969482422,17.440000534057617,17.440000534057617,154228200
F,2026-06-01,17.3799991607666,17.479999542236328,16.6299991607666,16.6299991607666,16.6299991607666,97586400
F,2026-06-02,16.56999969482422,16.75,15.829999923706055,16.149999618530273,16.149999618530273,72847500
F,2026-06-03,16.010000228881836,16.200000762939453,15.630000114440918,15.710000038146973,15.710000038146973,59298500
F,2026-06-04,15.890000343322754,15.890000343322754,15.220000267028809,15.34000015258789,15.34000015258789,50079400
F,2026-06-05,15.229999542236328,15.260000228881836,14.680000305175781,14.899999618530273,14.899999618530273,65372100
F,2026-06-08,14.989999771118164,15.1899995803833,14.90999984741211,15.0,15.0,33038300
F,2026-06-09,15.109999656677246,15.390000343322754,14.489999771118164,14.949999809265137,14.949999809265137,51032600
F,2026-06-10,14.84000015258789,14.84000015258789,14.229999542236328,14.300000190734863,14.300000190734863,50776700
F,2026-06-11,14.300000190734863,14.779999732971191,14.100000381469727,14.710000038146973,14.710000038146973,47657200
F,2026-06-12,14.75,15.0,14.609999656677246,14.84000015258789,14.84000015258789,42162200
F,2026-06-15,15.220000267028809,15.479999542236328,14.739999771118164,14.770000457763672,14.770000457763672,48551900
F,2026-06-16,14.789999961853027,14.850000381469727,14.40999984741211,14.40999984741211,14.40999984741211,47490000
F,2026-06-17,14.430000305175781,14.479999542236328,13.930000305175781,13.960000038146973,13.960000038146973,43099800
F,2026-06-18,14.119999885559082,14.130000114440918,13.720000267028809,14.0600004196167,14.0600004196167,88711700
GM,2025-05-30,48.459999084472656,49.939998626708984,48.290000915527344,49.61000061035156,49.004173278808594,17722800
GM,2025-06-02,49.099998474121094,49.189998626708984,47.040000915527344,47.689998626708984,47.10761260986328,13019200
GM,2025-06-03,47.54999923706055,49.13999938964844,47.290000915527344,49.060001373291016,48.46088409423828,12403500
GM,2025-06-04,49.060001373291016,49.099998474121094,47.599998474121094,47.66999816894531,47.087860107421875,9889300
GM,2025-06-05,47.5099983215332,47.849998474121094,46.81999969482422,47.25,46.6729850769043,10095800
GM,2025-06-06,47.63999938964844,47.84000015258789,47.20000076293945,47.470001220703125,47.03963851928711,7949200
GM,2025-06-09,47.869998931884766,48.56999969482422,47.72999954223633,47.93000030517578,47.49546432495117,6467700
GM,2025-06-10,48.09000015258789,49.33000183105469,47.84000015258789,48.93000030517578,48.48640060424805,7942600
GM,2025-06-11,49.33000183105469,50.400001525878906,49.27000045776367,49.869998931884766,49.417877197265625,10605800
GM,2025-06-12,49.459999084472656,49.540000915527344,48.599998474121094,49.2599983215332,48.81340408325195,6602200
GM,2025-06-13,48.619998931884766,49.18000030517578,48.40999984741211,48.650001525878906,48.20893859863281,8701700
GM,2025-06-16,49.25,49.470001220703125,48.650001525878906,49.27000045776367,48.82331466674805,5884700
GM,2025-06-17,48.869998931884766,49.25,48.25,48.279998779296875,47.842288970947266,9078700
GM,2025-06-18,48.29999923706055,48.70000076293945,47.939998626708984,48.09000015258789,47.654014587402344,8418000
GM,2025-06-20,48.41999816894531,48.7400016784668,47.790000915527344,48.20000076293945,47.76301956176758,22249800
GM,2025-06-23,47.959999084472656,48.58000183105469,47.630001068115234,48.52000045776367,48.080116271972656,10626500
GM,2025-06-24,48.959999084472656,49.369998931884766,48.849998474121094,49.0,48.55576705932617,12550400
GM,2025-06-25,49.02000045776367,49.099998474121094,47.81999969482422,48.130001068115234,47.69365310668945,6906500
GM,2025-06-26,48.040000915527344,49.189998626708984,47.720001220703125,49.15999984741211,48.71430969238281,10386300
GM,2025-06-27,49.31999969482422,50.13999938964844,49.08000183105469,49.68000030517578,49.22959899902344,10695800
GM,2025-06-30,49.58000183105469,49.619998931884766,48.93000030517578,49.209999084472656,48.76385498046875,9634700
GM,2025-07-01,48.81999969482422,52.130001068115234,48.79999923706055,52.029998779296875,51.558292388916016,13748000
GM,2025-07-02,52.029998779296875,52.77000045776367,51.959999084472656,52.68000030517578,52.202396392822266,9461800
GM,2025-07-03,52.790000915527344,53.959999084472656,52.70000076293945,52.88999938964844,52.41049575805664,6612300
GM,2025-07-07,52.279998779296875,53.27000045776367,51.40999984741211,51.81999969482422,51.35020065307617,11028600
GM,2025-07-08,52.15999984741211,52.86000061035156,52.0,52.189998626708984,51.71683883666992,7523400
GM,2025-07-09,52.630001068115234,52.790000915527344,52.2599983215332,52.56999969482422,52.09339904785156,5322600
GM,2025-07-10,52.439998626708984,53.290000915527344,52.2599983215332,53.150001525878906,52.66814422607422,6397200
GM,2025-07-11,52.81999969482422,53.560001373291016,52.560001373291016,53.38999938964844,52.90596389770508,7698200
GM,2025-07-14,53.349998474121094,53.689998626708984,52.689998626708984,53.33000183105469,52.84651184082031,6934000
GM,2025-07-15,53.459999084472656,53.75,52.689998626708984,52.709999084472656,52.23212814331055,7702700
GM,2025-07-16,52.7400016784668,53.52000045776367,52.7400016784668,53.18000030517578,52.6978645324707,8242500
GM,2025-07-17,53.29999923706055,53.88999938964844,52.88999938964844,53.209999084472656,52.727596282958984,6827000
GM,2025-07-18,53.40999984741211,53.709999084472656,52.880001068115234,53.220001220703125,52.737510681152344,6497300
GM,2025-07-21,53.349998474121094,54.29999923706055,53.18000030517578,53.209999084472656,52.727596282958984,13055500
GM,2025-07-22,51.720001220703125,52.09000015258789,48.869998931884766,48.88999938964844,48.44675827026367,33792400
GM,2025-07-23,49.900001525878906,53.27000045776367,49.869998931884766,53.130001068115234,52.648319244384766,25657000
GM,2025-07-24,52.970001220703125,53.400001525878906,52.2400016784668,52.34000015258789,51.865482330322266,10219800
GM,2025-07-25,52.86000061035156,53.470001220703125,52.08000183105469,53.400001525878906,52.91587448120117,6491300
GM,2025-07-28,53.220001220703125,53.939998626708984,53.029998779296875,53.45000076293945,52.965423583984375,6954500
GM,2025-07-29,53.790000915527344,53.790000915527344,52.08000183105469,52.11000061035156,51.637569427490234,8443000
GM,2025-07-30,52.38999938964844,52.75,51.689998626708984,52.11000061035156,51.637569427490234,7854200
GM,2025-07-31,52.56999969482422,54.709999084472656,52.459999084472656,53.34000015258789,52.856414794921875,14455100
GM,2025-08-01,52.150001525878906,53.029998779296875,51.880001068115234,52.529998779296875,52.05375671386719,9540500
GM,2025-08-04,52.70000076293945,53.2400016784668,52.47999954223633,52.77000045776367,52.291587829589844,7417700
GM,2025-08-05,53.31999969482422,53.33000183105469,52.25,52.58000183105469,52.10330581665039,6913100
GM,2025-08-06,52.72999954223633,53.130001068115234,52.09000015258789,52.470001220703125,51.99430847167969,5390500
GM,2025-08-07,52.79999923706055,53.43000030517578,52.540000915527344,52.95000076293945,52.46995162963867,6029200
GM,2025-08-08,53.099998474121094,53.81999969482422,53.09000015258789,53.529998779296875,53.0446891784668,4126600
GM,2025-08-11,53.95000076293945,54.75,53.34000015258789,54.0099983215332,53.52033996582031,6690700
GM,2025-08-12,54.31999969482422,54.75,53.95000076293945,54.15999984741211,53.668983459472656,6780600
GM,2025-08-13,54.47999954223633,55.790000915527344,54.15999984741211,55.58000183105469,55.07611083984375,6942100
GM,2025-08-14,55.630001068115234,56.5099983215332,54.81999969482422,56.41999816894531,55.90849304199219,6647600
GM,2025-08-15,56.91999816894531,56.9900016784668,56.29999923706055,56.310001373291016,55.79949188232422,5597300
GM,2025-08-18,56.130001068115234,56.54999923706055,56.09000015258789,56.22999954223633,55.720218658447266,6740600
GM,2025-08-19,56.47999954223633,57.40999984741211,56.310001373291016,57.060001373291016,56.542694091796875,5987900
GM,2025-08-20,56.900001525878906,57.189998626708984,56.63999938964844,56.77000045776367,56.25532150268555,7258200
GM,2025-08-21,56.38999938964844,56.630001068115234,55.09000015258789,56.5099983215332,55.997676849365234,8192100
GM,2025-08-22,57.04999923706055,58.779998779296875,57.0,58.369998931884766,57.84081268310547,6320200
GM,2025-08-25,58.20000076293945,58.41999816894531,57.880001068115234,58.279998779296875,57.75162887573242,3802000
GM,2025-08-26,58.2400016784668,58.939998626708984,58.099998474121094,58.79999923706055,58.26691818237305,7311100
GM,2025-08-27,58.560001373291016,59.22999954223633,58.41999816894531,58.75,58.21737289428711,9848100
GM,2025-08-28,58.9900016784668,59.0,57.7599983215332,58.4900016784668,57.9597282409668,7209300
GM,2025-08-29,58.47999954223633,58.66999816894531,57.86000061035156,58.59000015258789,58.05882263183594,4972500
GM,2025-09-02,57.540000915527344,58.63999938964844,56.9900016784668,58.529998779296875,57.99936294555664,5675900
GM,2025-09-03,58.119998931884766,58.849998474121094,57.70000076293945,57.75,57.226436614990234,6762600
GM,2025-09-04,58.0,58.2400016784668,57.47999954223633,58.150001525878906,57.6228141784668,5880100
GM,2025-09-05,58.08000183105469,58.810001373291016,57.7599983215332,58.27000045776367,57.89105224609375,7378100
GM,2025-09-08,58.130001068115234,58.2599983215332,57.400001525878906,58.20000076293945,57.82151412963867,6399200
GM,2025-09-09,58.13999938964844,58.15999984741211,57.599998474121094,58.0099983215332,57.63274002075195,4616400
GM,2025-09-10,57.880001068115234,57.880001068115234,56.61000061035156,57.34000015258789,56.96710205078125,7207400
GM,2025-09-11,57.540000915527344,58.709999084472656,57.470001220703125,58.709999084472656,58.32818603515625,5808500
GM,2025-09-12,59.849998474121094,60.0,58.47999954223633,58.5,58.11955642700195,12020300
GM,2025-09-15,58.959999084472656,59.02000045776367,58.31999969482422,58.95000076293945,58.56663131713867,4773400
GM,2025-09-16,58.97999954223633,59.38999938964844,58.15999984741211,58.459999084472656,58.07981491088867,6786900
GM,2025-09-17,58.27000045776367,59.56999969482422,58.220001220703125,58.72999954223633,58.348060607910156,6252600
GM,2025-09-18,58.79999923706055,59.400001525878906,58.47999954223633,59.2599983215332,58.87461471557617,5922800
GM,2025-09-19,59.5,59.52000045776367,58.72999954223633,58.97999954223633,58.596435546875,13159600
GM,2025-09-22,58.779998779296875,59.18000030517578,58.459999084472656,58.880001068115234,58.49708557128906,7633800
GM,2025-09-23,59.04999923706055,59.91999816894531,58.459999084472656,58.58000183105469,58.199039459228516,5898800
GM,2025-09-24,60.099998474121094,60.15999984741211,59.060001373291016,59.91999816894531,59.53031921386719,10756100
GM,2025-09-25,59.529998779296875,60.630001068115234,59.11000061035156,60.59000015258789,60.19596481323242,7740100
GM,2025-09-26,60.650001525878906,61.97999954223633,60.459999084472656,61.2400016784668,60.841739654541016,8641400
GM,2025-09-29,61.849998474121094,62.13999938964844,60.75,61.119998931884766,60.72251510620117,9788400
GM,2025-09-30,61.709999084472656,62.060001373291016,60.54999923706055,60.970001220703125,60.57349395751953,6964800
GM,2025-10-01,60.939998626708984,61.59000015258789,60.130001068115234,61.34000015258789,60.94108581542969,8094400
GM,2025-10-02,61.47999954223633,61.5,59.209999084472656,59.36000061035156,58.97396469116211,9614600
GM,2025-10-03,59.31999969482422,60.61000061035156,58.66999816894531,60.130001068115234,59.738956451416016,13031900
GM,2025-10-06,59.939998626708984,59.939998626708984,58.130001068115234,58.189998626708984,57.81157302856445,8921500
GM,2025-10-07,58.630001068115234,58.65999984741211,56.630001068115234,57.2599983215332,56.88761901855469,10702900
GM,2025-10-08,57.33000183105469,57.70000076293945,56.2400016784668,56.400001525878906,56.0332145690918,5430000
GM,2025-10-09,56.779998779296875,56.869998931884766,55.90999984741211,55.91999816894531,55.556331634521484,5441800
GM,2025-10-10,56.2400016784668,56.54999923706055,55.220001220703125,55.349998474121094,54.99004364013672,5454400
GM,2025-10-13,55.900001525878906,56.20000076293945,55.349998474121094,55.619998931884766,55.25828552246094,3993600
GM,2025-10-14,54.5099983215332,57.25,54.33000183105469,57.150001525878906,56.77833557128906,9005000
GM,2025-10-15,57.2599983215332,58.25,57.0099983215332,57.79999923706055,57.42410659790039,7976900
GM,2025-10-16,57.88999938964844,58.400001525878906,56.810001373291016,57.34000015258789,56.96710205078125,6061300
GM,2025-10-17,57.72999954223633,59.16999816894531,57.54999923706055,58.380001068115234,58.00033950805664,7956200
GM,2025-10-20,58.540000915527344,58.560001373291016,57.68000030517578,58.0,57.62281036376953,10184600
GM,2025-10-21,63.7599983215332,67.55000305175781,62.36000061035156,66.62000274658203,66.18675231933594,43706500
GM,2025-10-22,67.05000305175781,67.58999633789062,65.88999938964844,67.30999755859375,66.87226867675781,18831900
GM,2025-10-23,67.97000122070312,68.4800033569336,66.56999969482422,66.8499984741211,66.41525268554688,12647200
GM,2025-10-24,67.45999908447266,69.69999694824219,67.29000091552734,69.66000366210938,69.20698547363281,12571000
GM,2025-10-27,69.56999969482422,69.62999725341797,68.79000091552734,69.37999725341797,68.92879486083984,9724800
GM,2025-10-28,69.45999908447266,70.19000244140625,68.66000366210938,69.87000274658203,69.41561889648438,13072200
GM,2025-10-29,69.61000061035156,70.23999786376953,68.58999633789062,69.12999725341797,68.680419921875,10575900
GM,2025-10-30,68.66000366210938,69.77999877929688,68.38999938964844,68.66999816894531,68.22341918945312,7559500
GM,2025-10-31,68.77999877929688,69.31999969482422,68.62999725341797,69.08999633789062,68.64068603515625,6993600
GM,2025-11-03,68.88999938964844,68.93000030517578,67.77999877929688,68.22000122070312,67.77635192871094,10252300
GM,2025-11-04,68.0,68.12999725341797,66.75,66.87000274658203,66.43512725830078,8478200
GM,2025-11-05,67.04000091552734,69.26000213623047,67.04000091552734,68.7699966430664,68.32276916503906,7807000
GM,2025-11-06,68.69000244140625,69.4000015258789,68.20999908447266,68.83999633789062,68.3923110961914,6086300
GM,2025-11-07,68.94999694824219,70.76000213623047,68.58000183105469,70.75,70.28988647460938,8408500
GM,2025-11-10,71.0,71.33999633789062,69.87000274658203,71.05000305175781,70.58793640136719,8592700
GM,2025-11-11,71.12000274658203,71.63999938964844,70.98999786376953,71.22000122070312,70.7568359375,6164000
GM,2025-11-12,71.16999816894531,72.38999938964844,70.98999786376953,71.83999633789062,71.37279510498047,9167200
GM,2025-11-13,72.16000366210938,72.87000274658203,71.4800033569336,71.88999938964844,71.42247772216797,9004300
GM,2025-11-14,71.36000061035156,71.7699966430664,70.44000244140625,70.5199966430664,70.06138610839844,7100900
GM,2025-11-17,70.30999755859375,70.45999908447266,67.48999786376953,67.91000366210938,67.46836853027344,8031700
GM,2025-11-18,67.83000183105469,68.41999816894531,67.05999755859375,67.93000030517578,67.48822784423828,6092400
GM,2025-11-19,68.0,69.66000366210938,67.61000061035156,68.5,68.05451965332031,10557100
GM,2025-11-20,68.94000244140625,69.88999938964844,67.77999877929688,68.04000091552734,67.59751892089844,9385200
GM,2025-11-21,68.29000091552734,70.52999877929688,68.19000244140625,70.33000183105469,69.87262725830078,10852400
GM,2025-11-24,70.4800033569336,71.22000122070312,70.25,71.0,70.53826904296875,13768100
GM,2025-11-25,71.1500015258789,73.11000061035156,71.1500015258789,72.77999877929688,72.30669403076172,12089700
GM,2025-11-26,72.44000244140625,73.44999694824219,72.22000122070312,72.80999755859375,72.33649444580078,7704300
GM,2025-11-28,72.94000244140625,73.86000061035156,72.91000366210938,73.5199966430664,73.0418701171875,3755000
GM,2025-12-01,73.08999633789062,73.93000030517578,72.91000366210938,72.94999694824219,72.47557830810547,9826900
GM,2025-12-02,73.1500015258789,73.83999633789062,72.08999633789062,73.66000366210938,73.18096923828125,8973700
GM,2025-12-03,73.61000061035156,74.91999816894531,73.61000061035156,74.69000244140625,74.20426940917969,8392400
GM,2025-12-04,75.0,76.2300033569336,74.9000015258789,75.29000091552734,74.80036163330078,12659100
GM,2025-12-05,75.08000183105469,77.0,75.0,76.05000305175781,75.70626068115234,8817800
GM,2025-12-08,76.31999969482422,76.66999816894531,75.19999694824219,75.70999908447266,75.36779022216797,10018200
GM,2025-12-09,76.08000183105469,77.3499984741211,75.88999938964844,77.16000366210938,76.81124114990234,7970100
GM,2025-12-10,77.16000366210938,80.94999694824219,77.0999984741211,80.80000305175781,80.43478393554688,14421300
GM,2025-12-11,80.33000183105469,81.22000122070312,80.30000305175781,80.8499984741211,80.48455810546875,9686800
GM,2025-12-12,80.86000061035156,81.55000305175781,80.63999938964844,80.88999938964844,80.52437591552734,9649500
GM,2025-12-15,80.6500015258789,82.0199966430664,80.58000183105469,81.9800033569336,81.60945129394531,14362200
GM,2025-12-16,82.06999969482422,83.04000091552734,81.18000030517578,81.76000213623047,81.39044189453125,10732600
GM,2025-12-17,81.18000030517578,81.48999786376953,80.38999938964844,80.51000213623047,80.1460952758789,8864300
GM,2025-12-18,80.5,81.9800033569336,80.38999938964844,81.16999816894531,80.80310821533203,9086200
GM,2025-12-19,81.08999633789062,82.69000244140625,81.08999633789062,82.3499984741211,81.97777557373047,23751000
GM,2025-12-22,82.5999984741211,83.68000030517578,82.58000183105469,83.02999877929688,82.65470123291016,9119900
GM,2025-12-23,82.7300033569336,83.43000030517578,82.66000366210938,82.75,82.37596893310547,4819900
GM,2025-12-24,82.75,83.1500015258789,82.5999984741211,82.87999725341797,82.50537872314453,2370100
GM,2025-12-26,82.80000305175781,83.08000183105469,82.55999755859375,83.05999755859375,82.68456268310547,3411600
GM,2025-12-29,83.06999969482422,83.36000061035156,82.5,82.93000030517578,82.5551528930664,4759400
GM,2025-12-30,83.16999816894531,83.20999908447266,82.18000030517578,82.33000183105469,81.9578628540039,3240500
GM,2025-12-31,82.25,82.2699966430664,81.25,81.31999969482422,80.95243072509766,4483700
GM,2026-01-02,81.41000366210938,81.48999786376953,79.55999755859375,80.9800033569336,80.61396789550781,7468900
GM,2026-01-05,80.54000091552734,83.37999725341797,79.97000122070312,83.1500015258789,82.77416229248047,10468400
GM,2026-01-06,82.69999694824219,82.80000305175781,81.18000030517578,82.18000030517578,81.80854797363281,7972900
GM,2026-01-07,82.0999984741211,82.69999694824219,81.58999633789062,81.91000366210938,81.5397720336914,6362000
GM,2026-01-08,82.80000305175781,85.18000030517578,82.43000030517578,85.12999725341797,84.74520874023438,11643400
GM,2026-01-09,83.51000213623047,84.41000366210938,81.0,82.87000274658203,82.49542999267578,12142900
GM,2026-01-12,82.19999694824219,82.9000015258789,81.05999755859375,82.9000015258789,82.5252914428711,7376400
GM,2026-01-13,82.97000122070312,83.86000061035156,82.62000274658203,83.23999786376953,82.8637466430664,6022800
GM,2026-01-14,83.0,83.69000244140625,80.94999694824219,81.2300033569336,80.86283874511719,7550000
GM,2026-01-15,81.87000274658203,82.16000366210938,80.62000274658203,80.91000366210938,80.5442886352539,6416800
GM,2026-01-16,81.0,81.63999938964844,80.2300033569336,80.81999969482422,80.45469665527344,9838700
GM,2026-01-20,79.75,79.98999786376953,77.3499984741211,77.80999755859375,77.45829772949219,12071700
GM,2026-01-21,79.26000213623047,81.26000213623047,79.02999877929688,80.93000030517578,80.56419372558594,8215400
GM,2026-01-22,81.20999908447266,82.27999877929688,80.76000213623047,81.13999938964844,80.77324676513672,6789300
GM,2026-01-23,80.66999816894531,80.75,79.2300033569336,79.68000030517578,79.3198471069336,6865600
GM,2026-01-26,79.25,80.62000274658203,79.16999816894531,79.43000030517578,79.07097625732422,10939200
GM,2026-01-27,83.62999725341797,87.30999755859375,82.41000366210938,86.37999725341797,85.98955535888672,23632000
GM,2026-01-28,86.06999969482422,86.06999969482422,84.43000030517578,84.9000015258789,84.51625061035156,10072700
GM,2026-01-29,86.19000244140625,86.62000274658203,85.13999938964844,86.26000213623047,85.87010192871094,9696200
GM,2026-01-30,86.01000213623047,86.43000030517578,83.41000366210938,84.0,83.62031555175781,7767200
GM,2026-02-02,84.25,84.52999877929688,83.0999984741211,84.2699966430664,83.88909149169922,6948400
GM,2026-02-03,85.47000122070312,86.62999725341797,84.87999725341797,85.70999908447266,85.32258605957031,6903000
GM,2026-02-04,86.16000366210938,87.62000274658203,85.31999969482422,86.29000091552734,85.89997100830078,8838900
GM,2026-02-05,85.1500015258789,85.70999908447266,83.2699966430664,83.30000305175781,82.9234848022461,9142700
GM,2026-02-06,83.54000091552734,84.69999694824219,82.63999938964844,84.23999786376953,83.8592300415039,8052700
GM,2026-02-09,82.2699966430664,82.4000015258789,80.58000183105469,80.68000030517578,80.31532287597656,9766800
GM,2026-02-10,81.05000305175781,81.5,79.44999694824219,80.2699966430664,79.90717315673828,7425800
GM,2026-02-11,80.48999786376953,82.0,79.08000183105469,79.81999969482422,79.45921325683594,9654400
GM,2026-02-12,80.20999908447266,82.16999816894531,79.5999984741211,79.93000030517578,79.56871795654297,6863400
GM,2026-02-13,80.48999786376953,81.51000213623047,80.05000305175781,81.08000183105469,80.7135238647461,6314100
GM,2026-02-17,80.94000244140625,81.37999725341797,79.5999984741211,81.22000122070312,80.8528823852539,7953300
GM,2026-02-18,81.94999694824219,83.93000030517578,81.69999694824219,83.66999816894531,83.29180908203125,8426900
GM,2026-02-19,83.25,83.5,81.0199966430664,81.47000122070312,81.10175323486328,6062600
GM,2026-02-20,81.19999694824219,82.02999877929688,80.5999984741211,81.51000213623047,81.1415786743164,8602300
GM,2026-02-23,81.06999969482422,81.52999877929688,78.44000244140625,79.66000366210938,79.29993438720703,7490500
GM,2026-02-24,80.01000213623047,82.58999633789062,79.75,81.29000091552734,80.92256927490234,5814200
GM,2026-02-25,81.44000244140625,83.05999755859375,81.37000274658203,82.43000030517578,82.05741119384766,9309300
GM,2026-02-26,82.4000015258789,82.91999816894531,80.01000213623047,80.79000091552734,80.4248275756836,6403700
GM,2026-02-27,79.98999786376953,80.08000183105469,77.83000183105469,78.70999908447266,78.35423278808594,13351400
GM,2026-03-02,77.36000061035156,77.76000213623047,75.04000091552734,77.76000213623047,77.40852355957031,8948700
GM,2026-03-03,75.41999816894531,77.44000244140625,74.19000244140625,77.2699966430664,76.92073822021484,9271800
GM,2026-03-04,78.22000122070312,79.33999633789062,78.04000091552734,78.5999984741211,78.2447280883789,8510600
GM,2026-03-05,78.0,78.16999816894531,75.06999969482422,76.19999694824219,75.8555679321289,8641900
GM,2026-03-06,74.73999786376953,75.22000122070312,73.3499984741211,75.20999908447266,75.04732513427734,8190700
GM,2026-03-09,73.4000015258789,74.69999694824219,71.91999816894531,74.69000244140625,74.52845001220703,8829600
GM,2026-03-10,74.83999633789062,77.19999694824219,74.83999633789062,74.93000030517578,74.76792907714844,8915600
GM,2026-03-11,75.45999908447266,76.58000183105469,74.37000274658203,74.79000091552734,74.62823486328125,5636100
GM,2026-03-12,73.23999786376953,74.0199966430664,73.0999984741211,73.44999694824219,73.29113006591797,7341000
GM,2026-03-13,73.58999633789062,73.94000244140625,72.08999633789062,72.38999938964844,72.2334213256836,7229700
GM,2026-03-16,73.31999969482422,73.8499984741211,72.43000030517578,72.94999694824219,72.7922134399414,7471500
GM,2026-03-17,73.58999633789062,74.56999969482422,73.55000305175781,74.04000091552734,73.8798599243164,4689900
GM,2026-03-18,73.52999877929688,74.80999755859375,73.41999816894531,73.52999877929688,73.37095642089844,6000500
GM,2026-03-19,72.5,74.4000015258789,72.5,73.79000091552734,73.63040161132812,9495200
GM,2026-03-20,73.5199966430664,73.9000015258789,72.0999984741211,72.80999755859375,72.65251159667969,17760000
GM,2026-03-23,74.75,76.8499984741211,74.5999984741211,75.72000122070312,75.55622100830078,7694800
GM,2026-03-24,74.9800033569336,76.87000274658203,74.7699966430664,76.56999969482422,76.40438079833984,7122200
GM,2026-03-25,77.9000015258789,78.29000091552734,76.38999938964844,76.61000061035156,76.44429779052734,7190700
GM,2026-03-26,75.97000122070312,77.16999816894531,74.91000366210938,75.5999984741211,75.43647766113281,8470900
GM,2026-03-27,75.20999908447266,75.26000213623047,72.68000030517578,72.9800033569336,72.82215118408203,7563200
GM,2026-03-30,73.70999908447266,74.2300033569336,72.41999816894531,72.76000213623047,72.60263061523438,7192300
GM,2026-03-31,74.05000305175781,75.08999633789062,73.41000366210938,74.5,74.33885955810547,5778200
GM,2026-04-01,75.19999694824219,75.87000274658203,74.72000122070312,75.04000091552734,74.87769317626953,5147700
GM,2026-04-02,73.33999633789062,73.68000030517578,71.66999816894531,72.54000091552734,72.38310241699219,8182800
GM,2026-04-06,72.5199966430664,73.62999725341797,72.1500015258789,73.43000030517578,73.27117919921875,5065000
GM,2026-04-07,72.9800033569336,73.18000030517578,71.5999984741211,72.76000213623047,72.60263061523438,5904600
GM,2026-04-08,76.0199966430664,77.05999755859375,75.72000122070312,76.73999786376953,76.57401275634766,7248800
GM,2026-04-09,75.58999633789062,77.30999755859375,75.37999725341797,76.7300033569336,76.56404113769531,6674900
GM,2026-04-10,77.11000061035156,77.47000122070312,76.13999938964844,76.41999816894531,76.25470733642578,4069500
GM,2026-04-13,75.61000061035156,76.86000061035156,75.1500015258789,76.83000183105469,76.66382598876953,3970200
GM,2026-04-14,78.62999725341797,79.86000061035156,78.0999984741211,79.45999908447266,79.28813171386719,5859600
GM,2026-04-15,79.54000091552734,79.54000091552734,77.76000213623047,77.77999877929688,77.61176300048828,6475600
GM,2026-04-16,77.58999633789062,78.3499984741211,77.01000213623047,78.05000305175781,77.88118743896484,5615100
GM,2026-04-17,79.4000015258789,82.66999816894531,79.4000015258789,81.31999969482422,81.14411163330078,7298200
GM,2026-04-20,80.86000061035156,81.16000366210938,80.33000183105469,80.54000091552734,80.36579895019531,3958700
GM,2026-04-21,80.44000244140625,81.19999694824219,79.0,79.05000305175781,78.87902069091797,5355900
GM,2026-04-22,79.58999633789062,79.80000305175781,78.62999725341797,79.0,78.82913208007812,3170200
GM,2026-04-23,78.94000244140625,79.0999984741211,77.16000366210938,78.5199966430664,78.35016632080078,4741500
GM,2026-04-24,78.2300033569336,78.5199966430664,76.91999816894531,78.05000305175781,77.88118743896484,6123400
GM,2026-04-27,76.61000061035156,78.83000183105469,76.61000061035156,77.95999908447266,77.79137420654297,8322700
GM,2026-04-28,78.0199966430664,79.4000015258789,74.77999877929688,78.94999694824219,78.77923583984375,15041700
GM,2026-04-29,78.19999694824219,78.30999755859375,75.37999725341797,76.62000274658203,76.45427703857422,9250200
GM,2026-04-30,77.12000274658203,78.08000183105469,76.51000213623047,76.88999938964844,76.72369384765625,11020300
GM,2026-05-01,77.12000274658203,77.5,75.5199966430664,75.7699966430664,75.60610961914062,7161900
GM,2026-05-04,75.91000366210938,77.01000213623047,75.20999908447266,75.69999694824219,75.53626251220703,7765400
GM,2026-05-05,76.2699966430664,77.16000366210938,76.0199966430664,76.1500015258789,75.98529052734375,5115800
GM,2026-05-06,78.19999694824219,79.44999694824219,77.83000183105469,78.69999694824219,78.52977752685547,5434800
GM,2026-05-07,78.81999969482422,79.37000274658203,78.16999816894531,78.41000366210938,78.24040985107422,6735000
GM,2026-05-08,79.12999725341797,79.33000183105469,78.06999969482422,78.80000305175781,78.62956237792969,2950300
GM,2026-05-11,78.80000305175781,79.0,75.11000061035156,75.29000091552734,75.12715148925781,6366900
GM,2026-05-12,75.4000015258789,76.88999938964844,74.95999908447266,76.44000244140625,76.27466583251953,5272400
GM,2026-05-13,76.22000122070312,77.66000366210938,75.44999694824219,75.80999755859375,75.64602661132812,8101600
GM,2026-05-14,75.87999725341797,79.2699966430664,75.87999725341797,77.75,77.58183288574219,8035000
GM,2026-05-15,76.5999984741211,77.16000366210938,74.80000305175781,74.86000061035156,74.69808197021484,8477500
GM,2026-05-18,74.81999969482422,74.9800033569336,73.08999633789062,73.0999984741211,72.94188690185547,5651700
GM,2026-05-19,72.23999786376953,72.87999725341797,70.43000030517578,72.62999725341797,72.472900390625,6995600
GM,2026-05-20,73.38999938964844,76.16000366210938,73.19999694824219,76.13999938964844,75.97531127929688,8069100
GM,2026-05-21,75.37999725341797,77.37000274658203,75.0,77.20999908447266,77.04299926757812,6362600
GM,2026-05-22,78.0,79.8499984741211,77.69000244140625,78.79000091552734,78.61958312988281,6440900
GM,2026-05-26,79.30000305175781,80.16999816894531,78.66999816894531,79.79000091552734,79.61742401123047,5021700
GM,2026-05-27,80.6500015258789,84.5199966430664,80.6500015258789,84.12000274658203,83.93805694580078,10368600
GM,2026-05-28,83.5999984741211,85.19000244140625,83.37999725341797,84.3499984741211,84.16755676269531,7658000
GM,2026-05-29,84.80000305175781,85.01000213623047,81.22000122070312,83.23999786376953,83.05995178222656,15552600
GM,2026-06-01,83.43000030517578,83.44000244140625,80.44999694824219,82.68000030517578,82.50116729736328,7510600
GM,2026-06-02,82.88999938964844,84.20999908447266,81.0199966430664,81.7300033569336,81.55323028564453,10550800
GM,2026-06-03,80.70999908447266,84.12000274658203,80.33999633789062,81.69999694824219,81.52328491210938,9719500
GM,2026-06-04,82.05999755859375,83.63999938964844,81.63999938964844,83.22000122070312,83.04000091552734,6859300
GM,2026-06-05,81.97000122070312,83.0999984741211,81.4000015258789,82.11000061035156,82.11000061035156,7371600
GM,2026-06-08,81.66999816894531,84.16999816894531,81.51000213623047,83.7699966430664,83.7699966430664,8935300
GM,2026-06-09,84.55000305175781,85.0999984741211,81.66000366210938,83.76000213623047,83.76000213623047,8987000
GM,2026-06-10,83.51000213623047,83.79000091552734,79.0,79.4000015258789,79.4000015258789,11366200
GM,2026-06-11,80.04000091552734,81.08999633789062,79.08999633789062,80.8499984741211,80.8499984741211,6020800
GM,2026-06-12,81.72000122070312,82.12999725341797,80.5,81.5,81.5,4953800
GM,2026-06-15,82.63999938964844,84.95999908447266,82.63999938964844,84.06999969482422,84.06999969482422,7893300
GM,2026-06-16,84.6500015258789,85.41000366210938,82.22000122070312,82.51000213623047,82.51000213623047,7894200
GM,2026-06-17,82.5,83.18000030517578,79.16000366210938,79.58000183105469,79.58000183105469,11406000
GM,2026-06-18,80.61000061035156,80.94999694824219,78.94000244140625,79.29000091552734,79.29000091552734,18900900
GOOGL,2025-05-30,171.35000610351562,172.2100067138672,167.44000244140625,171.74000549316406,171.04440307617188,52639900
GOOGL,2025-06-02,167.83999633789062,169.8699951171875,167.38999938964844,169.02999877929688,168.3453826904297,38612300
GOOGL,2025-06-03,167.49000549316406,168.47999572753906,165.27999877929688,166.17999267578125,165.50689697265625,45084900
GOOGL,2025-06-04,166.74000549316406,168.22000122070312,166.36000061035156,168.0500030517578,167.3693389892578,26900800
GOOGL,2025-06-05,170.33999633789062,170.92999267578125,167.58999633789062,168.2100067138672,167.52870178222656,36379100
GOOGL,2025-06-06,170.8300018310547,174.5,170.8300018310547,173.67999267578125,172.97653198242188,35731800
GOOGL,2025-06-09,174.5399932861328,176.47000122070312,174.3699951171875,176.08999633789062,175.58908081054688,28935900
GOOGL,2025-06-10,176.1999969482422,181.11000061035156,174.91000366210938,178.60000610351562,178.0919647216797,61766100
GOOGL,2025-06-11,179.77000427246094,180.3699951171875,176.75,177.35000610351562,176.8455047607422,31646800
GOOGL,2025-06-12,176.17999267578125,176.72000122070312,174.75,175.6999969482422,175.20018005371094,20941900
GOOGL,2025-06-13,172.44000244140625,177.1300048828125,172.38999938964844,174.6699981689453,174.17312622070312,27663100
GOOGL,2025-06-16,174.72999572753906,176.94000244140625,174.64999389648438,176.77000427246094,176.26715087890625,27389200
GOOGL,2025-06-17,175.6999969482422,177.36000061035156,174.5800018310547,175.9499969482422,175.44947814941406,24973000
GOOGL,2025-06-18,176.00999450683594,176.55999755859375,173.1999969482422,173.32000732421875,172.8269805908203,28707500
GOOGL,2025-06-20,173.9499969482422,174.33999633789062,165.4600067138672,166.63999938964844,166.16598510742188,75659900
GOOGL,2025-06-23,166.27000427246094,167.33999633789062,162.0,165.19000244140625,164.72007751464844,57671000
GOOGL,2025-06-24,166.9199981689453,168.22000122070312,166.1300048828125,166.77000427246094,166.2956085205078,40524300
GOOGL,2025-06-25,167.6300048828125,172.36000061035156,167.5500030517578,170.67999267578125,170.19447326660156,35479000
GOOGL,2025-06-26,172.42999267578125,173.69000244140625,169.94000244140625,173.5399932861328,173.0463409423828,31796700
GOOGL,2025-06-27,173.5399932861328,178.67999267578125,171.72999572753906,178.52999877929688,178.0221405029297,108140200
GOOGL,2025-06-30,180.77999877929688,181.22999572753906,174.5800018310547,176.22999572753906,175.72866821289062,63378900
GOOGL,2025-07-01,175.74000549316406,176.08999633789062,173.52999877929688,175.83999633789062,175.33978271484375,35904500
GOOGL,2025-07-02,175.5399932861328,178.86000061035156,175.07000732421875,178.63999938964844,178.13182067871094,29128900
GOOGL,2025-07-03,178.5,179.6699981689453,177.0500030517578,179.52999877929688,179.019287109375,21689700
GOOGL,2025-07-07,179.05999755859375,179.3000030517578,175.67999267578125,176.7899932861328,176.28707885742188,34175600
GOOGL,2025-07-08,177.85000610351562,177.9499969482422,172.80999755859375,174.36000061035156,173.86399841308594,40442500
GOOGL,2025-07-09,175.25,179.44000244140625,172.77000427246094,176.6199951171875,176.11756896972656,43025600
GOOGL,2025-07-10,175.6300048828125,178.42999267578125,174.3800048828125,177.6199951171875,177.11473083496094,29252400
GOOGL,2025-07-11,176.7899932861328,181.42999267578125,176.47999572753906,180.19000244140625,179.6774444580078,34282900
GOOGL,2025-07-14,181.00999450683594,183.6699981689453,179.67999267578125,181.55999755859375,181.04351806640625,32536600
GOOGL,2025-07-15,182.80999755859375,184.22000122070312,181.60000610351562,182.0,181.48226928710938,33448300
GOOGL,2025-07-16,183.24000549316406,184.3300018310547,182.02999877929688,182.97000122070312,182.44952392578125,33104200
GOOGL,2025-07-17,182.13999938964844,184.05999755859375,180.47999572753906,183.5800018310547,183.05776977539062,31992600
GOOGL,2025-07-18,185.39999389648438,186.4199981689453,183.7100067138672,185.05999755859375,184.53358459472656,34014500
GOOGL,2025-07-21,186.25,190.2899932861328,186.14999389648438,190.10000610351562,189.5592498779297,45803100
GOOGL,2025-07-22,191.5,191.64999389648438,187.4600067138672,191.33999633789062,190.7957000732422,44660200
GOOGL,2025-07-23,191.5,192.52999877929688,189.17999267578125,190.22999572753906,189.68887329101562,58681900
GOOGL,2025-07-24,197.02999877929688,197.9499969482422,191.0,192.1699981689453,191.62332153320312,74881700
GOOGL,2025-07-25,191.97999572753906,194.3300018310547,191.25999450683594,193.17999267578125,192.63046264648438,39785900
GOOGL,2025-07-28,193.64999389648438,194.0500030517578,190.83999633789062,192.5800018310547,192.03216552734375,38139500
GOOGL,2025-07-29,192.42999267578125,195.9199981689453,192.0800018310547,195.75,195.1931610107422,41389200
GOOGL,2025-07-30,195.60000610351562,197.60000610351562,194.69000244140625,196.52999877929688,195.970947265625,32445400
GOOGL,2025-07-31,195.7100067138672,195.99000549316406,191.08999633789062,191.89999389648438,191.35411071777344,51329200
GOOGL,2025-08-01,189.02999877929688,190.8300018310547,187.82000732421875,189.1300048828125,188.5919952392578,34832200
GOOGL,2025-08-04,190.2899932861328,195.27000427246094,190.1199951171875,195.0399932861328,194.48516845703125,31547400
GOOGL,2025-08-05,194.7100067138672,197.86000061035156,193.88999938964844,194.6699981689453,194.1162109375,31602300
GOOGL,2025-08-06,194.5,196.6300048828125,193.6699981689453,196.08999633789062,195.53219604492188,21562900
GOOGL,2025-08-07,197.05999755859375,197.5399932861328,194.3300018310547,196.52000427246094,195.96096801757812,26321800
GOOGL,2025-08-08,197.22000122070312,202.61000061035156,197.1699981689453,201.4199981689453,200.84703063964844,39161800
GOOGL,2025-08-11,200.94000244140625,201.47999572753906,199.07000732421875,201.0,200.42822265625,25832400
GOOGL,2025-08-12,201.3699951171875,204.5,200.58999633789062,203.33999633789062,202.76156616210938,30397900
GOOGL,2025-08-13,204.1300048828125,204.52999877929688,197.50999450683594,201.9600067138672,201.385498046875,28342900
GOOGL,2025-08-14,201.5,204.44000244140625,201.22999572753906,202.94000244140625,202.3627166748047,25230400
GOOGL,2025-08-15,203.85000610351562,206.44000244140625,201.27999877929688,203.89999389648438,203.31996154785156,34931400
GOOGL,2025-08-18,204.1999969482422,205.27000427246094,202.49000549316406,203.5,202.92111206054688,18526600
GOOGL,2025-08-19,203.02999877929688,203.44000244140625,199.9600067138672,201.57000732421875,200.99661254882812,24240200
GOOGL,2025-08-20,200.72999572753906,201.27999877929688,196.60000610351562,199.32000732421875,198.7530059814453,28955500
GOOGL,2025-08-21,199.75,202.47999572753906,199.42999267578125,199.75,199.18177795410156,19774600
GOOGL,2025-08-22,202.72999572753906,208.5399932861328,201.3000030517578,206.08999633789062,205.50375366210938,42827000
GOOGL,2025-08-25,206.42999267578125,210.52000427246094,205.27999877929688,208.49000549316406,207.89691162109375,29928900
GOOGL,2025-08-26,207.50999450683594,207.85000610351562,205.6999969482422,207.13999938964844,206.55075073242188,28464100
GOOGL,2025-08-27,205.6999969482422,208.91000366210938,205.64999389648438,207.47999572753906,206.88978576660156,23022900
GOOGL,2025-08-28,207.25,212.22000122070312,206.89999389648438,211.63999938964844,211.03794860839844,32339300
GOOGL,2025-08-29,210.50999450683594,214.64999389648438,210.1999969482422,212.91000366210938,212.30435180664062,39728400
GOOGL,2025-09-02,208.44000244140625,211.67999267578125,206.1999969482422,211.35000610351562,210.74879455566406,47523000
GOOGL,2025-09-03,226.2100067138672,231.30999755859375,224.7899932861328,230.66000366210938,230.00387573242188,103336100
GOOGL,2025-09-04,229.64999389648438,232.3699951171875,226.11000061035156,232.3000030517578,231.63919067382812,51684200
GOOGL,2025-09-05,232.1999969482422,235.75999450683594,231.89999389648438,235.0,234.33151245117188,46588900
GOOGL,2025-09-08,235.47000122070312,238.1300048828125,233.6699981689453,234.0399932861328,233.5829620361328,32474700
GOOGL,2025-09-09,234.1699981689453,240.47000122070312,233.22999572753906,239.6300048828125,239.16204833984375,38061000
GOOGL,2025-09-10,238.89999389648438,241.66000366210938,237.85000610351562,239.1699981689453,238.70294189453125,35141100
GOOGL,2025-09-11,239.8800048828125,242.25,236.25,240.3699951171875,239.90060424804688,30599300
GOOGL,2025-09-12,240.3699951171875,242.0800018310547,238.0,240.8000030517578,240.3297576904297,26771600
GOOGL,2025-09-15,244.66000366210938,252.41000366210938,244.66000366210938,251.61000061035156,251.11865234375,58383800
GOOGL,2025-09-16,252.0800018310547,253.0399932861328,249.47000122070312,251.16000366210938,250.66954040527344,34109700
GOOGL,2025-09-17,251.22000122070312,251.60000610351562,246.27999877929688,249.52999877929688,249.04270935058594,34108000
GOOGL,2025-09-18,251.67999267578125,253.99000549316406,249.8000030517578,252.02999877929688,251.537841796875,31239500
GOOGL,2025-09-19,253.25,256.0,251.80999755859375,254.72000122070312,254.22259521484375,55571400
GOOGL,2025-09-22,254.42999267578125,255.77999877929688,250.3000030517578,252.52999877929688,252.036865234375,32290500
GOOGL,2025-09-23,253.0399932861328,254.36000061035156,250.47999572753906,251.66000366210938,251.16856384277344,26628000
GOOGL,2025-09-24,251.66000366210938,252.35000610351562,246.44000244140625,247.13999938964844,246.6573944091797,28201000
GOOGL,2025-09-25,244.39999389648438,246.49000549316406,240.74000549316406,245.7899932861328,245.30999755859375,31020400
GOOGL,2025-09-26,247.07000732421875,249.4199981689453,245.97000122070312,246.5399932861328,246.0585479736328,18503200
GOOGL,2025-09-29,247.85000610351562,251.14999389648438,242.77000427246094,244.0500030517578,243.5734100341797,32505800
GOOGL,2025-09-30,242.80999755859375,243.2899932861328,239.25,243.10000610351562,242.6252899169922,34724300
GOOGL,2025-10-01,240.75,246.3000030517578,238.61000061035156,244.89999389648438,244.4217529296875,31658200
GOOGL,2025-10-02,245.14999389648438,246.80999755859375,242.3000030517578,245.69000244140625,245.21022033691406,25483300
GOOGL,2025-10-03,244.49000549316406,246.3000030517578,241.66000366210938,245.35000610351562,244.87088012695312,30249600
GOOGL,2025-10-06,244.77999877929688,251.32000732421875,244.5800018310547,250.42999267578125,249.94094848632812,28894700
GOOGL,2025-10-07,248.27000427246094,250.44000244140625,245.52000427246094,245.75999450683594,245.2800750732422,23181300
GOOGL,2025-10-08,244.9600067138672,246.00999450683594,243.82000732421875,244.6199951171875,244.14230346679688,21307100
GOOGL,2025-10-09,244.47000122070312,244.75999450683594,239.14999389648438,241.52999877929688,241.05833435058594,27892100
GOOGL,2025-10-10,241.42999267578125,244.08999633789062,235.83999633789062,236.57000732421875,236.1080322265625,33180300
GOOGL,2025-10-13,240.2100067138672,244.5,239.7100067138672,244.14999389648438,243.67323303222656,24995000
GOOGL,2025-10-14,241.22999572753906,247.1199951171875,240.50999450683594,245.4499969482422,244.97068786621094,22111600
GOOGL,2025-10-15,247.25,252.11000061035156,245.99000549316406,251.02999877929688,250.539794921875,27007700
GOOGL,2025-10-16,251.77000427246094,256.9599914550781,250.10000610351562,251.4600067138672,250.9689483642578,27997200
GOOGL,2025-10-17,250.75999450683594,254.22000122070312,247.80999755859375,253.3000030517578,252.80535888671875,29671600
GOOGL,2025-10-20,254.69000244140625,257.3299865722656,254.22999572753906,256.54998779296875,256.04901123046875,22350200
GOOGL,2025-10-21,254.74000549316406,254.8800048828125,244.14999389648438,250.4600067138672,249.9709014892578,47312100
GOOGL,2025-10-22,254.3699951171875,256.3599853515625,249.2899932861328,251.69000244140625,251.19850158691406,35029400
GOOGL,2025-10-23,252.97999572753906,255.0399932861328,251.85000610351562,253.0800018310547,252.58578491210938,19901400
GOOGL,2025-10-24,256.5799865722656,261.67999267578125,255.32000732421875,259.9200134277344,259.4124755859375,28655100
GOOGL,2025-10-27,264.82000732421875,270.1400146484375,264.2799987792969,269.2699890136719,268.744140625,35235200
GOOGL,2025-10-28,269.69000244140625,270.7300109863281,266.5,267.4700012207031,266.94769287109375,29738600
GOOGL,2025-10-29,267.75,275.3399963378906,267.6700134277344,274.57000732421875,274.0338439941406,43580300
GOOGL,2025-10-30,291.5899963378906,291.5899963378906,280.05999755859375,281.4800109863281,280.93035888671875,74876000
GOOGL,2025-10-31,283.2099914550781,286.0,277.0299987792969,281.19000244140625,280.6408996582031,39267900
GOOGL,2025-11-03,282.17999267578125,285.5299987792969,279.79998779296875,283.7200012207031,283.16595458984375,29786000
GOOGL,2025-11-04,276.75,281.2699890136719,276.260009765625,277.5400085449219,276.998046875,30078400
GOOGL,2025-11-05,278.8699951171875,286.4200134277344,277.3399963378906,284.30999755859375,283.7547912597656,31010300
GOOGL,2025-11-06,285.3299865722656,288.3500061035156,281.1400146484375,284.75,284.1939697265625,37173600
GOOGL,2025-11-07,283.2099914550781,283.7799987792969,275.19000244140625,278.8299865722656,278.28546142578125,34479600
GOOGL,2025-11-10,284.4200134277344,290.79998779296875,282.8599853515625,290.1000061035156,289.5334777832031,29557300
GOOGL,2025-11-11,287.75,291.9200134277344,287.32000732421875,291.30999755859375,290.7411193847656,19842100
GOOGL,2025-11-12,291.67999267578125,292.010009765625,283.69000244140625,286.7099914550781,286.15008544921875,24829900
GOOGL,2025-11-13,282.3399963378906,282.8399963378906,277.239990234375,278.57000732421875,278.0260009765625,29494000
GOOGL,2025-11-14,271.4100036621094,278.55999755859375,270.70001220703125,276.4100036621094,275.8702392578125,31647200
GOOGL,2025-11-17,285.7799987792969,293.95001220703125,283.57000732421875,285.0199890136719,284.46337890625,52670200
GOOGL,2025-11-18,287.9200134277344,288.79998779296875,278.20001220703125,284.2799987792969,283.724853515625,49158700
GOOGL,2025-11-19,287.1600036621094,303.80999755859375,286.6300048828125,292.80999755859375,292.2381896972656,68198900
GOOGL,2025-11-20,304.5400085449219,306.4200134277344,288.6700134277344,289.45001220703125,288.884765625,62025200
GOOGL,2025-11-21,296.4200134277344,303.9200134277344,293.8500061035156,299.6600036621094,299.0747985839844,74137700
GOOGL,2025-11-24,311.1300048828125,319.4800109863281,309.6000061035156,318.5799865722656,317.9578552246094,85165100
GOOGL,2025-11-25,326.2099914550781,328.8299865722656,317.6499938964844,323.44000244140625,322.8083801269531,88632100
GOOGL,2025-11-26,320.67999267578125,324.5,316.7900085449219,319.95001220703125,319.3252258300781,51373400
GOOGL,2025-11-28,323.3699951171875,326.8500061035156,316.7900085449219,320.17999267578125,319.55474853515625,26018600
GOOGL,2025-12-01,317.70001220703125,319.8500061035156,313.8900146484375,314.8900146484375,314.27508544921875,41183000
GOOGL,2025-12-02,316.739990234375,318.3800048828125,313.9100036621094,315.80999755859375,315.1932678222656,35854700
GOOGL,2025-12-03,315.8900146484375,321.5799865722656,314.1000061035156,319.6300048828125,319.0058288574219,41838300
GOOGL,2025-12-04,322.2300109863281,322.3599853515625,314.70001220703125,317.6199951171875,316.999755859375,31240900
GOOGL,2025-12-05,319.489990234375,323.1600036621094,319.1700134277344,321.2699890136719,320.642578125,28851700
GOOGL,2025-12-08,320.04998779296875,320.44000244140625,311.2200012207031,313.7200012207031,313.31219482421875,33909400
GOOGL,2025-12-09,312.3699951171875,317.989990234375,311.8999938964844,317.0799865722656,316.66778564453125,30194000
GOOGL,2025-12-10,315.8299865722656,321.30999755859375,314.67999267578125,320.2099914550781,319.7937316894531,33428900
GOOGL,2025-12-11,320.0799865722656,321.1199951171875,308.6000061035156,312.42999267578125,312.0238342285156,42353700
GOOGL,2025-12-12,313.70001220703125,314.8699951171875,305.55999755859375,309.2900085449219,308.887939453125,35940200
GOOGL,2025-12-15,311.32000732421875,311.4200134277344,304.8800048828125,308.2200012207031,307.8193054199219,29151900
GOOGL,2025-12-16,304.95001220703125,310.7699890136719,302.5899963378906,306.57000732421875,306.1714782714844,30585000
GOOGL,2025-12-17,308.010009765625,308.0899963378906,296.1199951171875,296.7200012207031,296.3342590332031,43930400
GOOGL,2025-12-18,301.7200012207031,303.9599914550781,299.2300109863281,302.4599914550781,302.0668029785156,33518000
GOOGL,2025-12-19,301.7300109863281,307.25,300.9700012207031,307.1600036621094,306.7607116699219,59943200
GOOGL,2025-12-22,309.8800048828125,310.1300048828125,305.29998779296875,309.7799987792969,309.3772888183594,26429900
GOOGL,2025-12-23,309.6300048828125,314.94000244140625,309.32000732421875,314.3500061035156,313.94134521484375,25478700
GOOGL,2025-12-24,314.7699890136719,315.0799865722656,311.9200134277344,314.0899963378906,313.68170166015625,10097400
GOOGL,2025-12-26,314.4800109863281,315.0899963378906,312.2799987792969,313.510009765625,313.1024475097656,10899000
GOOGL,2025-12-29,311.3699951171875,314.0199890136719,310.6199951171875,313.55999755859375,313.1523742675781,19621800
GOOGL,2025-12-30,312.5,316.95001220703125,312.4599914550781,313.8500061035156,313.4420166015625,17380900
GOOGL,2025-12-31,312.8500061035156,314.5799865722656,311.44000244140625,313.0,312.5931091308594,16377700
GOOGL,2026-01-02,316.8999938964844,322.5,310.3299865722656,315.1499938964844,314.7403259277344,32009400
GOOGL,2026-01-05,317.6600036621094,319.0199890136719,314.6300048828125,316.5400085449219,316.1285400390625,30195600
GOOGL,2026-01-06,316.3999938964844,320.94000244140625,311.7799987792969,314.3399963378906,313.9313659667969,31212100
GOOGL,2026-01-07,314.3599853515625,326.1499938964844,314.19000244140625,321.9800109863281,321.5614318847656,35104400
GOOGL,2026-01-08,328.9700012207031,330.32000732421875,321.5,325.44000244140625,325.0169372558594,31896100
GOOGL,2026-01-09,327.0899963378906,330.8299865722656,325.79998779296875,328.57000732421875,328.14288330078125,26214200
GOOGL,2026-01-12,325.79998779296875,334.0400085449219,325.0,331.8599853515625,331.4285583496094,33923900
GOOGL,2026-01-13,334.95001220703125,340.489990234375,333.6199951171875,335.9700012207031,335.53326416015625,33517600
GOOGL,2026-01-14,335.05999755859375,336.5199890136719,330.4800109863281,335.8399963378906,335.4034118652344,28525600
GOOGL,2026-01-15,337.6499938964844,337.69000244140625,330.739990234375,332.7799987792969,332.3473815917969,28442400
GOOGL,2026-01-16,334.4100036621094,334.6499938964844,327.70001220703125,330.0,329.5710144042969,40341600
GOOGL,2026-01-20,320.8699951171875,327.7300109863281,320.42999267578125,322.0,321.5814208984375,35361000
GOOGL,2026-01-21,320.9200134277344,332.4800109863281,319.3500061035156,328.3800048828125,327.953125,35386600
GOOGL,2026-01-22,334.45001220703125,335.1499938964844,328.75,330.5400085449219,330.1103210449219,26253600
GOOGL,2026-01-23,332.489990234375,333.69000244140625,327.45001220703125,327.92999267578125,327.5036926269531,27280000
GOOGL,2026-01-26,327.80999755859375,335.8399963378906,327.0,333.260009765625,332.8267822265625,26042100
GOOGL,2026-01-27,335.3699951171875,337.9100036621094,333.4800109863281,334.54998779296875,334.1150817871094,21636200
GOOGL,2026-01-28,336.05999755859375,337.5400085449219,331.94000244140625,336.010009765625,335.5732116699219,27434400
GOOGL,2026-01-29,340.29998779296875,342.2900085449219,326.5400085449219,338.25,337.8102722167969,39785600
GOOGL,2026-01-30,340.0,340.0,332.2900085449219,338.0,337.56060791015625,31024000
GOOGL,2026-02-02,336.2200012207031,344.8299865722656,335.6300048828125,343.69000244140625,343.24322509765625,32006100
GOOGL,2026-02-03,347.3399963378906,349.0,337.4700012207031,339.7099914550781,339.26837158203125,36506700
GOOGL,2026-02-04,342.9599914550781,343.30999755859375,328.5199890136719,333.0400085449219,332.6070556640625,70618400
GOOGL,2026-02-05,312.2200012207031,332.69000244140625,306.4599914550781,331.25,330.8193664550781,88205800
GOOGL,2026-02-06,327.17999267578125,330.3800048828125,319.9200134277344,322.8599853515625,322.4402770996094,56380500
GOOGL,2026-02-09,320.92999267578125,327.70001220703125,317.260009765625,324.32000732421875,323.8984069824219,39640100
GOOGL,2026-02-10,320.9700012207031,321.6700134277344,314.6099853515625,318.5799865722656,318.16583251953125,39170000
GOOGL,2026-02-11,318.9700012207031,321.05999755859375,309.6600036621094,310.9599914550781,310.5557556152344,45406400
GOOGL,2026-02-12,312.0899963378906,316.239990234375,307.20001220703125,309.0,308.5982971191406,47761300
GOOGL,2026-02-13,307.7300109863281,308.6300048828125,303.7099914550781,305.7200012207031,305.32257080078125,38499700
GOOGL,2026-02-17,300.0400085449219,304.44000244140625,296.25,302.0199890136719,301.6273498535156,39247600
GOOGL,2026-02-18,302.0899963378906,305.3800048828125,301.25,303.3299865722656,302.9356689453125,28482100
GOOGL,2026-02-19,301.82000732421875,305.4700012207031,300.0400085449219,302.8500061035156,302.456298828125,25834400
GOOGL,2026-02-20,304.32000732421875,316.5,303.8999938964844,314.9800109863281,314.5705261230469,53210800
GOOGL,2026-02-23,319.04998779296875,319.5199890136719,309.8699951171875,311.489990234375,311.0850524902344,31423000
GOOGL,2026-02-24,310.5199890136719,312.2699890136719,305.92999267578125,310.8999938964844,310.495849609375,25615600
GOOGL,2026-02-25,312.05999755859375,313.6400146484375,309.44000244140625,312.8999938964844,312.49322509765625,29963600
GOOGL,2026-02-26,312.6400146484375,313.1400146484375,302.3500061035156,307.3800048828125,306.9804382324219,36431200
GOOGL,2026-02-27,304.1400146484375,312.3699951171875,303.79998779296875,311.760009765625,311.354736328125,44640600
GOOGL,2026-03-02,303.2300109863281,308.489990234375,301.29998779296875,306.5199890136719,306.12152099609375,34790200
GOOGL,2026-03-03,298.5899963378906,303.94000244140625,296.7099914550781,303.5799865722656,303.1853332519531,35497000
GOOGL,2026-03-04,302.8900146484375,305.4700012207031,300.75,303.1300048828125,302.7359619140625,29536200
GOOGL,2026-03-05,303.0400085449219,303.29998779296875,297.989990234375,300.8800048828125,300.4888610839844,35752300
GOOGL,2026-03-06,296.0899963378906,300.5299987792969,295.17999267578125,298.5199890136719,298.1319274902344,25576900
GOOGL,2026-03-09,294.3599853515625,306.79998779296875,294.0799865722656,306.3599853515625,306.1770935058594,29312100
GOOGL,2026-03-10,306.1700134277344,309.510009765625,305.57000732421875,307.0400085449219,306.8567199707031,23239700
GOOGL,2026-03-11,306.75,311.4200134277344,305.9200134277344,308.70001220703125,308.5157470703125,24125700
GOOGL,2026-03-12,306.82000732421875,308.94000244140625,301.0299987792969,303.54998779296875,303.3687744140625,24928300
GOOGL,2026-03-13,307.010009765625,307.69000244140625,300.44000244140625,302.2799987792969,302.09954833984375,23693100
GOOGL,2026-03-16,304.3500061035156,306.489990234375,303.0199890136719,305.55999755859375,305.3775939941406,23519700
GOOGL,2026-03-17,305.8599853515625,311.4200134277344,305.5,310.9200134277344,310.7344055175781,21955200
GOOGL,2026-03-18,309.2699890136719,312.4700012207031,306.92999267578125,307.69000244140625,307.5063171386719,20009800
GOOGL,2026-03-19,304.010009765625,308.05999755859375,302.3500061035156,307.1300048828125,306.9466552734375,25075800
GOOGL,2026-03-20,305.4599914550781,306.0,298.2699890136719,301.0,300.8203125,44364100
GOOGL,2026-03-23,302.1099853515625,305.9800109863281,300.92999267578125,302.05999755859375,301.87969970703125,29326900
GOOGL,2026-03-24,299.20001220703125,299.9200134277344,290.3299865722656,290.44000244140625,290.2666320800781,36864300
GOOGL,2026-03-25,293.44000244140625,296.0,289.239990234375,290.92999267578125,290.7563171386719,29460700
GOOGL,2026-03-26,287.9100036621094,287.95001220703125,278.5,280.9200134277344,280.7523193359375,39080600
GOOGL,2026-03-27,277.2799987792969,279.3699951171875,273.95001220703125,274.3399963378906,274.1762390136719,35890600
GOOGL,2026-03-30,276.4200134277344,277.0899963378906,272.1099853515625,273.5,273.33673095703125,35141200
GOOGL,2026-03-31,278.0400085449219,288.0799865722656,277.0899963378906,287.55999755859375,287.3883361816406,43875400
GOOGL,2026-04-01,290.8399963378906,300.5199890136719,290.4100036621094,297.3900146484375,297.2124938964844,37684500
GOOGL,2026-04-02,290.69000244140625,298.0799865722656,289.45001220703125,295.7699890136719,295.59344482421875,21666500
GOOGL,2026-04-06,295.8699951171875,300.6199951171875,295.17999267578125,299.989990234375,299.8109130859375,16945500
GOOGL,2026-04-07,302.7300109863281,305.6300048828125,297.7200012207031,305.4599914550781,305.27764892578125,23205400
GOOGL,2026-04-08,320.45001220703125,322.0799865722656,315.0199890136719,317.32000732421875,317.1305847167969,33547100
GOOGL,2026-04-09,315.9100036621094,319.5400085449219,311.05999755859375,318.489990234375,318.29986572265625,23739200
GOOGL,2026-04-10,320.0199890136719,321.8299865722656,316.32000732421875,317.239990234375,317.0506286621094,19152600
GOOGL,2026-04-13,317.1400146484375,321.6300048828125,315.4700012207031,321.30999755859375,321.1181945800781,18866400
GOOGL,2026-04-14,324.7900085449219,333.2900085449219,323.75,332.9100036621094,332.7112731933594,27721400
GOOGL,2026-04-15,332.8900146484375,337.4800109863281,330.8999938964844,337.1199951171875,336.91876220703125,24918800
GOOGL,2026-04-16,338.75,339.8800048828125,334.5199890136719,336.0199890136719,335.81939697265625,20541500
GOOGL,2026-04-17,337.6499938964844,342.32000732421875,336.239990234375,341.67999267578125,341.4760437011719,25581900
GOOGL,2026-04-20,340.760009765625,341.3999938964844,336.6099853515625,337.4200134277344,337.2185974121094,18784200
GOOGL,2026-04-21,337.69000244140625,339.3399963378906,331.3500061035156,332.2900085449219,332.0916442871094,23123800
GOOGL,2026-04-22,337.0199890136719,339.82000732421875,335.1700134277344,339.32000732421875,339.1174621582031,20293000
GOOGL,2026-04-23,341.17999267578125,341.9599914550781,336.17999267578125,338.8900146484375,338.6877136230469,18650300
GOOGL,2026-04-24,338.7300109863281,345.2699890136719,335.3900146484375,344.3999938964844,344.19439697265625,26426100
GOOGL,2026-04-27,345.9800109863281,353.17999267578125,342.7300109863281,350.3399963378906,350.130859375,28576900
GOOGL,2026-04-28,348.54998779296875,352.4200134277344,346.1199951171875,349.7799987792969,349.5711975097656,27824100
GOOGL,2026-04-29,347.57000732421875,355.7900085449219,344.2099914550781,349.94000244140625,349.7311096191406,35376300
GOOGL,2026-04-30,374.07000732421875,385.8399963378906,365.82000732421875,384.79998779296875,384.5702819824219,72040000
GOOGL,2026-05-01,381.6300048828125,386.760009765625,379.04998779296875,385.69000244140625,385.45977783203125,30105200
GOOGL,2026-05-04,385.6300048828125,387.3800048828125,379.7900085449219,383.25,383.0212097167969,26298600
GOOGL,2026-05-05,386.2300109863281,392.82000732421875,384.0199890136719,388.42999267578125,388.1981201171875,23878600
GOOGL,2026-05-06,394.25,399.8500061035156,392.760009765625,398.0400085449219,397.8023986816406,31308500
GOOGL,2026-05-07,399.9200134277344,400.1000061035156,392.67999267578125,397.989990234375,397.7524108886719,24433500
GOOGL,2026-05-08,397.0,402.0,396.3599853515625,400.79998779296875,400.56072998046875,21461800
GOOGL,2026-05-11,393.6499938964844,397.44000244140625,388.4700012207031,388.6400146484375,388.40802001953125,30753700
GOOGL,2026-05-12,387.3399963378906,388.5199890136719,382.7699890136719,387.3500061035156,387.1187744140625,26017500
GOOGL,2026-05-13,385.6000061035156,403.70001220703125,385.0,402.6199951171875,402.3796691894531,28144600
GOOGL,2026-05-14,397.2799987792969,402.92999267578125,395.8399963378906,401.07000732421875,400.8305969238281,21136700
GOOGL,2026-05-15,396.32000732421875,399.5400085449219,393.17999267578125,396.7799987792969,396.54315185546875,20309700
GOOGL,2026-05-18,395.69000244140625,408.6099853515625,394.5299987792969,396.94000244140625,396.70306396484375,26837200
GOOGL,2026-05-19,396.9599914550781,397.1499938964844,386.1099853515625,387.6600036621094,387.4285888671875,39545700
GOOGL,2026-05-20,387.70001220703125,393.8599853515625,382.8999938964844,388.9100036621094,388.6778564453125,31744400
GOOGL,2026-05-21,385.70001220703125,392.5,383.0199890136719,387.6600036621094,387.4285888671875,24852800
GOOGL,2026-05-22,387.3500061035156,388.739990234375,381.7699890136719,382.9700012207031,382.74139404296875,20442100
GOOGL,2026-05-26,384.510009765625,389.260009765625,382.6000061035156,388.8800048828125,388.6478576660156,27747400
GOOGL,2026-05-27,386.6700134277344,393.8800048828125,385.8999938964844,388.8299865722656,388.5978698730469,23087300
GOOGL,2026-05-28,388.0,391.8699951171875,385.1600036621094,390.1300048828125,389.8971252441406,24357500
GOOGL,2026-05-29,385.239990234375,385.239990234375,378.4599914550781,380.3399963378906,380.1129455566406,44415800
GOOGL,2026-06-01,376.5199890136719,378.55999755859375,373.5199890136719,376.3699951171875,376.14532470703125,28672100
GOOGL,2026-06-02,366.5899963378906,373.5400085449219,358.44000244140625,361.8500061035156,361.6340026855469,50412300
GOOGL,2026-06-03,362.0299987792969,366.45001220703125,358.0799865722656,358.989990234375,358.77569580078125,55441600
GOOGL,2026-06-04,358.8999938964844,373.25,358.2099914550781,372.19000244140625,371.96783447265625,44055500
GOOGL,2026-06-05,366.3399963378906,372.0799865722656,364.1199951171875,368.5299987792969,368.30999755859375,37471200
GOOGL,2026-06-08,365.17999267578125,366.20001220703125,360.5299987792969,363.30999755859375,363.30999755859375,27942500
GOOGL,2026-06-09,367.0899963378906,372.0799865722656,357.29998779296875,364.260009765625,364.260009765625,29535100
GOOGL,2026-06-10,363.19000244140625,368.55999755859375,355.20001220703125,356.3800048828125,356.3800048828125,32357100
GOOGL,2026-06-11,355.92999267578125,358.79998779296875,346.3599853515625,357.7699890136719,357.7699890136719,35538200
GOOGL,2026-06-12,362.6199951171875,366.57000732421875,354.94000244140625,359.67999267578125,359.67999267578125,24704600
GOOGL,2026-06-15,367.92999267578125,372.989990234375,366.54998779296875,369.3500061035156,369.3500061035156,27727500
GOOGL,2026-06-16,369.6000061035156,376.0,367.05999755859375,373.25,373.25,24876100
GOOGL,2026-06-17,369.1300048828125,372.3299865722656,362.0199890136719,363.7900085449219,363.7900085449219,24543600
GOOGL,2026-06-18,365.75,369.4800109863281,358.6700134277344,368.0299987792969,368.0299987792969,44470100
INTC,2025-05-30,20.260000228881836,20.260000228881836,19.309999465942383,19.549999237060547,19.549999237060547,114281900
INTC,2025-06-02,19.479999542236328,19.81999969482422,19.3700008392334,19.739999771118164,19.739999771118164,67885500
INTC,2025-06-03,19.75,20.40999984741211,19.399999618530273,20.290000915527344,20.290000915527344,80401900
INTC,2025-06-04,20.34000015258789,20.5,20.010000228881836,20.25,20.25,71166500
INTC,2025-06-05,20.270000457763672,20.549999237060547,19.850000381469727,19.989999771118164,19.989999771118164,72458400
INTC,2025-06-06,20.170000076293945,20.440000534057617,20.030000686645508,20.059999465942383,20.059999465942383,70072800
INTC,2025-06-09,20.219999313354492,20.959999084472656,20.219999313354492,20.479999542236328,20.479999542236328,92893900
INTC,2025-06-10,20.5,22.440000534057617,20.280000686645508,22.079999923706055,22.079999923706055,171457000
INTC,2025-06-11,21.780000686645508,21.829999923706055,20.3799991607666,20.68000030517578,20.68000030517578,146784500
INTC,2025-06-12,20.5,20.979999542236328,20.40999984741211,20.770000457763672,20.770000457763672,78175900
INTC,2025-06-13,20.329999923706055,20.600000381469727,20.100000381469727,20.139999389648438,20.139999389648438,87655900
INTC,2025-06-16,20.40999984741211,20.93000030517578,20.299999237060547,20.739999771118164,20.739999771118164,86745100
INTC,2025-06-17,20.6299991607666,21.479999542236328,20.6200008392334,20.799999237060547,20.799999237060547,87512200
INTC,2025-06-18,20.809999465942383,21.600000381469727,20.65999984741211,21.489999771118164,21.489999771118164,94200600
INTC,2025-06-20,21.700000762939453,21.889999389648438,20.8799991607666,21.079999923706055,21.079999923706055,133472800
INTC,2025-06-23,21.06999969482422,21.579999923706055,20.729999542236328,21.190000534057617,21.190000534057617,81461000
INTC,2025-06-24,21.34000015258789,22.690000534057617,21.329999923706055,22.549999237060547,22.549999237060547,130368700
INTC,2025-06-25,22.579999923706055,22.770000457763672,22.1299991607666,22.200000762939453,22.200000762939453,64975100
INTC,2025-06-26,22.399999618530273,22.6200008392334,22.209999084472656,22.5,22.5,63229300
INTC,2025-06-27,22.709999084472656,23.3799991607666,22.420000076293945,22.690000534057617,22.690000534057617,95542400
INTC,2025-06-30,22.969999313354492,22.969999313354492,22.270000457763672,22.399999618530273,22.399999618530273,77102400
INTC,2025-07-01,22.329999923706055,23.15999984741211,22.280000686645508,22.850000381469727,22.850000381469727,79094900
INTC,2025-07-02,22.530000686645508,22.770000457763672,21.520000457763672,21.8799991607666,21.8799991607666,138245300
INTC,2025-07-03,22.149999618530273,22.6299991607666,21.989999771118164,22.489999771118164,22.489999771118164,61176000
INTC,2025-07-07,22.209999084472656,22.389999389648438,21.860000610351562,22.0,22.0,80725200
INTC,2025-07-08,22.18000030517578,23.790000915527344,22.1299991607666,23.59000015258789,23.59000015258789,119545500
INTC,2025-07-09,23.290000915527344,23.530000686645508,23.1299991607666,23.440000534057617,23.440000534057617,70247700
INTC,2025-07-10,23.6299991607666,24.040000915527344,23.479999542236328,23.81999969482422,23.81999969482422,54599800
INTC,2025-07-11,23.559999465942383,23.65999984741211,23.15999984741211,23.43000030517578,23.43000030517578,49367900
INTC,2025-07-14,23.239999771118164,23.399999618530273,22.8799991607666,23.299999237060547,23.299999237060547,48420500
INTC,2025-07-15,23.56999969482422,23.780000686645508,22.899999618530273,22.920000076293945,22.920000076293945,66099400
INTC,2025-07-16,22.989999771118164,23.1299991607666,22.25,22.690000534057617,22.690000534057617,58865900
INTC,2025-07-17,22.65999984741211,23.049999237060547,22.59000015258789,22.799999237060547,22.799999237060547,49384000
INTC,2025-07-18,23.219999313354492,23.59000015258789,22.899999618530273,23.100000381469727,23.100000381469727,60195600
INTC,2025-07-21,23.399999618530273,23.829999923706055,23.15999984741211,23.260000228881836,23.260000228881836,61658000
INTC,2025-07-22,23.34000015258789,23.540000915527344,23.079999923706055,23.239999771118164,23.239999771118164,53969800
INTC,2025-07-23,23.260000228881836,23.6200008392334,22.920000076293945,23.489999771118164,23.489999771118164,68711700
INTC,2025-07-24,23.489999771118164,23.579999923706055,22.600000381469727,22.6299991607666,22.6299991607666,131963300
INTC,2025-07-25,20.68000030517578,21.049999237060547,20.360000610351562,20.700000762939453,20.700000762939453,245077700
INTC,2025-07-28,20.81999969482422,21.290000915527344,20.649999618530273,20.68000030517578,20.68000030517578,86105600
INTC,2025-07-29,20.690000534057617,20.850000381469727,20.34000015258789,20.40999984741211,20.40999984741211,100831500
INTC,2025-07-30,20.43000030517578,20.6200008392334,20.079999923706055,20.34000015258789,20.34000015258789,67420300
INTC,2025-07-31,20.170000076293945,20.229999542236328,19.65999984741211,19.799999237060547,19.799999237060547,90665200
INTC,2025-08-01,19.5,19.549999237060547,18.969999313354492,19.309999465942383,19.309999465942383,86496100
INTC,2025-08-04,19.520000457763672,19.59000015258789,19.350000381469727,19.5,19.5,69249400
INTC,2025-08-05,19.700000762939453,20.540000915527344,19.68000030517578,20.190000534057617,20.190000534057617,97338200
INTC,2025-08-06,20.1200008392334,20.479999542236328,19.8700008392334,20.40999984741211,20.40999984741211,67074200
INTC,2025-08-07,20.0,20.440000534057617,19.600000381469727,19.770000457763672,19.770000457763672,131382800
INTC,2025-08-08,20.0,20.020000457763672,19.610000610351562,19.950000762939453,19.950000762939453,75415000
INTC,2025-08-11,20.450000762939453,21.600000381469727,20.440000534057617,20.649999618530273,20.649999618530273,175545600
INTC,2025-08-12,21.200000762939453,21.860000610351562,20.760000228881836,21.809999465942383,21.809999465942383,134153600
INTC,2025-08-13,21.6200008392334,22.299999237060547,21.360000610351562,22.219999313354492,22.219999313354492,86024400
INTC,2025-08-14,21.989999771118164,24.200000762939453,21.899999618530273,23.860000610351562,23.860000610351562,188052500
INTC,2025-08-15,25.010000228881836,25.649999618530273,24.110000610351562,24.559999465942383,24.559999465942383,310161100
INTC,2025-08-18,24.0,24.899999618530273,23.209999084472656,23.65999984741211,23.65999984741211,212515600
INTC,2025-08-19,24.940000534057617,26.530000686645508,24.940000534057617,25.309999465942383,25.309999465942383,297659200
INTC,2025-08-20,24.899999618530273,24.93000030517578,23.329999923706055,23.540000915527344,23.540000915527344,161149400
INTC,2025-08-21,23.530000686645508,23.56999969482422,22.780000686645508,23.5,23.5,97718300
INTC,2025-08-22,23.649999618530273,25.229999542236328,23.649999618530273,24.799999237060547,24.799999237060547,200266800
INTC,2025-08-25,25.5,25.8799991607666,24.440000534057617,24.549999237060547,24.549999237060547,156825600
INTC,2025-08-26,24.579999923706055,24.739999771118164,24.100000381469727,24.350000381469727,24.350000381469727,78558200
INTC,2025-08-27,24.190000534057617,24.989999771118164,24.049999237060547,24.850000381469727,24.850000381469727,90934400
INTC,2025-08-28,24.959999084472656,25.139999389648438,24.610000610351562,24.93000030517578,24.93000030517578,60035100
INTC,2025-08-29,24.760000228881836,24.969999313354492,24.280000686645508,24.350000381469727,24.350000381469727,63734400
INTC,2025-09-02,23.8799991607666,24.239999771118164,23.68000030517578,24.209999084472656,24.209999084472656,57661800
INTC,2025-09-03,24.09000015258789,24.09000015258789,23.719999313354492,24.0,24.0,47822900
INTC,2025-09-04,23.850000381469727,24.639999389648438,23.75,24.610000610351562,24.610000610351562,59056500
INTC,2025-09-05,24.600000381469727,24.709999084472656,24.170000076293945,24.489999771118164,24.489999771118164,55975300
INTC,2025-09-08,24.479999542236328,24.739999771118164,24.1200008392334,24.479999542236328,24.479999542236328,51122100
INTC,2025-09-09,24.530000686645508,24.809999465942383,24.270000457763672,24.440000534057617,24.440000534057617,42146200
INTC,2025-09-10,24.420000076293945,24.8700008392334,24.280000686645508,24.770000457763672,24.770000457763672,61600700
INTC,2025-09-11,24.760000228881836,24.93000030517578,24.56999969482422,24.610000610351562,24.610000610351562,55536900
INTC,2025-09-12,24.610000610351562,24.6299991607666,24.049999237060547,24.079999923706055,24.079999923706055,52672800
INTC,2025-09-15,24.329999923706055,25.459999084472656,24.219999313354492,24.770000457763672,24.770000457763672,83951600
INTC,2025-09-16,24.81999969482422,25.34000015258789,24.690000534057617,25.270000457763672,25.270000457763672,60336600
INTC,2025-09-17,25.079999923706055,25.260000228881836,24.450000762939453,24.899999618530273,24.899999618530273,63093700
INTC,2025-09-18,31.780000686645508,32.380001068115234,30.15999984741211,30.56999969482422,30.56999969482422,523908000
INTC,2025-09-19,30.3799991607666,30.6299991607666,29.329999923706055,29.579999923706055,29.579999923706055,225702900
INTC,2025-09-22,29.670000076293945,30.100000381469727,28.729999542236328,28.760000228881836,28.760000228881836,130314500
INTC,2025-09-23,28.989999771118164,30.200000762939453,28.81999969482422,29.34000015258789,29.34000015258789,126317900
INTC,2025-09-24,29.3799991607666,31.700000762939453,29.229999542236328,31.219999313354492,31.219999313354492,164458500
INTC,2025-09-25,31.610000610351562,34.25,31.209999084472656,33.9900016784668,33.9900016784668,295709300
INTC,2025-09-26,35.02000045776367,36.29999923706055,34.4900016784668,35.5,35.5,268583300
INTC,2025-09-29,34.52000045776367,35.04999923706055,33.72999954223633,34.47999954223633,34.47999954223633,152605900
INTC,2025-09-30,33.93000030517578,34.2400016784668,33.02000045776367,33.54999923706055,33.54999923706055,124818400
INTC,2025-10-01,33.529998779296875,36.060001373291016,33.5,35.939998626708984,35.939998626708984,162649700
INTC,2025-10-02,35.7599983215332,37.56999969482422,35.439998626708984,37.29999923706055,37.29999923706055,149361700
INTC,2025-10-03,37.95000076293945,38.08000183105469,36.45000076293945,36.83000183105469,36.83000183105469,125359300
INTC,2025-10-06,37.189998626708984,38.68000030517578,36.43000030517578,36.59000015258789,36.59000015258789,112086100
INTC,2025-10-07,36.63999938964844,38.04999923706055,36.349998474121094,37.16999816894531,37.16999816894531,111140200
INTC,2025-10-08,36.54999923706055,37.790000915527344,35.90999984741211,37.43000030517578,37.43000030517578,103202100
INTC,2025-10-09,37.529998779296875,38.099998474121094,36.86000061035156,37.79999923706055,37.79999923706055,89884700
INTC,2025-10-10,38.459999084472656,39.650001525878906,36.29999923706055,36.369998931884766,36.369998931884766,183063300
INTC,2025-10-13,36.439998626708984,37.5099983215332,36.279998779296875,37.220001220703125,37.220001220703125,104020700
INTC,2025-10-14,36.0,36.54999923706055,34.689998626708984,35.630001068115234,35.630001068115234,117908300
INTC,2025-10-15,36.400001525878906,37.4900016784668,35.63999938964844,37.150001525878906,37.150001525878906,99242700
INTC,2025-10-16,37.150001525878906,38.02000045776367,36.40999984741211,36.84000015258789,36.84000015258789,83357800
INTC,2025-10-17,36.36000061035156,38.380001068115234,36.08000183105469,37.0099983215332,37.0099983215332,119394700
INTC,2025-10-20,37.56999969482422,38.52000045776367,37.560001373291016,38.099998474121094,38.099998474121094,80230200
INTC,2025-10-21,38.13999938964844,38.349998474121094,37.66999816894531,38.119998931884766,38.119998931884766,73134900
INTC,2025-10-22,37.84000015258789,37.93000030517578,36.040000915527344,36.91999816894531,36.91999816894531,87099900
INTC,2025-10-23,36.599998474121094,38.400001525878906,36.43000030517578,38.15999984741211,38.15999984741211,121974200
INTC,2025-10-24,40.02000045776367,41.119998931884766,37.83000183105469,38.279998779296875,38.279998779296875,246380000
INTC,2025-10-27,38.38999938964844,40.66999816894531,38.22999954223633,39.540000915527344,39.540000915527344,160007600
INTC,2025-10-28,39.59000015258789,42.47999954223633,39.540000915527344,41.529998779296875,41.529998779296875,181256400
INTC,2025-10-29,41.599998474121094,42.040000915527344,40.91999816894531,41.34000015258789,41.34000015258789,106962900
INTC,2025-10-30,40.970001220703125,41.43000030517578,40.11000061035156,40.15999984741211,40.15999984741211,84855500
INTC,2025-10-31,40.68000030517578,40.83000183105469,39.790000915527344,39.9900016784668,39.9900016784668,80471400
INTC,2025-11-03,40.25,40.45000076293945,39.04999923706055,39.5,39.5,61267500
INTC,2025-11-04,38.13999938964844,38.25,36.630001068115234,37.029998779296875,37.029998779296875,102250300
INTC,2025-11-05,37.41999816894531,38.689998626708984,37.11000061035156,38.380001068115234,38.380001068115234,74631600
INTC,2025-11-06,38.34000015258789,39.84000015258789,36.79999923706055,37.2400016784668,37.2400016784668,77629900
INTC,2025-11-07,37.2599983215332,38.27000045776367,36.970001220703125,38.130001068115234,38.130001068115234,95521400
INTC,2025-11-10,38.93000030517578,39.529998779296875,37.970001220703125,38.45000076293945,38.45000076293945,77820300
INTC,2025-11-11,38.150001525878906,38.220001220703125,37.4900016784668,37.880001068115234,37.880001068115234,53741900
INTC,2025-11-12,38.060001373291016,38.20000076293945,37.349998474121094,37.88999938964844,37.88999938964844,53876000
INTC,2025-11-13,37.27000045776367,37.310001373291016,35.45000076293945,35.90999984741211,35.90999984741211,95593200
INTC,2025-11-14,35.029998779296875,36.099998474121094,34.619998931884766,35.52000045776367,35.52000045776367,71716200
INTC,2025-11-17,35.45000076293945,35.72999954223633,34.22999954223633,34.709999084472656,34.709999084472656,72580100
INTC,2025-11-18,34.25,34.7599983215332,33.56999969482422,34.33000183105469,34.33000183105469,61504800
INTC,2025-11-19,34.33000183105469,35.75,34.25,35.11000061035156,35.11000061035156,67115500
INTC,2025-11-20,36.0,36.68000030517578,33.47999954223633,33.619998931884766,33.619998931884766,96389100
INTC,2025-11-21,33.5099983215332,34.97999954223633,32.88999938964844,34.5,34.5,105641700
INTC,2025-11-24,34.970001220703125,36.15999984741211,34.689998626708984,35.790000915527344,35.790000915527344,103804200
INTC,2025-11-25,35.54999923706055,36.130001068115234,34.68000030517578,35.83000183105469,35.83000183105469,62203300
INTC,2025-11-26,36.20000076293945,37.2400016784668,36.130001068115234,36.810001373291016,36.810001373291016,54563400
INTC,2025-11-28,37.400001525878906,40.59000015258789,37.34000015258789,40.560001373291016,40.560001373291016,95799500
INTC,2025-12-01,39.86000061035156,40.380001068115234,39.599998474121094,40.0099983215332,40.0099983215332,74534900
INTC,2025-12-02,40.470001220703125,43.68000030517578,40.04999923706055,43.470001220703125,43.470001220703125,167205800
INTC,2025-12-03,43.38999938964844,44.02000045776367,42.5099983215332,43.7599983215332,43.7599983215332,91957200
INTC,2025-12-04,43.2599983215332,43.279998779296875,40.13999938964844,40.5,40.5,107850200
INTC,2025-12-05,41.15999984741211,42.83000183105469,41.150001525878906,41.40999984741211,41.40999984741211,103042000
INTC,2025-12-08,41.939998626708984,42.119998931884766,39.70000076293945,40.29999923706055,40.29999923706055,93953600
INTC,2025-12-09,40.72999954223633,41.2599983215332,40.029998779296875,40.5,40.5,61877200
INTC,2025-12-10,40.11000061035156,40.9900016784668,38.88999938964844,40.779998779296875,40.779998779296875,75974900
INTC,2025-12-11,40.06999969482422,40.189998626708984,39.08000183105469,39.5099983215332,39.5099983215332,59096800
INTC,2025-12-12,39.25,40.029998779296875,37.619998931884766,37.810001373291016,37.810001373291016,87784500
INTC,2025-12-15,38.33000183105469,38.47999954223633,37.31999969482422,37.5099983215332,37.5099983215332,60898500
INTC,2025-12-16,37.58000183105469,37.959999084472656,36.91999816894531,37.310001373291016,37.310001373291016,50490300
INTC,2025-12-17,37.59000015258789,37.84000015258789,35.970001220703125,36.04999923706055,36.04999923706055,54792000
INTC,2025-12-18,37.380001068115234,37.4900016784668,35.66999816894531,36.279998779296875,36.279998779296875,69468400
INTC,2025-12-19,36.47999954223633,37.58000183105469,36.439998626708984,36.81999969482422,36.81999969482422,163221300
INTC,2025-12-22,37.88999938964844,37.900001525878906,36.290000915527344,36.369998931884766,36.369998931884766,51685400
INTC,2025-12-23,36.2400016784668,36.79999923706055,36.029998779296875,36.349998474121094,36.349998474121094,35958000
INTC,2025-12-24,35.16999816894531,36.18000030517578,34.95000076293945,36.15999984741211,36.15999984741211,37443800
INTC,2025-12-26,36.16999816894531,36.4900016784668,35.849998474121094,36.20000076293945,36.20000076293945,28779400
INTC,2025-12-29,36.0099983215332,36.79999923706055,35.81999969482422,36.68000030517578,36.68000030517578,38062300
INTC,2025-12-30,36.90999984741211,38.2599983215332,36.81999969482422,37.29999923706055,37.29999923706055,61935300
INTC,2025-12-31,37.400001525878906,37.58000183105469,36.869998931884766,36.900001525878906,36.900001525878906,51524700
INTC,2026-01-02,37.77000045776367,39.86000061035156,37.7599983215332,39.380001068115234,39.380001068115234,95396400
INTC,2026-01-05,41.59000015258789,42.099998474121094,39.27000045776367,39.369998931884766,39.369998931884766,96665400
INTC,2026-01-06,39.86000061035156,40.310001373291016,38.95000076293945,40.040000915527344,40.040000915527344,66395100
INTC,2026-01-07,40.18000030517578,44.56999969482422,40.119998931884766,42.630001068115234,42.630001068115234,166028400
INTC,2026-01-08,42.619998931884766,43.34000015258789,40.68000030517578,41.11000061035156,41.11000061035156,88242000
INTC,2026-01-09,41.83000183105469,45.72999954223633,41.56999969482422,45.54999923706055,45.54999923706055,186691400
INTC,2026-01-12,44.2400016784668,45.45000076293945,43.88999938964844,44.060001373291016,44.060001373291016,101989100
INTC,2026-01-13,45.88999938964844,48.2400016784668,45.220001220703125,47.290000915527344,47.290000915527344,168656400
INTC,2026-01-14,48.95000076293945,49.0,47.41999816894531,48.720001220703125,48.720001220703125,148225800
INTC,2026-01-15,49.349998474121094,50.38999938964844,47.83000183105469,48.31999969482422,48.31999969482422,132328900
INTC,2026-01-16,49.27000045776367,50.209999084472656,46.709999084472656,46.959999084472656,46.959999084472656,127314700
INTC,2026-01-20,47.29999923706055,50.22999954223633,47.0,48.560001373291016,48.560001373291016,150153000
INTC,2026-01-21,50.31999969482422,54.40999984741211,50.150001525878906,54.25,54.25,220565300
INTC,2026-01-22,54.209999084472656,54.599998474121094,53.08000183105469,54.31999969482422,54.31999969482422,190066400
INTC,2026-01-23,46.86000061035156,48.130001068115234,44.45000076293945,45.06999969482422,45.06999969482422,294675400
INTC,2026-01-26,44.279998779296875,44.459999084472656,42.279998779296875,42.4900016784668,42.4900016784668,149407800
INTC,2026-01-27,43.970001220703125,44.529998779296875,43.099998474121094,43.93000030517578,43.93000030517578,121832200
INTC,2026-01-28,46.599998474121094,49.290000915527344,46.31999969482422,48.779998779296875,48.779998779296875,201995100
INTC,2026-01-29,47.560001373291016,48.77000045776367,46.9900016784668,48.65999984741211,48.65999984741211,124256600
INTC,2026-01-30,48.97999954223633,49.58000183105469,45.959999084472656,46.470001220703125,46.470001220703125,114920100
INTC,2026-02-02,45.630001068115234,49.84000015258789,45.5,48.810001373291016,48.810001373291016,101414600
INTC,2026-02-03,50.060001373291016,51.4900016784668,48.43000030517578,49.25,49.25,122205100
INTC,2026-02-04,49.540000915527344,49.70000076293945,47.0,48.599998474121094,48.599998474121094,128702300
INTC,2026-02-05,47.59000015258789,50.86000061035156,46.790000915527344,48.2400016784668,48.2400016784668,114307800
INTC,2026-02-06,49.099998474121094,51.29999923706055,48.83000183105469,50.59000015258789,50.59000015258789,115600200
INTC,2026-02-09,49.59000015258789,51.220001220703125,47.59000015258789,50.2400016784668,50.2400016784668,94841400
INTC,2026-02-10,50.40999984741211,50.540000915527344,46.77000045776367,47.130001068115234,47.130001068115234,99832900
INTC,2026-02-11,48.11000061035156,49.54999923706055,46.86000061035156,48.290000915527344,48.290000915527344,107681200
INTC,2026-02-12,47.79999923706055,48.95000076293945,46.189998626708984,46.47999954223633,46.47999954223633,88321200
INTC,2026-02-13,45.7599983215332,47.689998626708984,44.970001220703125,46.790000915527344,46.790000915527344,69740400
INTC,2026-02-17,45.93000030517578,46.83000183105469,45.459999084472656,46.18000030517578,46.18000030517578,65802200
INTC,2026-02-18,45.91999816894531,46.77000045776367,44.880001068115234,45.459999084472656,45.459999084472656,65306100
INTC,2026-02-19,44.95000076293945,45.16999816894531,43.91999816894531,44.619998931884766,44.619998931884766,72724900
INTC,2026-02-20,43.88999938964844,44.38999938964844,42.880001068115234,44.11000061035156,44.11000061035156,90743600
INTC,2026-02-23,44.09000015258789,44.54999923706055,43.18000030517578,43.630001068115234,43.630001068115234,57130900
INTC,2026-02-24,44.099998474121094,46.599998474121094,43.540000915527344,46.119998931884766,46.119998931884766,98872300
INTC,2026-02-25,46.09000015258789,46.970001220703125,45.08000183105469,46.880001068115234,46.880001068115234,75645300
INTC,2026-02-26,46.77000045776367,46.95000076293945,44.38999938964844,45.459999084472656,45.459999084472656,71457500
INTC,2026-02-27,44.459999084472656,46.560001373291016,44.400001525878906,45.61000061035156,45.61000061035156,79327200
INTC,2026-03-02,44.20000076293945,45.810001373291016,43.95000076293945,45.5,45.5,60705100
INTC,2026-03-03,43.439998626708984,43.689998626708984,42.13999938964844,43.099998474121094,43.099998474121094,83971000
INTC,2026-03-04,44.06999969482422,46.130001068115234,43.27000045776367,45.58000183105469,45.58000183105469,96628100
INTC,2026-03-05,44.869998931884766,46.47999954223633,44.70000076293945,45.95000076293945,45.95000076293945,78229400
INTC,2026-03-06,44.66999816894531,45.18000030517578,43.279998779296875,43.41999816894531,43.41999816894531,74698300
INTC,2026-03-09,42.7400016784668,45.7599983215332,41.63999938964844,45.58000183105469,45.58000183105469,82937400
INTC,2026-03-10,45.40999984741211,47.880001068115234,45.40999984741211,46.779998779296875,46.779998779296875,85233300
INTC,2026-03-11,46.81999969482422,48.83000183105469,46.65999984741211,47.97999954223633,47.97999954223633,72480600
INTC,2026-03-12,47.400001525878906,47.439998626708984,45.16999816894531,45.25,45.25,85110200
INTC,2026-03-13,45.970001220703125,46.650001525878906,45.38999938964844,45.77000045776367,45.77000045776367,68386200
INTC,2026-03-16,47.90999984741211,49.16999816894531,45.689998626708984,45.7599983215332,45.7599983215332,114199400
INTC,2026-03-17,46.08000183105469,46.08000183105469,43.90999984741211,44.060001373291016,44.060001373291016,89061600
INTC,2026-03-18,44.20000076293945,45.709999084472656,44.04999923706055,45.029998779296875,45.029998779296875,78056200
INTC,2026-03-19,43.9900016784668,46.439998626708984,43.650001525878906,46.18000030517578,46.18000030517578,74051500
INTC,2026-03-20,46.95000076293945,47.54999923706055,43.63999938964844,43.869998931884766,43.869998931884766,162814200
INTC,2026-03-23,44.5,45.459999084472656,43.7400016784668,44.0099983215332,44.0099983215332,80772200
INTC,2026-03-24,43.540000915527344,44.310001373291016,43.20000076293945,44.060001373291016,44.060001373291016,65323500
INTC,2026-03-25,45.849998474121094,47.849998474121094,45.45000076293945,47.18000030517578,47.18000030517578,97467900
INTC,2026-03-26,46.29999923706055,46.599998474121094,43.91999816894531,44.099998474121094,44.099998474121094,82841400
INTC,2026-03-27,43.619998931884766,44.130001068115234,42.86000061035156,43.130001068115234,43.130001068115234,70002200
INTC,2026-03-30,43.720001220703125,43.9900016784668,40.630001068115234,41.189998626708984,41.189998626708984,84596000
INTC,2026-03-31,41.95000076293945,44.22999954223633,41.599998474121094,44.130001068115234,44.130001068115234,95294900
INTC,2026-04-01,45.0,48.77000045776367,44.97999954223633,48.029998779296875,48.029998779296875,129598500
INTC,2026-04-02,46.060001373291016,50.4900016784668,46.040000915527344,50.380001068115234,50.380001068115234,117134200
INTC,2026-04-06,50.880001068115234,52.38999938964844,49.869998931884766,50.779998779296875,50.779998779296875,79978800
INTC,2026-04-07,51.90999984741211,53.27000045776367,51.220001220703125,52.90999984741211,52.90999984741211,129543800
INTC,2026-04-08,55.369998931884766,59.16999816894531,54.79999923706055,58.95000076293945,58.95000076293945,184599900
INTC,2026-04-09,58.400001525878906,62.08000183105469,58.38999938964844,61.720001220703125,61.720001220703125,155609900
INTC,2026-04-10,61.52000045776367,63.38999938964844,60.75,62.380001068115234,62.380001068115234,98624400
INTC,2026-04-13,62.18000030517578,65.6500015258789,62.18000030517578,65.18000030517578,65.18000030517578,112111000
INTC,2026-04-14,65.16000366210938,65.18000030517578,62.09000015258789,63.810001373291016,63.810001373291016,112796100
INTC,2026-04-15,63.77000045776367,65.83999633789062,62.880001068115234,64.94000244140625,64.94000244140625,92051500
INTC,2026-04-16,64.93000030517578,68.61000061035156,64.2699966430664,68.5,68.5,108328300
INTC,2026-04-17,68.8499984741211,70.33000183105469,67.73999786376953,68.5,68.5,118831500
INTC,2026-04-20,68.44999694824219,69.20999908447266,64.47000122070312,65.69999694824219,65.69999694824219,96851100
INTC,2026-04-21,67.13999938964844,67.66999816894531,65.63999938964844,66.26000213623047,66.26000213623047,91402300
INTC,2026-04-22,67.94000244140625,68.7699966430664,64.9800033569336,65.2699966430664,65.2699966430664,90267300
INTC,2026-04-23,66.0999984741211,68.27999877929688,65.41999816894531,66.77999877929688,66.77999877929688,155141800
INTC,2026-04-24,82.19999694824219,85.22000122070312,79.62000274658203,82.54000091552734,82.54000091552734,281405200
INTC,2026-04-27,83.66999816894531,87.0999984741211,82.61000061035156,84.98999786376953,84.98999786376953,178820200
INTC,2026-04-28,81.27999877929688,84.58999633789062,80.80000305175781,84.5199966430664,84.5199966430664,147773500
INTC,2026-04-29,86.13999938964844,94.94999694824219,85.87000274658203,94.75,94.75,235070900
INTC,2026-04-30,95.5999984741211,95.69000244140625,91.5,94.4800033569336,94.4800033569336,160597300
INTC,2026-05-01,93.19999694824219,100.44999694824219,92.61000061035156,99.62000274658203,99.62000274658203,158502800
INTC,2026-05-04,99.18000030517578,99.81999969482422,95.5999984741211,95.77999877929688,95.77999877929688,119294000
INTC,2026-05-05,100.51000213623047,110.4800033569336,100.08000183105469,108.1500015258789,108.1500015258789,198482000
INTC,2026-05-06,110.9800033569336,113.5,106.58000183105469,113.01000213623047,113.01000213623047,157320100
INTC,2026-05-07,111.0199966430664,114.51000213623047,109.1500015258789,109.62000274658203,109.62000274658203,122699900
INTC,2026-05-08,111.80999755859375,130.57000732421875,111.80000305175781,124.91999816894531,124.91999816894531,227681300
INTC,2026-05-11,130.8800048828125,132.75,123.91999816894531,129.44000244140625,129.44000244140625,179486500
INTC,2026-05-12,124.36000061035156,127.79000091552734,115.0,120.61000061035156,120.61000061035156,172516500
INTC,2026-05-13,124.0999984741211,125.0,116.41000366210938,120.29000091552734,120.29000091552734,115364400
INTC,2026-05-14,114.66000366210938,118.56999969482422,113.16999816894531,115.93000030517578,115.93000030517578,118279800
INTC,2026-05-15,109.79000091552734,110.56999969482422,105.0199966430664,108.7699966430664,108.7699966430664,135206000
INTC,2026-05-18,113.47000122070312,115.54000091552734,103.8499984741211,108.16999816894531,108.16999816894531,145764000
INTC,2026-05-19,106.9800033569336,113.06999969482422,102.4000015258789,110.80000305175781,110.80000305175781,150234900
INTC,2026-05-20,116.22000122070312,121.94000244140625,114.80000305175781,118.95999908447266,118.95999908447266,165086900
INTC,2026-05-21,116.58000183105469,119.41000366210938,113.16999816894531,118.5,118.5,102452500
INTC,2026-05-22,120.33999633789062,122.77999877929688,118.08999633789062,119.83999633789062,119.83999633789062,82663000
INTC,2026-05-26,122.0999984741211,125.62000274658203,117.3499984741211,123.5199966430664,123.5199966430664,108167300
INTC,2026-05-27,124.38999938964844,125.2699966430664,117.0,121.7699966430664,121.7699966430664,93323300
INTC,2026-05-28,121.44999694824219,123.08000183105469,116.30999755859375,120.88999938964844,120.88999938964844,97321000
INTC,2026-05-29,123.8499984741211,126.63999938964844,113.54000091552734,114.68000030517578,114.68000030517578,191676100
INTC,2026-06-01,109.43000030517578,113.30000305175781,106.33000183105469,109.33000183105469,109.33000183105469,134900400
INTC,2026-06-02,107.44999694824219,109.0,104.16999816894531,107.93000030517578,107.93000030517578,106336200
INTC,2026-06-03,116.41999816894531,118.29000091552734,110.86000061035156,112.70999908447266,112.70999908447266,118928800
INTC,2026-06-04,108.4000015258789,113.13999938964844,107.4800033569336,111.77999877929688,111.77999877929688,77325800
INTC,2026-06-05,106.4800033569336,106.4800033569336,98.33000183105469,99.16999816894531,99.16999816894531,145209400
INTC,2026-06-08,111.0,112.54000091552734,106.66000366210938,110.2699966430664,110.2699966430664,136973900
INTC,2026-06-09,112.98999786376953,114.0,99.45999908447266,107.91999816894531,107.91999816894531,149623100
INTC,2026-06-10,106.02999877929688,111.5,104.91999816894531,107.04000091552734,107.04000091552734,122653500
INTC,2026-06-11,113.5199966430664,119.44000244140625,110.51000213623047,116.95999908447266,116.95999908447266,188430300
INTC,2026-06-12,117.41999816894531,127.5999984741211,115.33000183105469,124.56999969482422,124.56999969482422,151169400
INTC,2026-06-15,129.49000549316406,132.61000061035156,126.66000366210938,127.86000061035156,127.86000061035156,134507500
INTC,2026-06-16,125.11000061035156,128.6999969482422,116.0,117.05000305175781,117.05000305175781,132962600
INTC,2026-06-17,121.8499984741211,125.19999694824219,118.05999755859375,121.0999984741211,121.0999984741211,115324900
INTC,2026-06-18,131.80999755859375,135.47999572753906,127.9000015258789,133.99000549316406,133.99000549316406,233906600
JPM,2025-05-30,263.45001220703125,265.3299865722656,262.7300109863281,264.0,258.9636535644531,10977700
JPM,2025-06-02,263.0199890136719,265.0299987792969,261.8999938964844,264.6600036621094,259.611083984375,6011200
JPM,2025-06-03,263.7300109863281,266.5799865722656,262.8800048828125,266.2699890136719,261.19036865234375,6998400
JPM,2025-06-04,265.9200134277344,267.1199951171875,264.17999267578125,264.2200012207031,259.1794738769531,5915700
JPM,2025-06-05,264.739990234375,264.739990234375,260.30999755859375,261.95001220703125,256.9527587890625,8173800
JPM,2025-06-06,264.3299865722656,266.6499938964844,264.260009765625,265.7300109863281,260.6606750488281,7738100
JPM,2025-06-09,266.0,267.8999938964844,263.3500061035156,266.739990234375,261.6513977050781,8285000
JPM,2025-06-10,265.8800048828125,268.8999938964844,265.8500061035156,268.6000061035156,263.4759216308594,7538100
JPM,2025-06-11,268.67999267578125,269.6199951171875,265.7900085449219,268.1499938964844,263.03448486328125,7434100
JPM,2025-06-12,266.8599853515625,268.2900085449219,265.1400146484375,268.239990234375,263.1227722167969,6618000
JPM,2025-06-13,265.0799865722656,267.0199890136719,262.7099914550781,264.95001220703125,259.89556884765625,7098300
JPM,2025-06-16,267.0,271.7300109863281,266.8500061035156,270.3599853515625,265.20233154296875,8566000
JPM,2025-06-17,268.1700134277344,270.5899963378906,267.79998779296875,269.5199890136719,264.37835693359375,6739300
JPM,2025-06-18,270.0,277.7200012207031,269.7200012207031,273.9599914550781,268.733642578125,9586400
JPM,2025-06-20,275.57000732421875,277.29998779296875,273.80999755859375,275.0,269.7538146972656,13969700
JPM,2025-06-23,275.05999755859375,278.54998779296875,272.1099853515625,278.2699890136719,272.96142578125,8094600
JPM,2025-06-24,280.2099914550781,282.7099914550781,279.510009765625,281.260009765625,275.8944396972656,9267900
JPM,2025-06-25,281.5,284.2799987792969,280.9100036621094,284.05999755859375,278.6409912109375,6826900
JPM,2025-06-26,284.70001220703125,289.4100036621094,284.4700012207031,288.75,283.2415466308594,8942100
JPM,2025-06-27,285.80999755859375,288.70001220703125,285.0400085449219,287.1099853515625,281.6327819824219,17868600
JPM,2025-06-30,290.3999938964844,292.6499938964844,288.9200134277344,289.9100036621094,284.3793640136719,12689200
JPM,2025-07-01,290.8900146484375,291.1300048828125,286.5899963378906,290.4100036621094,284.8698425292969,9338300
JPM,2025-07-02,292.0400085449219,292.82000732421875,289.70001220703125,292.0,286.42950439453125,8158700
JPM,2025-07-03,292.1499938964844,296.3999938964844,291.2099914550781,296.0,291.75201416015625,6541600
JPM,2025-07-07,295.25,296.0400085449219,290.0799865722656,291.9700012207031,287.7798767089844,8825700
JPM,2025-07-08,289.2699890136719,289.70001220703125,280.30999755859375,282.7799987792969,278.7217712402344,15440900
JPM,2025-07-09,287.17999267578125,287.20001220703125,282.4800109863281,283.1600036621094,279.0963134765625,11273800
JPM,2025-07-10,283.0,288.30999755859375,283.0,288.19000244140625,284.0540771484375,8410900
JPM,2025-07-11,285.5199890136719,287.3800048828125,283.6499938964844,286.8599853515625,282.7431640625,7384700
JPM,2025-07-14,287.07000732421875,289.29998779296875,285.260009765625,288.70001220703125,284.5567932128906,9079900
JPM,2025-07-15,288.0,291.95001220703125,285.4800109863281,286.54998779296875,282.4376220703125,12526100
JPM,2025-07-16,288.3999938964844,290.7300109863281,283.010009765625,285.82000732421875,281.7181396484375,9979800
JPM,2025-07-17,283.44000244140625,290.29998779296875,283.44000244140625,289.8999938964844,285.73956298828125,8509500
JPM,2025-07-18,289.5199890136719,292.5,288.2300109863281,291.2699890136719,287.0898742675781,12217000
JPM,2025-07-21,291.0,294.17999267578125,290.5799865722656,290.9700012207031,286.794189453125,7898100
JPM,2025-07-22,291.5,293.6300048828125,289.17999267578125,291.42999267578125,287.2475891113281,6717500
JPM,2025-07-23,292.8399963378906,296.989990234375,292.54998779296875,296.760009765625,292.5011291503906,7083500
JPM,2025-07-24,297.4200134277344,299.5899963378906,296.20001220703125,296.54998779296875,292.29412841796875,7001200
JPM,2025-07-25,296.70001220703125,298.8999938964844,295.9599914550781,298.6199951171875,294.33441162109375,5918500
JPM,2025-07-28,297.6600036621094,299.42999267578125,296.82000732421875,298.2799987792969,293.9992980957031,5840400
JPM,2025-07-29,300.0,301.2900085449219,296.20001220703125,297.0400085449219,292.777099609375,7635700
JPM,2025-07-30,297.4200134277344,300.6099853515625,297.3800048828125,299.6300048828125,295.3299560546875,8061700
JPM,2025-07-31,299.1400146484375,300.9800109863281,295.5,296.239990234375,291.98858642578125,14749700
JPM,2025-08-01,290.3999938964844,291.79998779296875,284.239990234375,289.3699951171875,285.2171630859375,12007100
JPM,2025-08-04,290.260009765625,294.32000732421875,290.260009765625,294.260009765625,290.0370178222656,6649500
JPM,2025-08-05,294.69000244140625,295.7900085449219,287.239990234375,291.3699951171875,287.1884765625,7182300
JPM,2025-08-06,292.29998779296875,293.2900085449219,290.1600036621094,291.3500061035156,287.16876220703125,6330200
JPM,2025-08-07,292.94000244140625,293.4599914550781,286.4100036621094,286.94000244140625,282.8220520019531,8057100
JPM,2025-08-08,288.9800109863281,291.2300109863281,284.7099914550781,288.760009765625,284.61590576171875,6634100
JPM,2025-08-11,289.3999938964844,291.32000732421875,288.7799987792969,289.55999755859375,285.4044494628906,5510100
JPM,2025-08-12,291.5,294.75,290.3399963378906,292.8500061035156,288.6472473144531,8570900
JPM,2025-08-13,293.95001220703125,294.54998779296875,287.1600036621094,290.5299987792969,286.36053466796875,8420400
JPM,2025-08-14,290.5799865722656,294.20001220703125,289.6400146484375,294.1600036621094,289.9384460449219,6322400
JPM,2025-08-15,294.8399963378906,295.5,289.82000732421875,290.489990234375,286.3210754394531,7340500
JPM,2025-08-18,290.0,291.8999938964844,288.4100036621094,291.5299987792969,287.3461608886719,5386900
JPM,2025-08-19,290.8299865722656,292.4800109863281,289.5299987792969,290.6600036621094,286.4886779785156,6031500
JPM,2025-08-20,290.80999755859375,293.3299865722656,287.2699890136719,292.239990234375,288.04595947265625,7374200
JPM,2025-08-21,291.94000244140625,292.7699890136719,289.4700012207031,291.4700012207031,287.28704833984375,6624000
JPM,2025-08-22,293.20001220703125,297.1600036621094,290.1300048828125,296.239990234375,291.98858642578125,8552800
JPM,2025-08-25,296.239990234375,297.3500061035156,294.1400146484375,294.8999938964844,290.6678161621094,5856300
JPM,2025-08-26,294.1600036621094,298.739990234375,293.5,298.57000732421875,294.2851257324219,6714700
JPM,2025-08-27,297.25,301.07000732421875,297.0400085449219,299.2799987792969,294.9849548339844,6056500
JPM,2025-08-28,300.0199890136719,301.239990234375,298.70001220703125,301.07000732421875,296.749267578125,6410500
JPM,2025-08-29,302.0400085449219,302.95001220703125,299.7300109863281,301.4200134277344,297.09423828125,6796400
JPM,2025-09-02,300.260009765625,300.4599914550781,294.5,299.70001220703125,295.3989562988281,7221900
JPM,2025-09-03,300.57000732421875,300.57000732421875,296.3800048828125,299.510009765625,295.211669921875,6316900
JPM,2025-09-04,300.0,304.42999267578125,298.2799987792969,303.82000732421875,299.4598083496094,6605800
JPM,2025-09-05,303.6499938964844,305.1499938964844,294.30999755859375,294.3800048828125,290.1553039550781,9837700
JPM,2025-09-08,294.8900146484375,296.4599914550781,291.44000244140625,292.9100036621094,288.7063903808594,8188500
JPM,2025-09-09,292.6000061035156,299.0,292.30999755859375,297.8500061035156,293.57550048828125,7848200
JPM,2025-09-10,296.70001220703125,301.5400085449219,295.3999938964844,300.5400085449219,296.22686767578125,7787300
JPM,2025-09-11,301.239990234375,305.7300109863281,300.7900085449219,305.55999755859375,301.1748046875,7942500
JPM,2025-09-12,305.0,307.54998779296875,303.70001220703125,306.9100036621094,302.5054626464844,6846700
JPM,2025-09-15,307.1700134277344,309.95001220703125,307.1700134277344,308.8999938964844,304.4668884277344,7122000
JPM,2025-09-16,310.0,310.8999938964844,307.1300048828125,309.19000244140625,304.75274658203125,10525600
JPM,2025-09-17,310.3900146484375,312.9100036621094,308.7699890136719,311.75,307.2759704589844,8657800
JPM,2025-09-18,311.7900085449219,313.44000244140625,309.6099853515625,313.2300109863281,308.7347717285156,8050700
JPM,2025-09-19,313.6000061035156,315.79998779296875,309.1199951171875,314.7799987792969,310.26251220703125,23568600
JPM,2025-09-22,309.79998779296875,313.70001220703125,309.55999755859375,312.44000244140625,307.9560852050781,7520200
JPM,2025-09-23,311.82000732421875,316.30999755859375,310.5799865722656,312.739990234375,308.25177001953125,8584400
JPM,2025-09-24,314.04998779296875,316.5799865722656,311.6700134277344,313.4200134277344,308.92205810546875,7310500
JPM,2025-09-25,314.1199951171875,315.6499938964844,311.79998779296875,313.45001220703125,308.95159912109375,7083200
JPM,2025-09-26,314.8999938964844,317.80999755859375,313.70001220703125,316.05999755859375,311.52410888671875,7258100
JPM,2025-09-29,317.05999755859375,318.010009765625,313.6600036621094,315.69000244140625,311.1594543457031,6462400
JPM,2025-09-30,316.25,317.4100036621094,310.1099853515625,315.42999267578125,310.9031677246094,11823300
JPM,2025-10-01,313.9700012207031,314.5899963378906,307.4100036621094,310.7099914550781,306.25091552734375,9235200
JPM,2025-10-02,310.0,310.55999755859375,306.1400146484375,307.54998779296875,303.1362609863281,7600000
JPM,2025-10-03,308.510009765625,311.6600036621094,308.2099914550781,310.0299987792969,305.5806579589844,6029900
JPM,2025-10-06,310.17999267578125,311.75,305.1300048828125,309.17999267578125,306.22442626953125,7214500
JPM,2025-10-07,309.3500061035156,310.010009765625,304.70001220703125,307.69000244140625,304.74871826171875,8454200
JPM,2025-10-08,308.2099914550781,308.7799987792969,303.54998779296875,304.0299987792969,301.1236572265625,6489900
JPM,2025-10-09,305.04998779296875,308.0400085449219,303.3900146484375,305.5299987792969,302.6093444824219,7060300
JPM,2025-10-10,305.6600036621094,310.4700012207031,300.80999755859375,300.8900146484375,298.0137023925781,8597400
JPM,2025-10-13,305.6000061035156,309.4599914550781,305.45001220703125,307.9700012207031,305.0260314941406,10788700
JPM,2025-10-14,305.8399963378906,307.0,294.2099914550781,302.0799865722656,299.19232177734375,16178800
JPM,2025-10-15,306.3900146484375,312.1199951171875,305.44000244140625,305.69000244140625,302.767822265625,11354800
JPM,2025-10-16,305.3500061035156,308.67999267578125,297.07000732421875,298.5400085449219,295.6861572265625,10549400
JPM,2025-10-17,299.1600036621094,299.54998779296875,294.20001220703125,297.55999755859375,294.7155456542969,10153500
JPM,2025-10-20,298.5,303.69000244140625,298.1600036621094,302.3599853515625,299.4696350097656,6894900
JPM,2025-10-21,301.6600036621094,304.04998779296875,297.0,297.0899963378906,294.25,7372700
JPM,2025-10-22,297.7699890136719,298.05999755859375,290.5400085449219,294.1099853515625,291.29852294921875,8054100
JPM,2025-10-23,294.3800048828125,296.3699951171875,292.510009765625,294.5400085449219,291.72442626953125,5438800
JPM,2025-10-24,296.0799865722656,302.6000061035156,295.45001220703125,300.44000244140625,297.5679931640625,7228300
JPM,2025-10-27,302.1600036621094,304.5299987792969,301.010009765625,304.1499938964844,301.2425231933594,5642200
JPM,2025-10-28,304.8599853515625,307.9700012207031,303.1600036621094,305.3599853515625,302.44097900390625,6336000
JPM,2025-10-29,303.510009765625,308.25,303.010009765625,305.510009765625,302.5895690917969,7520300
JPM,2025-10-30,305.7900085449219,312.6099853515625,305.1000061035156,309.44000244140625,306.4819641113281,7514600
JPM,2025-10-31,308.5400085449219,312.8699951171875,307.25,311.1199951171875,308.1459045410156,7721300
JPM,2025-11-03,311.0,312.32000732421875,306.2099914550781,309.3500061035156,306.3928527832031,7770000
JPM,2025-11-04,306.7099914550781,312.2200012207031,305.1000061035156,309.25,306.2937927246094,7085200
JPM,2025-11-05,309.6099853515625,313.1000061035156,305.6300048828125,311.67999267578125,308.7005615234375,6865200
JPM,2025-11-06,310.989990234375,314.8399963378906,310.260009765625,313.4200134277344,310.4239501953125,7206100
JPM,2025-11-07,311.8900146484375,314.42999267578125,307.6400146484375,314.2099914550781,311.20635986328125,7302300
JPM,2025-11-10,315.0,319.55999755859375,314.2099914550781,316.8900146484375,313.86077880859375,5794100
JPM,2025-11-11,317.5,319.04998779296875,315.2799987792969,315.6199951171875,312.6029052734375,5030200
JPM,2025-11-12,316.260009765625,322.25,316.2099914550781,320.4100036621094,317.34710693359375,10578300
JPM,2025-11-13,319.2300109863281,320.6300048828125,309.1000061035156,309.4800109863281,306.5216064453125,8973300
JPM,2025-11-14,307.510009765625,307.6400146484375,301.2300109863281,303.6099853515625,300.70770263671875,10327000
JPM,2025-11-17,304.0,305.5899963378906,297.6700134277344,300.3699951171875,297.4986572265625,8344000
JPM,2025-11-18,299.5,302.95001220703125,297.0199890136719,299.4100036621094,296.5478515625,8077300
JPM,2025-11-19,299.739990234375,304.45001220703125,299.2699890136719,303.2699890136719,300.3709411621094,5546600
JPM,2025-11-20,306.3399963378906,309.9200134277344,298.1600036621094,298.3800048828125,295.5277099609375,7501600
JPM,2025-11-21,301.2900085449219,301.67999267578125,292.80999755859375,298.0199890136719,295.1711120605469,11766800
JPM,2025-11-24,298.239990234375,299.82000732421875,294.510009765625,298.0,295.1513366699219,10940200
JPM,2025-11-25,300.04998779296875,304.5,295.55999755859375,303.0,300.103515625,8877200
JPM,2025-11-26,305.0,308.5299987792969,303.20001220703125,307.6400146484375,304.6991882324219,7910900
JPM,2025-11-28,309.1000061035156,313.7200012207031,308.239990234375,313.0799865722656,310.0871887207031,4322400
JPM,2025-12-01,312.95001220703125,314.0400085449219,308.5400085449219,308.9200134277344,305.96697998046875,7727300
JPM,2025-12-02,308.739990234375,310.4800109863281,307.0899963378906,307.8800048828125,304.9368896484375,7249000
JPM,2025-12-03,307.20001220703125,312.3599853515625,306.79998779296875,312.1300048828125,309.1462707519531,8535300
JPM,2025-12-04,313.260009765625,318.489990234375,313.0,316.1000061035156,313.07830810546875,9627800
JPM,2025-12-05,315.6400146484375,318.4800109863281,314.67999267578125,315.0400085449219,312.0284729003906,6518900
JPM,2025-12-08,315.05999755859375,316.4700012207031,313.3500061035156,315.2099914550781,312.1968078613281,7417200
JPM,2025-12-09,314.95001220703125,318.79998779296875,300.0199890136719,300.510009765625,297.6373596191406,18049200
JPM,2025-12-10,300.5,311.19000244140625,298.4599914550781,310.1099853515625,307.1455383300781,18874100
JPM,2025-12-11,309.239990234375,318.0,309.239990234375,317.3800048828125,314.3460693359375,9721900
JPM,2025-12-12,319.67999267578125,320.2699890136719,316.6000061035156,318.5199890136719,315.47515869140625,8982900
JPM,2025-12-15,319.5899963378906,322.8800048828125,318.3900146484375,320.0199890136719,316.9608459472656,10864100
JPM,2025-12-16,319.0899963378906,319.5199890136719,314.3999938964844,315.54998779296875,312.5335388183594,8331300
JPM,2025-12-17,318.42999267578125,319.3699951171875,314.6600036621094,314.9800109863281,311.9690246582031,8718700
JPM,2025-12-18,316.0,317.70001220703125,312.2200012207031,313.0,310.0079345703125,11444900
JPM,2025-12-19,313.7900085449219,318.55999755859375,313.19000244140625,317.2099914550781,314.17767333984375,24494400
JPM,2025-12-22,317.510009765625,323.2300109863281,317.510009765625,323.0899963378906,320.00146484375,8354600
JPM,2025-12-23,323.6099853515625,327.7799987792969,323.0899963378906,325.92999267578125,322.8143310546875,6668300
JPM,2025-12-24,326.239990234375,329.989990234375,325.5,329.1700134277344,326.02337646484375,4289300
JPM,2025-12-26,329.1099853515625,330.8599853515625,326.5400085449219,327.9100036621094,324.7754211425781,4158300
JPM,2025-12-29,327.0,327.7699890136719,323.5299987792969,323.75,320.6551818847656,8635300
JPM,2025-12-30,324.80999755859375,324.94000244140625,322.489990234375,323.4200134277344,320.3283386230469,7904300
JPM,2025-12-31,324.3399963378906,324.8800048828125,322.0400085449219,322.2200012207031,319.1398010253906,5048500
JPM,2026-01-02,322.5,325.7300109863281,320.739990234375,325.4800109863281,322.36865234375,8054000
JPM,2026-01-05,325.5,337.25,325.19000244140625,334.0400085449219,330.8468322753906,10752600
JPM,2026-01-06,332.6199951171875,335.8699951171875,330.6499938964844,334.6099853515625,332.90625,7660800
JPM,2026-01-07,331.1400146484375,332.1499938964844,324.6000061035156,326.989990234375,325.3250732421875,9815200
JPM,2026-01-08,326.3900146484375,331.3999938964844,325.6499938964844,329.7900085449219,328.11083984375,11737100
JPM,2026-01-09,329.3399963378906,331.8999938964844,328.1700134277344,329.19000244140625,327.5138854980469,6738100
JPM,2026-01-12,321.8800048828125,326.0199890136719,321.2300109863281,324.489990234375,322.8377990722656,12805100
JPM,2026-01-13,324.29998779296875,326.8599853515625,310.57000732421875,310.8999938964844,309.3169860839844,19371200
JPM,2026-01-14,308.20001220703125,311.760009765625,306.1199951171875,307.8699951171875,306.30242919921875,25951500
JPM,2026-01-15,308.4700012207031,312.94000244140625,307.75,309.260009765625,307.68536376953125,14751400
JPM,2026-01-16,310.3500061035156,317.2099914550781,310.0,312.4700012207031,310.8789978027344,14652500
JPM,2026-01-20,306.2099914550781,311.1499938964844,301.8599853515625,302.739990234375,301.19854736328125,12900600
JPM,2026-01-21,303.42999267578125,305.3999938964844,301.1499938964844,302.0400085449219,300.50213623046875,10270100
JPM,2026-01-22,304.8599853515625,308.20001220703125,302.8999938964844,303.6300048828125,302.0840148925781,10535800
JPM,2026-01-23,302.0,302.3699951171875,296.510009765625,297.7200012207031,296.2041015625,11107900
JPM,2026-01-26,297.80999755859375,301.7799987792969,297.45001220703125,301.0400085449219,299.5072021484375,11752700
JPM,2026-01-27,301.3299865722656,301.9700012207031,298.1499938964844,300.30999755859375,298.7809143066406,11527400
JPM,2026-01-28,300.2699890136719,301.9200134277344,298.04998779296875,300.7699890136719,299.2385559082031,9556700
JPM,2026-01-29,302.3999938964844,306.8299865722656,302.2200012207031,306.4200134277344,304.8598327636719,11580000
JPM,2026-01-30,305.25,307.92999267578125,302.55999755859375,305.8900146484375,304.33251953125,11953200
JPM,2026-02-02,304.4599914550781,309.29998779296875,301.3699951171875,308.1400146484375,306.5710754394531,9839400
JPM,2026-02-03,309.7300109863281,316.25,309.1000061035156,314.8500061035156,313.24688720703125,12688000
JPM,2026-02-04,314.4100036621094,319.30999755859375,314.4100036621094,317.2699890136719,315.654541015625,9848800
JPM,2026-02-05,315.0,316.010009765625,305.5400085449219,310.1600036621094,308.5807800292969,9388000
JPM,2026-02-06,314.7099914550781,324.25,314.7099914550781,322.3999938964844,320.7584533691406,17797400
JPM,2026-02-09,321.3399963378906,326.3999938964844,320.1099853515625,322.1000061035156,320.4599914550781,11477500
JPM,2026-02-10,322.54998779296875,326.1300048828125,315.1199951171875,318.2799987792969,316.659423828125,9902200
JPM,2026-02-11,323.239990234375,325.2799987792969,308.7300109863281,310.82000732421875,309.2374267578125,8703500
JPM,2026-02-12,312.2799987792969,313.6199951171875,300.0199890136719,302.6400146484375,301.09906005859375,13443400
JPM,2026-02-13,298.5199890136719,304.2900085449219,296.5199890136719,302.54998779296875,301.0094909667969,9114500
JPM,2026-02-17,302.760009765625,308.239990234375,302.5,307.1300048828125,305.5661926269531,8896800
JPM,2026-02-18,308.4599914550781,312.2799987792969,307.2200012207031,308.7799987792969,307.2077941894531,7209600
JPM,2026-02-19,307.1700134277344,309.17999267578125,305.1199951171875,308.04998779296875,306.48150634765625,6737700
JPM,2026-02-20,308.3999938964844,311.0,305.67999267578125,310.7900085449219,309.20758056640625,7792700
JPM,2026-02-23,308.79998779296875,311.0,295.1000061035156,297.6700134277344,296.1543884277344,12955400
JPM,2026-02-24,296.82000732421875,299.75,291.3800048828125,297.29998779296875,295.7862243652344,13554100
JPM,2026-02-25,298.6400146484375,303.6600036621094,297.010009765625,303.29998779296875,301.75567626953125,8095500
JPM,2026-02-26,304.5799865722656,309.010009765625,303.6400146484375,306.1300048828125,304.5712890625,7007800
JPM,2026-02-27,300.0,302.95001220703125,294.45001220703125,300.29998779296875,298.7709655761719,18620800
JPM,2026-03-02,294.80999755859375,299.9800109863281,293.2099914550781,297.55999755859375,296.044921875,8508900
JPM,2026-03-03,292.2900085449219,302.3900146484375,289.5,300.260009765625,298.7311706542969,10278200
JPM,2026-03-04,299.989990234375,301.0,295.82000732421875,299.3900146484375,297.8656311035156,8055700
JPM,2026-03-05,297.9800109863281,301.239990234375,292.42999267578125,293.54998779296875,292.0553283691406,12732500
JPM,2026-03-06,286.3399963378906,289.989990234375,283.7099914550781,289.4800109863281,288.0060729980469,13496500
JPM,2026-03-09,285.5,291.1000061035156,280.45001220703125,289.9200134277344,288.44384765625,12241100
JPM,2026-03-10,289.2900085449219,292.75,287.17999267578125,288.7300109863281,287.2598876953125,8344900
JPM,2026-03-11,288.80999755859375,290.4800109863281,284.8599853515625,287.5199890136719,286.0560302734375,10205000
JPM,2026-03-12,282.8299865722656,283.8800048828125,279.1000061035156,282.8900146484375,281.44964599609375,13760500
JPM,2026-03-13,284.6700134277344,287.19000244140625,282.95001220703125,283.44000244140625,281.996826171875,9091200
JPM,2026-03-16,286.3399963378906,289.2699890136719,284.6099853515625,286.1600036621094,284.7029724121094,8149000
JPM,2026-03-17,289.0,291.760009765625,285.95001220703125,286.8900146484375,285.42926025390625,8961200
JPM,2026-03-18,286.8299865722656,289.4100036621094,285.1199951171875,287.739990234375,286.27490234375,10057000
JPM,2026-03-19,286.8800048828125,289.510009765625,284.6199951171875,287.9700012207031,286.5037536621094,9846700
JPM,2026-03-20,288.0799865722656,290.7099914550781,285.2699890136719,286.55999755859375,285.1009216308594,22436500
JPM,2026-03-23,294.30999755859375,295.75,287.9700012207031,289.9100036621094,288.4338684082031,11470800
JPM,2026-03-24,286.1700134277344,295.4800109863281,285.3699951171875,292.3999938964844,290.91119384765625,11092300
JPM,2026-03-25,294.1499938964844,297.6400146484375,292.44000244140625,295.4200134277344,293.91583251953125,12188200
JPM,2026-03-26,292.5799865722656,294.989990234375,290.7300109863281,291.6600036621094,290.1749572753906,8669200
JPM,2026-03-27,289.1400146484375,290.1099853515625,281.75,282.8399963378906,281.3998718261719,9873300
JPM,2026-03-30,284.739990234375,287.25,282.3299865722656,283.7699890136719,282.32513427734375,11734400
JPM,2026-03-31,288.4700012207031,295.07000732421875,284.95001220703125,294.1600036621094,292.6622314453125,12956900
JPM,2026-04-01,295.3900146484375,298.7200012207031,292.9100036621094,295.3800048828125,293.87603759765625,11267200
JPM,2026-04-02,291.9100036621094,295.6199951171875,288.7200012207031,294.6000061035156,293.1000061035156,6669300
JPM,2026-04-06,294.05999755859375,296.8299865722656,293.20001220703125,295.45001220703125,295.45001220703125,7142600
JPM,2026-04-07,293.1400146484375,298.17999267578125,292.70001220703125,297.3999938964844,297.3999938964844,7849100
JPM,2026-04-08,307.9700012207031,311.260009765625,305.3299865722656,307.9700012207031,307.9700012207031,10590200
JPM,2026-04-09,306.95001220703125,311.260009765625,306.1099853515625,310.3299865722656,310.3299865722656,6586600
JPM,2026-04-10,310.0,310.3500061035156,306.7200012207031,309.8699951171875,309.8699951171875,6069700
JPM,2026-04-13,307.4700012207031,313.739990234375,305.4599914550781,313.67999267578125,313.67999267578125,8318200
JPM,2026-04-14,309.82000732421875,314.32000732421875,308.8699951171875,311.1199951171875,311.1199951171875,11455500
JPM,2026-04-15,313.95001220703125,314.239990234375,304.260009765625,305.92999267578125,305.92999267578125,9885800
JPM,2026-04-16,305.3500061035156,309.95001220703125,305.20001220703125,309.95001220703125,309.95001220703125,8208600
JPM,2026-04-17,312.4700012207031,314.8999938964844,310.0899963378906,310.2900085449219,310.2900085449219,11082400
JPM,2026-04-20,310.8500061035156,317.1300048828125,310.3699951171875,316.989990234375,316.989990234375,10772000
JPM,2026-04-21,317.489990234375,320.239990234375,312.75,313.0,313.0,7084300
JPM,2026-04-22,314.8500061035156,315.1499938964844,311.94000244140625,313.0199890136719,313.0199890136719,5545900
JPM,2026-04-23,313.5199890136719,314.989990234375,308.8900146484375,311.69000244140625,311.69000244140625,6969700
JPM,2026-04-24,311.1499938964844,311.1499938964844,307.8900146484375,308.2799987792969,308.2799987792969,5215300
JPM,2026-04-27,306.8800048828125,312.5799865722656,306.8800048828125,311.6300048828125,311.6300048828125,7925300
JPM,2026-04-28,315.20001220703125,315.45001220703125,311.1700134277344,311.45001220703125,311.45001220703125,7398600
JPM,2026-04-29,310.57000732421875,312.04998779296875,307.2900085449219,309.25,309.25,8031800
JPM,2026-04-30,307.07000732421875,314.1000061035156,306.57000732421875,313.2300109863281,313.2300109863281,8865400
JPM,2026-05-01,313.95001220703125,316.0799865722656,311.8299865722656,312.4700012207031,312.4700012207031,6135400
JPM,2026-05-04,310.6199951171875,310.6499938964844,306.510009765625,307.6499938964844,307.6499938964844,7338200
JPM,2026-05-05,307.7099914550781,310.9700012207031,306.79998779296875,309.3999938964844,309.3999938964844,6316800
JPM,2026-05-06,311.45001220703125,316.260009765625,311.3500061035156,314.8999938964844,314.8999938964844,8629500
JPM,2026-05-07,314.6499938964844,316.29998779296875,306.1400146484375,306.2699890136719,306.2699890136719,8359600
JPM,2026-05-08,308.25,308.989990234375,300.5,302.1000061035156,302.1000061035156,9464300
JPM,2026-05-11,302.1000061035156,303.19000244140625,298.8800048828125,300.0,300.0,9512000
JPM,2026-05-12,300.0199890136719,306.05999755859375,295.54998779296875,304.8800048828125,304.8800048828125,9498200
JPM,2026-05-13,302.2699890136719,303.0,300.07000732421875,300.25,300.25,7709500
JPM,2026-05-14,302.25,303.75,298.80999755859375,299.9100036621094,299.9100036621094,7364300
JPM,2026-05-15,300.2099914550781,300.7900085449219,296.45001220703125,297.80999755859375,297.80999755859375,8699300
JPM,2026-05-18,298.0,301.260009765625,297.2200012207031,300.7300109863281,300.7300109863281,7546300
JPM,2026-05-19,301.0899963378906,301.7900085449219,295.260009765625,295.70001220703125,295.70001220703125,8066900
JPM,2026-05-20,296.70001220703125,302.92999267578125,293.6700134277344,301.9800109863281,301.9800109863281,9327000
JPM,2026-05-21,301.2300109863281,303.9800109863281,300.2099914550781,303.0,303.0,7874400
JPM,2026-05-22,304.67999267578125,307.45001220703125,303.8399963378906,306.3800048828125,306.3800048828125,5973900
JPM,2026-05-26,308.489990234375,309.92999267578125,305.44000244140625,306.739990234375,306.739990234375,7725400
JPM,2026-05-27,305.0,305.8999938964844,295.75,299.2799987792969,299.2799987792969,11779200
JPM,2026-05-28,297.57000732421875,301.07000732421875,295.75,296.7300109863281,296.7300109863281,9757700
JPM,2026-05-29,296.3999938964844,299.8800048828125,295.20001220703125,299.30999755859375,299.30999755859375,13969000
JPM,2026-06-01,297.69000244140625,299.54998779296875,295.2699890136719,296.5799865722656,296.5799865722656,7930000
JPM,2026-06-02,296.5,302.07000732421875,295.2699890136719,300.9599914550781,300.9599914550781,8296200
JPM,2026-06-03,299.9200134277344,301.9599914550781,296.55999755859375,300.8500061035156,300.8500061035156,7003900
JPM,2026-06-04,305.739990234375,312.9100036621094,304.44000244140625,310.8900146484375,310.8900146484375,10345200
JPM,2026-06-05,314.2900085449219,315.0,309.6000061035156,312.3699951171875,312.3699951171875,9118800
JPM,2026-06-08,313.25,316.29998779296875,310.7799987792969,311.1099853515625,311.1099853515625,6827000
JPM,2026-06-09,313.510009765625,316.4200134277344,309.010009765625,312.70001220703125,312.70001220703125,11594600
JPM,2026-06-10,312.55999755859375,314.75,309.0299987792969,309.1400146484375,309.1400146484375,7446200
JPM,2026-06-11,309.55999755859375,314.7200012207031,308.8800048828125,313.489990234375,313.489990234375,9116600
JPM,2026-06-12,315.9700012207031,321.29998779296875,315.54998779296875,320.7200012207031,320.7200012207031,7426200
JPM,2026-06-15,323.9200134277344,325.9200134277344,318.8399963378906,319.3999938964844,319.3999938964844,7988900
JPM,2026-06-16,324.29998779296875,331.75,324.0199890136719,331.1400146484375,331.1400146484375,11094900
JPM,2026-06-17,332.17999267578125,337.7699890136719,331.5,333.4599914550781,333.4599914550781,12246400
JPM,2026-06-18,336.95001220703125,338.0899963378906,324.1600036621094,325.2200012207031,325.2200012207031,20111000
LUV,2025-05-30,33.33000183105469,33.619998931884766,33.08000183105469,33.380001068115234,32.576839447021484,19814600
LUV,2025-06-02,33.45000076293945,33.599998474121094,32.83000183105469,33.11000061035156,32.31333541870117,13046200
LUV,2025-06-03,32.95000076293945,32.959999084472656,32.470001220703125,32.599998474121094,31.815610885620117,11261000
LUV,2025-06-04,32.439998626708984,32.709999084472656,32.16999816894531,32.27000045776367,31.493553161621094,9864300
LUV,2025-06-05,32.189998626708984,32.90999984741211,32.18000030517578,32.459999084472656,31.678979873657227,10255100
LUV,2025-06-06,32.970001220703125,33.529998779296875,32.84000015258789,33.47999954223633,32.674434661865234,9190600
LUV,2025-06-09,33.66999816894531,33.81999969482422,33.15999984741211,33.56999969482422,32.76226806640625,9748100
LUV,2025-06-10,33.619998931884766,34.619998931884766,33.52000045776367,34.36000061035156,33.53326416015625,10755400
LUV,2025-06-11,34.45000076293945,34.58000183105469,33.2400016784668,33.4900016784668,32.684200286865234,11325800
LUV,2025-06-12,32.9900016784668,33.16999816894531,32.40999984741211,32.58000183105469,31.796091079711914,10415800
LUV,2025-06-13,31.65999984741211,32.45000076293945,31.399999618530273,31.729999542236328,30.966543197631836,12160600
LUV,2025-06-16,32.029998779296875,32.68000030517578,31.860000610351562,32.20000076293945,31.425233840942383,10310300
LUV,2025-06-17,31.700000762939453,31.979999542236328,31.15999984741211,31.440000534057617,30.68351936340332,12669000
LUV,2025-06-18,31.31999969482422,31.6299991607666,30.920000076293945,31.15999984741211,30.585365295410156,8961500
LUV,2025-06-20,31.299999237060547,31.780000686645508,31.139999389648438,31.389999389648438,30.811124801635742,17650900
LUV,2025-06-23,31.290000915527344,32.09000015258789,30.719999313354492,31.8799991607666,31.292089462280273,10929000
LUV,2025-06-24,32.41999816894531,32.689998626708984,31.719999313354492,31.860000610351562,31.272457122802734,10884400
LUV,2025-06-25,31.969999313354492,32.02000045776367,31.229999542236328,31.34000015258789,30.762046813964844,7059800
LUV,2025-06-26,31.5,31.690000534057617,31.420000076293945,31.520000457763672,30.93872833251953,6318900
LUV,2025-06-27,31.75,32.41999816894531,31.459999084472656,32.15999984741211,31.566925048828125,21619300
LUV,2025-06-30,32.400001525878906,32.5099983215332,32.029998779296875,32.439998626708984,31.841758728027344,9701000
LUV,2025-07-01,32.209999084472656,33.560001373291016,32.18000030517578,33.40999984741211,32.79387283325195,15871600
LUV,2025-07-02,33.709999084472656,34.099998474121094,33.400001525878906,33.9900016784668,33.363182067871094,9172200
LUV,2025-07-03,34.0,34.2400016784668,33.86000061035156,34.08000183105469,33.45152282714844,3733400
LUV,2025-07-07,34.0,34.45000076293945,33.2599983215332,33.810001373291016,33.18649673461914,8574800
LUV,2025-07-08,34.060001373291016,34.47999954223633,33.83000183105469,33.97999954223633,33.353363037109375,7706500
LUV,2025-07-09,34.31999969482422,34.83000183105469,34.119998931884766,34.540000915527344,33.90303421020508,9786300
LUV,2025-07-10,35.54999923706055,37.849998474121094,35.279998779296875,37.349998474121094,36.66121292114258,23739200
LUV,2025-07-11,37.290000915527344,37.5099983215332,36.83000183105469,37.130001068115234,36.445274353027344,10378100
LUV,2025-07-14,37.20000076293945,37.7400016784668,37.130001068115234,37.70000076293945,37.004764556884766,10601000
LUV,2025-07-15,37.380001068115234,37.66999816894531,37.04999923706055,37.130001068115234,36.445274353027344,9849600
LUV,2025-07-16,37.38999938964844,37.599998474121094,36.77000045776367,37.40999984741211,36.72010803222656,8705800
LUV,2025-07-17,37.630001068115234,37.959999084472656,36.29999923706055,36.470001220703125,35.797447204589844,15297200
LUV,2025-07-18,36.650001525878906,36.7599983215332,36.18000030517578,36.5099983215332,35.836708068847656,8191300
LUV,2025-07-21,36.599998474121094,37.279998779296875,36.560001373291016,36.86000061035156,36.18025207519531,9188800
LUV,2025-07-22,36.849998474121094,37.41999816894531,36.849998474121094,37.16999816894531,36.484535217285156,10725300
LUV,2025-07-23,37.54999923706055,37.849998474121094,37.349998474121094,37.439998626708984,36.74955749511719,12692500
LUV,2025-07-24,36.099998474121094,36.25,32.400001525878906,33.2599983215332,32.64664077758789,44107100
LUV,2025-07-25,33.349998474121094,33.38999938964844,32.619998931884766,33.209999084472656,32.59756088256836,16999800
LUV,2025-07-28,33.0,33.060001373291016,32.119998931884766,32.52000045776367,31.920286178588867,15894400
LUV,2025-07-29,32.650001525878906,32.84000015258789,31.09000015258789,31.100000381469727,30.52647590637207,13281700
LUV,2025-07-30,31.360000610351562,31.360000610351562,30.450000762939453,30.709999084472656,30.14366340637207,11884200
LUV,2025-07-31,30.5,31.290000915527344,30.3700008392334,30.93000030517578,30.359609603881836,13500800
LUV,2025-08-01,30.280000686645508,30.309999465942383,29.34000015258789,29.799999237060547,29.250446319580078,12572500
LUV,2025-08-04,29.979999542236328,30.18000030517578,29.610000610351562,29.75,29.201370239257812,7020300
LUV,2025-08-05,29.850000381469727,30.229999542236328,29.540000915527344,29.920000076293945,29.36823272705078,9324500
LUV,2025-08-06,29.93000030517578,30.239999771118164,29.559999465942383,29.709999084472656,29.162105560302734,8836000
LUV,2025-08-07,29.93000030517578,30.06999969482422,29.360000610351562,29.559999465942383,29.01487159729004,6313300
LUV,2025-08-08,29.940000534057617,30.010000228881836,29.5,29.6200008392334,29.073766708374023,7086000
LUV,2025-08-11,29.600000381469727,29.93000030517578,28.979999542236328,29.059999465942383,28.524093627929688,7961200
LUV,2025-08-12,29.3799991607666,30.8799991607666,29.329999923706055,30.719999313354492,30.153480529785156,12196500
LUV,2025-08-13,30.6299991607666,31.149999618530273,30.399999618530273,30.969999313354492,30.39887046813965,7877000
LUV,2025-08-14,30.520000457763672,30.81999969482422,30.219999313354492,30.700000762939453,30.133852005004883,5812700
LUV,2025-08-15,30.8700008392334,31.770000457763672,30.75,31.5,30.919097900390625,7885000
LUV,2025-08-18,31.34000015258789,31.420000076293945,31.020000457763672,31.309999465942383,30.73259925842285,8090700
LUV,2025-08-19,31.350000381469727,31.719999313354492,31.219999313354492,31.59000015258789,31.007436752319336,5219600
LUV,2025-08-20,31.229999542236328,31.65999984741211,31.100000381469727,31.18000030517578,30.604997634887695,5368800
LUV,2025-08-21,31.0,31.110000610351562,30.549999237060547,31.06999969482422,30.497026443481445,4871900
LUV,2025-08-22,31.219999313354492,32.869998931884766,31.219999313354492,32.77000045776367,32.165672302246094,8447700
LUV,2025-08-25,32.41999816894531,32.790000915527344,32.41999816894531,32.52000045776367,31.920286178588867,7783200
LUV,2025-08-26,32.529998779296875,33.5099983215332,32.4900016784668,33.400001525878906,32.784061431884766,8181800
LUV,2025-08-27,33.369998931884766,33.63999938964844,33.029998779296875,33.189998626708984,32.57793045043945,5190100
LUV,2025-08-28,33.349998474121094,33.349998474121094,32.54999923706055,32.97999954223633,32.37179946899414,5208300
LUV,2025-08-29,33.02000045776367,33.06999969482422,32.630001068115234,32.900001525878906,32.29328155517578,3666000
LUV,2025-09-02,32.31999969482422,32.939998626708984,31.709999084472656,32.25,31.6552677154541,7200600
LUV,2025-09-03,32.15999984741211,33.349998474121094,32.119998931884766,32.33000183105469,31.91190528869629,4369700
LUV,2025-09-04,32.369998931884766,32.68000030517578,30.899999618530273,31.1200008392334,30.717552185058594,10494900
LUV,2025-09-05,31.229999542236328,31.860000610351562,30.989999771118164,31.389999389648438,30.984058380126953,8027900
LUV,2025-09-08,31.270000457763672,31.860000610351562,31.200000762939453,31.709999084472656,31.29991912841797,9332500
LUV,2025-09-09,31.610000610351562,31.68000030517578,30.639999389648438,30.989999771118164,30.589231491088867,6896100
LUV,2025-09-10,30.809999465942383,31.43000030517578,30.579999923706055,31.110000610351562,30.707679748535156,7513600
LUV,2025-09-11,31.350000381469727,31.84000015258789,30.600000381469727,31.719999313354492,31.309791564941406,11511900
LUV,2025-09-12,31.8700008392334,32.459999084472656,31.540000915527344,31.65999984741211,31.250568389892578,10397700
LUV,2025-09-15,31.760000228881836,31.790000915527344,31.190000534057617,31.43000030517578,31.023542404174805,8911000
LUV,2025-09-16,31.510000228881836,31.709999084472656,30.709999084472656,31.56999969482422,31.161731719970703,8161900
LUV,2025-09-17,31.739999771118164,32.630001068115234,31.559999465942383,32.119998931884766,31.704618453979492,10892500
LUV,2025-09-18,32.20000076293945,32.400001525878906,31.639999389648438,32.27000045776367,31.852680206298828,9021300
LUV,2025-09-19,32.4900016784668,32.75,31.979999542236328,32.52000045776367,32.09944534301758,22410900
LUV,2025-09-22,32.25,32.45000076293945,31.90999984741211,32.29999923706055,31.882291793823242,10781200
LUV,2025-09-23,32.25,33.40999984741211,32.2400016784668,33.34000015258789,32.90884017944336,12691400
LUV,2025-09-24,33.380001068115234,33.900001525878906,32.970001220703125,33.060001373291016,32.63246536254883,8455100
LUV,2025-09-25,32.880001068115234,32.880001068115234,31.65999984741211,31.93000030517578,31.517074584960938,9892700
LUV,2025-09-26,32.13999938964844,32.599998474121094,32.0,32.529998779296875,32.109317779541016,6824700
LUV,2025-09-29,32.7599983215332,33.060001373291016,32.40999984741211,32.7599983215332,32.33633804321289,9139200
LUV,2025-09-30,32.83000183105469,32.88999938964844,30.770000457763672,31.90999984741211,31.497333526611328,10283400
LUV,2025-10-01,31.989999771118164,32.54999923706055,31.809999465942383,32.279998779296875,31.862545013427734,8546700
LUV,2025-10-02,32.279998779296875,32.58000183105469,31.84000015258789,32.310001373291016,31.892162322998047,7438900
LUV,2025-10-03,32.75,33.4900016784668,32.5099983215332,32.52000045776367,32.09944534301758,9214100
LUV,2025-10-06,32.540000915527344,32.709999084472656,31.770000457763672,32.58000183105469,32.158668518066406,6908500
LUV,2025-10-07,32.56999969482422,32.7599983215332,32.09000015258789,32.38999938964844,31.971126556396484,8065900
LUV,2025-10-08,32.65999984741211,32.70000076293945,32.11000061035156,32.45000076293945,32.03034973144531,7688800
LUV,2025-10-09,33.529998779296875,33.72999954223633,31.469999313354492,31.68000030517578,31.270309448242188,10590300
LUV,2025-10-10,31.850000381469727,32.630001068115234,31.059999465942383,31.290000915527344,30.885351181030273,7987400
LUV,2025-10-13,31.729999542236328,32.31999969482422,31.559999465942383,31.899999618530273,31.487464904785156,4892700
LUV,2025-10-14,31.520000457763672,33.630001068115234,31.420000076293945,33.41999816894531,32.9878044128418,11028900
LUV,2025-10-15,33.75,33.880001068115234,33.25,33.560001373291016,33.12599563598633,7429100
LUV,2025-10-16,33.66999816894531,34.04999923706055,32.84000015258789,33.290000915527344,32.85948944091797,11017200
LUV,2025-10-17,33.22999954223633,33.79999923706055,33.189998626708984,33.52000045776367,33.08651351928711,8264400
LUV,2025-10-20,33.779998779296875,34.66999816894531,33.599998474121094,34.43000030517578,33.98474884033203,7636000
LUV,2025-10-21,34.119998931884766,34.97999954223633,34.060001373291016,34.68000030517578,34.231510162353516,9405000
LUV,2025-10-22,34.36000061035156,34.75,33.43000030517578,33.7599983215332,33.32341003417969,10576400
LUV,2025-10-23,32.81999969482422,33.150001525878906,31.020000457763672,31.649999618530273,31.24069595336914,27807800
LUV,2025-10-24,32.04999923706055,32.43000030517578,31.3799991607666,32.20000076293945,31.78358268737793,15189600
LUV,2025-10-27,32.459999084472656,32.7400016784668,31.8700008392334,32.25,31.83293914794922,9621300
LUV,2025-10-28,32.150001525878906,32.18000030517578,31.030000686645508,31.09000015258789,30.687936782836914,11384700
LUV,2025-10-29,31.020000457763672,31.1299991607666,30.459999084472656,30.65999984741211,30.263500213623047,10919900
LUV,2025-10-30,30.489999771118164,30.770000457763672,30.049999237060547,30.09000015258789,29.700868606567383,6580200
LUV,2025-10-31,30.0,30.389999389648438,29.920000076293945,30.299999237060547,29.90815544128418,8462500
LUV,2025-11-03,30.15999984741211,30.760000228881836,29.75,30.43000030517578,30.036474227905273,8815200
LUV,2025-11-04,30.030000686645508,30.170000076293945,29.260000228881836,29.670000076293945,29.286300659179688,12954900
LUV,2025-11-05,29.799999237060547,31.649999618530273,29.799999237060547,31.6200008392334,31.21108627319336,9061800
LUV,2025-11-06,31.59000015258789,31.969999313354492,31.049999237060547,31.510000228881836,31.102506637573242,7749500
LUV,2025-11-07,31.15999984741211,32.470001220703125,30.850000381469727,32.45000076293945,32.03034973144531,8647100
LUV,2025-11-10,32.75,33.58000183105469,32.470001220703125,32.65999984741211,32.23763656616211,7819100
LUV,2025-11-11,32.79999923706055,32.79999923706055,31.790000915527344,31.989999771118164,31.57630157470703,7650900
LUV,2025-11-12,32.029998779296875,33.47999954223633,32.029998779296875,33.34000015258789,32.90884017944336,8948800
LUV,2025-11-13,33.2400016784668,33.79999923706055,32.869998931884766,33.040000915527344,32.61272048950195,7849200
LUV,2025-11-14,32.54999923706055,33.08000183105469,32.41999816894531,32.81999969482422,32.395565032958984,7673600
LUV,2025-11-17,32.79999923706055,32.83000183105469,31.56999969482422,31.850000381469727,31.4381103515625,5773700
LUV,2025-11-18,31.65999984741211,32.2599983215332,31.530000686645508,31.959999084472656,31.54668617248535,7093400
LUV,2025-11-19,32.349998474121094,32.970001220703125,31.780000686645508,31.920000076293945,31.507205963134766,5614400
LUV,2025-11-20,32.369998931884766,32.65999984741211,31.149999618530273,31.15999984741211,30.75703239440918,7806000
LUV,2025-11-21,31.520000457763672,33.2400016784668,31.309999465942383,32.79999923706055,32.375823974609375,7111200
LUV,2025-11-24,33.02000045776367,33.43000030517578,32.790000915527344,33.279998779296875,32.84961700439453,6136600
LUV,2025-11-25,33.29999923706055,34.72999954223633,33.029998779296875,34.36000061035156,33.9156494140625,7179100
LUV,2025-11-26,34.36000061035156,35.38999938964844,34.22999954223633,35.060001373291016,34.606597900390625,4766200
LUV,2025-11-28,35.04999923706055,35.34000015258789,34.779998779296875,34.810001373291016,34.35982894897461,2546100
LUV,2025-12-01,34.529998779296875,35.11000061035156,34.279998779296875,34.77000045776367,34.320350646972656,6694000
LUV,2025-12-02,34.849998474121094,35.72999954223633,34.439998626708984,35.43000030517578,34.9718132019043,7239000
LUV,2025-12-03,35.41999816894531,35.77000045776367,35.290000915527344,35.68000030517578,35.21857833862305,6539400
LUV,2025-12-04,35.650001525878906,36.290000915527344,35.119998931884766,35.810001373291016,35.34689712524414,10861300
LUV,2025-12-05,35.310001373291016,38.16999816894531,35.310001373291016,37.849998474121094,37.360511779785156,15212300
LUV,2025-12-08,38.099998474121094,38.369998931884766,37.380001068115234,37.95000076293945,37.459224700927734,12448300
LUV,2025-12-09,37.599998474121094,38.70000076293945,37.54999923706055,38.150001525878906,37.656639099121094,8837400
LUV,2025-12-10,38.20000076293945,39.849998474121094,38.09000015258789,39.83000183105469,39.31491470336914,17176500
LUV,2025-12-11,39.93000030517578,41.13999938964844,39.77000045776367,40.7400016784668,40.2131462097168,22816800
LUV,2025-12-12,41.400001525878906,42.20000076293945,41.09000015258789,41.16999816894531,40.63758087158203,20008600
LUV,2025-12-15,41.61000061035156,41.959999084472656,40.90999984741211,41.720001220703125,41.18047332763672,18835600
LUV,2025-12-16,42.630001068115234,43.540000915527344,41.91999816894531,42.16999816894531,41.62464904785156,12565100
LUV,2025-12-17,42.16999816894531,42.83000183105469,40.97999954223633,40.97999954223633,40.450042724609375,12332900
LUV,2025-12-18,41.25,41.83000183105469,40.66999816894531,40.72999954223633,40.203269958496094,10585500
LUV,2025-12-19,40.900001525878906,41.349998474121094,40.689998626708984,41.2599983215332,40.72641372680664,17197900
LUV,2025-12-22,41.38999938964844,42.34000015258789,41.279998779296875,42.2400016784668,41.69374465942383,7295900
LUV,2025-12-23,42.029998779296875,42.65999984741211,41.38999938964844,41.560001373291016,41.02253723144531,8845300
LUV,2025-12-24,41.47999954223633,41.72999954223633,41.31999969482422,41.47999954223633,40.943572998046875,2013300
LUV,2025-12-26,41.16999816894531,41.630001068115234,41.11000061035156,41.279998779296875,40.923744201660156,5291000
LUV,2025-12-29,41.18000030517578,41.70000076293945,40.970001220703125,41.119998931884766,40.7651252746582,4953500
LUV,2025-12-30,41.119998931884766,41.56999969482422,41.02000045776367,41.27000045776367,40.91383361816406,6535800
LUV,2025-12-31,41.34000015258789,41.65999984741211,41.220001220703125,41.33000183105469,40.97331619262695,6352100
LUV,2026-01-02,41.5099983215332,41.84000015258789,40.849998474121094,41.29999923706055,40.943572998046875,6338700
LUV,2026-01-05,41.130001068115234,42.79999923706055,41.119998931884766,42.439998626708984,42.073734283447266,7849900
LUV,2026-01-06,42.52000045776367,43.20000076293945,42.150001525878906,42.47999954223633,42.1133918762207,7993200
LUV,2026-01-07,42.58000183105469,43.189998626708984,42.439998626708984,42.63999938964844,42.27200698852539,10053400
LUV,2026-01-08,42.65999984741211,43.380001068115234,42.540000915527344,42.91999816894531,42.549591064453125,8238400
LUV,2026-01-09,44.20000076293945,45.02000045776367,43.869998931884766,44.52000045776367,44.13578796386719,12343400
LUV,2026-01-12,43.9900016784668,44.0099983215332,43.16999816894531,43.849998474121094,43.47156524658203,8381800
LUV,2026-01-13,43.29999923706055,44.43000030517578,42.900001525878906,43.20000076293945,42.827178955078125,7418300
LUV,2026-01-14,43.119998931884766,43.720001220703125,41.75,42.54999923706055,42.18278503417969,8868400
LUV,2026-01-15,43.0099983215332,43.40999984741211,42.540000915527344,43.099998474121094,42.7280387878418,7874600
LUV,2026-01-16,43.060001373291016,43.310001373291016,42.619998931884766,43.119998931884766,42.74786376953125,6841900
LUV,2026-01-20,42.470001220703125,43.13999938964844,41.86000061035156,42.380001068115234,42.01425552368164,9655100
LUV,2026-01-21,42.849998474121094,43.470001220703125,42.349998474121094,42.849998474121094,42.48019790649414,11975200
LUV,2026-01-22,43.119998931884766,43.90999984741211,42.2400016784668,42.439998626708984,42.073734283447266,10195500
LUV,2026-01-23,41.810001373291016,42.43000030517578,41.7599983215332,41.95000076293945,41.58796310424805,7012900
LUV,2026-01-26,41.869998931884766,42.40999984741211,41.709999084472656,42.029998779296875,41.66727066040039,6183500
LUV,2026-01-27,42.04999923706055,42.5,41.20000076293945,41.34000015258789,40.98322677612305,7890600
LUV,2026-01-28,41.88999938964844,42.02000045776367,40.68000030517578,40.86000061035156,40.50736999511719,10626300
LUV,2026-01-29,43.380001068115234,49.119998931884766,42.68000030517578,48.5,48.08143615722656,34535300
LUV,2026-01-30,48.540000915527344,49.849998474121094,47.29999923706055,47.52000045776367,47.109893798828125,14685000
LUV,2026-02-02,48.77000045776367,49.79999923706055,48.099998474121094,49.63999938964844,49.21159744262695,13003200
LUV,2026-02-03,50.0,51.209999084472656,49.93000030517578,51.189998626708984,50.74821853637695,10884600
LUV,2026-02-04,51.54999923706055,52.77000045776367,50.86000061035156,52.59000015258789,52.136138916015625,12376600
LUV,2026-02-05,52.529998779296875,52.970001220703125,51.880001068115234,52.5099983215332,52.056827545166016,7803300
LUV,2026-02-06,52.849998474121094,54.70000076293945,52.66999816894531,54.2599983215332,53.791725158691406,14795400
LUV,2026-02-09,53.81999969482422,54.25,53.099998474121094,53.36000061035156,52.899497985839844,8403300
LUV,2026-02-10,53.27000045776367,54.54999923706055,53.189998626708984,54.06999969482422,53.60336685180664,8464700
LUV,2026-02-11,54.2400016784668,54.70000076293945,51.22999954223633,51.43000030517578,50.98615264892578,10556400
LUV,2026-02-12,52.209999084472656,52.7400016784668,49.79999923706055,50.83000183105469,50.39133071899414,13189800
LUV,2026-02-13,51.08000183105469,51.720001220703125,50.209999084472656,51.11000061035156,50.66891098022461,9161900
LUV,2026-02-17,52.66999816894531,55.11000061035156,52.63999938964844,54.2599983215332,53.791725158691406,12962200
LUV,2026-02-18,53.68000030517578,54.88999938964844,53.150001525878906,54.79999923706055,54.327064514160156,13316600
LUV,2026-02-19,54.310001373291016,54.70000076293945,52.0,52.08000183105469,51.63054275512695,9750000
LUV,2026-02-20,52.18000030517578,52.40999984741211,51.29999923706055,52.09000015258789,51.64045715332031,7074600
LUV,2026-02-23,51.869998931884766,52.369998931884766,50.25,50.900001525878906,50.460723876953125,8914300
LUV,2026-02-24,50.68000030517578,51.43000030517578,50.16999816894531,50.63999938964844,50.202964782714844,9321300
LUV,2026-02-25,50.709999084472656,50.79999923706055,49.400001525878906,49.88999938964844,49.45943832397461,10176200
LUV,2026-02-26,50.56999969482422,51.650001525878906,49.97999954223633,50.93000030517578,50.49046325683594,11230300
LUV,2026-02-27,50.72999954223633,50.90999984741211,48.709999084472656,49.2599983215332,48.83487319946289,9146300
LUV,2026-03-02,48.0,49.02000045776367,46.95000076293945,48.27000045776367,47.853424072265625,10033400
LUV,2026-03-03,46.52000045776367,48.31999969482422,46.02000045776367,47.75,47.33790969848633,12373400
LUV,2026-03-04,47.93000030517578,48.38999938964844,46.779998779296875,47.150001525878906,46.74308776855469,7909800
LUV,2026-03-05,46.25,46.619998931884766,43.88999938964844,43.900001525878906,43.52113723754883,15598900
LUV,2026-03-06,43.0,43.0,40.470001220703125,41.560001373291016,41.201332092285156,14084100
LUV,2026-03-09,40.689998626708984,43.11000061035156,38.81999969482422,43.029998779296875,42.65864181518555,14823200
LUV,2026-03-10,42.380001068115234,44.61000061035156,42.119998931884766,42.81999969482422,42.45045471191406,10990700
LUV,2026-03-11,42.54999923706055,42.93000030517578,41.38999938964844,41.849998474121094,41.488826751708984,7960500
LUV,2026-03-12,40.5,40.70000076293945,38.540000915527344,38.61000061035156,38.44213104248047,9838200
LUV,2026-03-13,38.959999084472656,39.84000015258789,38.09000015258789,38.75,38.58152389526367,10373400
LUV,2026-03-16,39.47999954223633,40.22999954223633,39.34000015258789,40.22999954223633,40.05508804321289,7977800
LUV,2026-03-17,40.880001068115234,41.83000183105469,40.66999816894531,41.119998931884766,40.94121551513672,9829800
LUV,2026-03-18,40.97999954223633,41.38999938964844,40.02000045776367,40.189998626708984,40.0152587890625,10974100
LUV,2026-03-19,39.41999816894531,41.369998931884766,39.349998474121094,40.869998931884766,40.69230270385742,8901500
LUV,2026-03-20,40.709999084472656,40.970001220703125,38.880001068115234,39.40999984741211,39.238651275634766,14030000
LUV,2026-03-23,40.849998474121094,41.47999954223633,40.279998779296875,40.349998474121094,40.174564361572266,8467900
LUV,2026-03-24,39.599998474121094,40.40999984741211,39.20000076293945,39.83000183105469,39.656829833984375,7379800
LUV,2026-03-25,40.7400016784668,41.66999816894531,39.81999969482422,40.189998626708984,40.0152587890625,6658600
LUV,2026-03-26,39.779998779296875,40.279998779296875,39.0099983215332,39.529998779296875,39.358131408691406,5037200
LUV,2026-03-27,38.869998931884766,39.22999954223633,37.11000061035156,37.36000061035156,37.197566986083984,7164800
LUV,2026-03-30,37.369998931884766,37.5,36.150001525878906,36.290000915527344,36.13221740722656,6866200
LUV,2026-03-31,36.939998626708984,37.869998931884766,36.11000061035156,37.56999969482422,37.406654357910156,8644100
LUV,2026-04-01,37.459999084472656,38.880001068115234,37.16999816894531,38.22999954223633,38.06378173828125,9651400
LUV,2026-04-02,36.060001373291016,37.900001525878906,35.72999954223633,37.599998474121094,37.436519622802734,9750800
LUV,2026-04-06,37.43000030517578,38.599998474121094,37.209999084472656,38.18000030517578,38.013999938964844,4412100
LUV,2026-04-07,37.61000061035156,38.13999938964844,37.04999923706055,37.869998931884766,37.70534896850586,7226700
LUV,2026-04-08,42.68000030517578,43.43000030517578,40.08000183105469,40.400001525878906,40.22434997558594,12178200
LUV,2026-04-09,39.95000076293945,40.7400016784668,39.31999969482422,40.209999084472656,40.03517532348633,5378000
LUV,2026-04-10,40.59000015258789,40.59000015258789,39.27000045776367,39.560001373291016,39.38800048828125,4663600
LUV,2026-04-13,38.709999084472656,39.47999954223633,38.20000076293945,39.45000076293945,39.278480529785156,4503200
LUV,2026-04-14,40.25,42.029998779296875,40.099998474121094,41.2599983215332,41.08060836791992,9146700
LUV,2026-04-15,41.290000915527344,42.400001525878906,40.90999984741211,41.70000076293945,41.51869583129883,7219300
LUV,2026-04-16,41.849998474121094,42.380001068115234,40.61000061035156,40.630001068115234,40.45335006713867,6723800
LUV,2026-04-17,43.34000015258789,44.91999816894531,42.54999923706055,42.70000076293945,42.51435089111328,10387600
LUV,2026-04-20,41.810001373291016,42.38999938964844,41.54999923706055,41.81999969482422,41.63817596435547,6547200
LUV,2026-04-21,41.5,42.02000045776367,40.58000183105469,40.91999816894531,40.74208450317383,4715000
LUV,2026-04-22,40.650001525878906,40.88999938964844,39.060001373291016,39.349998474121094,39.17891311645508,9518200
LUV,2026-04-23,38.25,39.189998626708984,36.849998474121094,37.75,37.58586883544922,16710900
LUV,2026-04-24,38.02000045776367,39.54999923706055,37.849998474121094,39.45000076293945,39.278480529785156,9396700
LUV,2026-04-27,39.38999938964844,39.810001373291016,38.16999816894531,38.20000076293945,38.03391647338867,6089300
LUV,2026-04-28,37.959999084472656,38.529998779296875,37.81999969482422,38.0099983215332,37.8447380065918,4596100
LUV,2026-04-29,37.65999984741211,37.880001068115234,36.91999816894531,37.220001220703125,37.05817794799805,6829100
LUV,2026-04-30,37.79999923706055,38.5099983215332,37.79999923706055,37.91999816894531,37.755130767822266,5079400
LUV,2026-05-01,38.0,39.970001220703125,37.5,38.7599983215332,38.59147644042969,10101400
LUV,2026-05-04,38.439998626708984,39.47999954223633,37.939998626708984,38.349998474121094,38.18326187133789,8246400
LUV,2026-05-05,38.790000915527344,39.84000015258789,38.439998626708984,39.709999084472656,39.537349700927734,4694100
LUV,2026-05-06,41.349998474121094,42.0,40.5099983215332,41.5,41.31956481933594,9236200
LUV,2026-05-07,41.869998931884766,42.38999938964844,40.56999969482422,41.38999938964844,41.210044860839844,7481400
LUV,2026-05-08,41.81999969482422,42.220001220703125,40.970001220703125,41.310001373291016,41.130393981933594,4938800
LUV,2026-05-11,40.90999984741211,41.27000045776367,39.91999816894531,39.9900016784668,39.816131591796875,4781000
LUV,2026-05-12,39.650001525878906,39.779998779296875,38.83000183105469,39.47999954223633,39.308349609375,5581700
LUV,2026-05-13,39.119998931884766,39.720001220703125,38.869998931884766,39.40999984741211,39.238651275634766,4796600
LUV,2026-05-14,39.81999969482422,40.25,39.099998474121094,39.33000183105469,39.15900421142578,4482000
LUV,2026-05-15,38.65999984741211,38.97999954223633,38.16999816894531,38.5,38.332611083984375,6383700
LUV,2026-05-18,38.619998931884766,39.66999816894531,38.099998474121094,38.36000061035156,38.19321823120117,7500200
LUV,2026-05-19,37.880001068115234,37.97999954223633,37.22999954223633,37.349998474121094,37.18760681152344,4766800
LUV,2026-05-20,37.66999816894531,40.09000015258789,37.439998626708984,39.70000076293945,39.52739334106445,7906900
LUV,2026-05-21,39.08000183105469,40.90999984741211,38.810001373291016,40.779998779296875,40.60269546508789,8050700
LUV,2026-05-22,40.93000030517578,41.34000015258789,40.2400016784668,40.86000061035156,40.682350158691406,7028500
LUV,2026-05-26,42.2400016784668,42.90999984741211,41.720001220703125,42.279998779296875,42.09617233276367,7115100
LUV,2026-05-27,43.459999084472656,44.439998626708984,43.02000045776367,43.68000030517578,43.490089416503906,8110800
LUV,2026-05-28,43.02000045776367,43.939998626708984,42.400001525878906,43.310001373291016,43.12169647216797,8304100
LUV,2026-05-29,43.279998779296875,44.119998931884766,42.939998626708984,42.95000076293945,42.76326370239258,5811200
LUV,2026-06-01,42.369998931884766,42.880001068115234,41.5,42.7599983215332,42.5740852355957,5605300
LUV,2026-06-02,42.599998474121094,42.959999084472656,41.97999954223633,42.34000015258789,42.155914306640625,4321600
LUV,2026-06-03,41.540000915527344,42.15999984741211,40.81999969482422,40.869998931884766,40.69230270385742,5819000
LUV,2026-06-04,41.630001068115234,42.29999923706055,41.04999923706055,41.310001373291016,41.130393981933594,4558700
LUV,2026-06-05,41.29999923706055,41.86000061035156,41.0,41.540000915527344,41.35939407348633,4886000
LUV,2026-06-08,41.540000915527344,41.779998779296875,40.900001525878906,41.02000045776367,40.841651916503906,5054900
LUV,2026-06-09,41.939998626708984,43.22999954223633,41.02000045776367,43.16999816894531,42.982303619384766,6423400
LUV,2026-06-10,43.040000915527344,43.040000915527344,40.97999954223633,41.400001525878906,41.220001220703125,5444200
LUV,2026-06-11,40.83000183105469,44.40999984741211,40.83000183105469,44.290000915527344,44.290000915527344,6346400
LUV,2026-06-12,44.9900016784668,45.70000076293945,44.0,45.470001220703125,45.470001220703125,6520200
LUV,2026-06-15,47.060001373291016,47.689998626708984,45.790000915527344,46.08000183105469,46.08000183105469,6768900
LUV,2026-06-16,47.0,48.47999954223633,46.650001525878906,47.43000030517578,47.43000030517578,11454600
LUV,2026-06-17,47.41999816894531,48.5099983215332,46.63999938964844,46.65999984741211,46.65999984741211,6484300
LUV,2026-06-18,47.93000030517578,48.66999816894531,47.709999084472656,47.970001220703125,47.970001220703125,11291400
META,2025-05-30,642.5,649.4099731445312,632.780029296875,647.489990234375,644.8785400390625,16241000
META,2025-06-02,644.3900146484375,673.260009765625,644.260009765625,670.9000244140625,668.1942138671875,15766300
META,2025-06-03,671.4500122070312,675.5800170898438,665.030029296875,666.8499755859375,664.1604614257812,11585000
META,2025-06-04,669.3200073242188,689.0,668.5700073242188,687.9500122070312,685.1753540039062,14031900
META,2025-06-05,691.6599731445312,694.3800048828125,682.25,684.6199951171875,681.85888671875,13083100
META,2025-06-06,696.1699829101562,702.8099975585938,691.8699951171875,697.7100219726562,694.89599609375,11728000
META,2025-06-09,698.4600219726562,705.1900024414062,693.9400024414062,694.0599975585938,691.2607421875,12773200
META,2025-06-10,701.3499755859375,703.22998046875,691.5599975585938,702.4000244140625,699.5671997070312,10850100
META,2025-06-11,703.7100219726562,708.8699951171875,691.989990234375,694.1400146484375,691.3404541015625,9582500
META,2025-06-12,693.2999877929688,695.3800048828125,687.0,693.3599853515625,690.5634765625,7322700
META,2025-06-13,687.9500122070312,694.5700073242188,681.010009765625,682.8699951171875,680.1158447265625,9274400
META,2025-06-16,699.3300170898438,707.1500244140625,693.510009765625,702.1199951171875,699.8262939453125,13720300
META,2025-06-17,702.0,705.969970703125,696.0599975585938,697.22998046875,694.9522705078125,10066100
META,2025-06-18,698.1799926757812,701.5900268554688,694.9000244140625,695.77001953125,693.4970703125,10068300
META,2025-06-20,700.75,701.8200073242188,678.6699829101562,682.3499755859375,680.120849609375,22538600
META,2025-06-23,683.6900024414062,699.0499877929688,678.75,698.530029296875,696.248046875,11080100
META,2025-06-24,704.8900146484375,713.1900024414062,702.1099853515625,712.2000122070312,709.8733520507812,13823200
META,2025-06-25,713.3200073242188,716.5800170898438,705.3800048828125,708.6799926757812,706.3648681640625,9320400
META,2025-06-26,714.3599853515625,728.219970703125,711.0499877929688,726.0900268554688,723.718017578125,13964800
META,2025-06-27,726.52001953125,735.4299926757812,725.8599853515625,733.6300048828125,731.2333374023438,18775700
META,2025-06-30,744.5499877929688,747.9000244140625,734.25,738.0900268554688,735.6788940429688,15402100
META,2025-07-01,736.8800048828125,737.75,715.3699951171875,719.219970703125,716.8704223632812,13431200
META,2025-07-02,715.3300170898438,720.2999877929688,712.7999877929688,713.5700073242188,711.2389526367188,9336700
META,2025-07-03,726.6099853515625,729.030029296875,714.4199829101562,719.010009765625,716.6611938476562,8601700
META,2025-07-07,717.5999755859375,727.0,713.510009765625,718.3499755859375,716.0032348632812,9457100
META,2025-07-08,721.5700073242188,722.9099731445312,714.8099975585938,720.6699829101562,718.3157348632812,7770700
META,2025-07-09,722.719970703125,737.530029296875,722.719970703125,732.780029296875,730.3861694335938,11418000
META,2025-07-10,731.5499877929688,735.7999877929688,719.5999755859375,727.239990234375,724.8642578125,9913600
META,2025-07-11,722.5,725.1599731445312,709.7000122070312,717.510009765625,715.1660766601562,10873900
META,2025-07-14,717.5999755859375,728.0,716.5499877929688,720.9199829101562,718.5648193359375,8939400
META,2025-07-15,723.9000244140625,724.469970703125,709.8200073242188,710.3900146484375,708.0693359375,11529500
META,2025-07-16,713.3699951171875,713.969970703125,699.27001953125,702.9099731445312,700.6136474609375,13067600
META,2025-07-17,704.3900146484375,705.9000244140625,697.1099853515625,701.4099731445312,699.1185913085938,11803300
META,2025-07-18,702.1900024414062,704.7100219726562,691.6500244140625,704.280029296875,701.979248046875,12779800
META,2025-07-21,706.7999877929688,717.0,705.760009765625,712.969970703125,710.640869140625,9404400
META,2025-07-22,716.1900024414062,716.5999755859375,701.4099731445312,704.8099975585938,702.5075073242188,8921100
META,2025-07-23,706.3699951171875,714.6300048828125,704.9299926757812,713.5800170898438,711.2488403320312,8771600
META,2025-07-24,717.0499877929688,723.6199951171875,714.0,714.7999877929688,712.4649047851562,10920800
META,2025-07-25,716.9199829101562,720.6500244140625,711.9000244140625,712.6799926757812,710.351806640625,8271700
META,2025-07-28,715.2000122070312,724.739990234375,712.6799926757812,717.6300048828125,715.28564453125,8715700
META,2025-07-29,720.0,724.469970703125,699.9099731445312,700.0,697.7131958007812,13267000
META,2025-07-30,708.0900268554688,708.5,691.2000122070312,695.2100219726562,692.9389038085938,27077300
META,2025-07-31,775.2000122070312,784.75,765.510009765625,773.4400024414062,770.913330078125,38831100
META,2025-08-01,760.72998046875,766.0,745.3099975585938,750.010009765625,747.5599365234375,19028700
META,2025-08-04,760.0,776.8499755859375,758.4099731445312,776.3699951171875,773.8338012695312,15801700
META,2025-08-05,776.4500122070312,783.1300048828125,763.0,763.4600219726562,760.9660034179688,11640300
META,2025-08-06,770.0,773.6400146484375,760.4600219726562,771.989990234375,769.468017578125,9733900
META,2025-08-07,773.489990234375,775.0,759.5499877929688,761.8300170898438,759.3411865234375,9019700
META,2025-08-08,762.75,769.9000244140625,758.5800170898438,769.2999877929688,766.786865234375,7320800
META,2025-08-11,770.0800170898438,773.4600219726562,764.6699829101562,765.8699951171875,763.3681030273438,7612000
META,2025-08-12,773.0,793.6699829101562,772.4299926757812,790.0,787.419189453125,14563100
META,2025-08-13,791.1500244140625,795.4600219726562,778.22998046875,780.0800170898438,777.5316162109375,8811800
META,2025-08-14,777.8800048828125,787.8099975585938,772.510009765625,782.1300048828125,779.5748901367188,8116200
META,2025-08-15,784.1500244140625,796.25,780.8200073242188,785.22998046875,782.664794921875,13375400
META,2025-08-18,775.0900268554688,775.8099975585938,756.5599975585938,767.3699951171875,764.8631591796875,16513700
META,2025-08-19,767.1199951171875,767.1699829101562,749.3599853515625,751.47998046875,749.0249633789062,12286700
META,2025-08-20,747.5700073242188,750.2000122070312,731.0,747.719970703125,745.2772827148438,11898200
META,2025-08-21,744.7100219726562,745.5,733.1099853515625,739.0999755859375,736.6854858398438,8876300
META,2025-08-22,739.22998046875,756.9000244140625,734.3900146484375,754.7899780273438,752.32421875,10612700
META,2025-08-25,754.8200073242188,758.8800048828125,750.1300048828125,753.2999877929688,750.839111328125,6861200
META,2025-08-26,750.7999877929688,754.8699951171875,747.9400024414062,754.0999755859375,751.636474609375,7601800
META,2025-08-27,752.2999877929688,754.1500244140625,742.8400268554688,747.3800048828125,744.9385375976562,8315400
META,2025-08-28,744.0,753.0499877929688,740.7999877929688,751.1099853515625,748.6561889648438,7468000
META,2025-08-29,745.280029296875,747.1400146484375,735.3499755859375,738.7000122070312,736.2867431640625,9070500
META,2025-09-02,726.0399780273438,736.0,721.72998046875,735.1099853515625,732.7085571289062,9350900
META,2025-09-03,736.0,740.25,733.989990234375,737.0499877929688,734.6421508789062,7699300
META,2025-09-04,748.5700073242188,761.1599731445312,745.8200073242188,748.6500244140625,746.204345703125,11439100
META,2025-09-05,752.6199951171875,757.9500122070312,745.030029296875,752.4500122070312,749.991943359375,9663400
META,2025-09-08,756.0,766.510009765625,752.02001953125,752.2999877929688,749.8423461914062,13087800
META,2025-09-09,757.489990234375,766.2999877929688,753.4299926757812,765.7000122070312,763.1986083984375,10999000
META,2025-09-10,765.1300048828125,765.7000122070312,751.0,751.97998046875,749.5234375,12478300
META,2025-09-11,754.6500244140625,757.0999755859375,748.3699951171875,750.9000244140625,748.4469604492188,7923300
META,2025-09-12,748.72998046875,757.5700073242188,743.760009765625,755.5900268554688,753.1216430664062,8248600
META,2025-09-15,757.469970703125,774.0700073242188,751.989990234375,764.7000122070312,762.201904296875,10533800
META,2025-09-16,767.0,781.3599853515625,765.0999755859375,779.0,776.4552001953125,11782500
META,2025-09-17,779.989990234375,783.2899780273438,766.3099975585938,775.719970703125,773.1858520507812,9400900
META,2025-09-18,780.75,788.780029296875,773.3599853515625,780.25,777.7010498046875,10955000
META,2025-09-19,786.4199829101562,790.7999877929688,769.1900024414062,778.3800048828125,775.8372192382812,23696800
META,2025-09-22,781.8499755859375,785.72998046875,764.469970703125,765.1599731445312,763.1751098632812,11706900
META,2025-09-23,769.25,770.5999755859375,751.0700073242188,755.4000244140625,753.4404296875,10872600
META,2025-09-24,757.5,761.1099853515625,752.530029296875,760.6599731445312,758.686767578125,8828200
META,2025-09-25,753.4500122070312,756.77001953125,744.5499877929688,748.9099731445312,746.9672241210938,10591100
META,2025-09-26,750.0,751.9299926757812,737.3499755859375,743.75,741.8206787109375,9696300
META,2025-09-29,748.719970703125,750.780029296875,739.1500244140625,743.4000244140625,741.4715576171875,9246800
META,2025-09-30,742.25,742.969970703125,726.2999877929688,734.3800048828125,732.4749755859375,16226800
META,2025-10-01,721.489990234375,721.8499755859375,710.2000122070312,717.3400268554688,715.4791259765625,20419600
META,2025-10-02,722.5800170898438,727.77001953125,718.1400146484375,727.0499877929688,725.1639404296875,11415300
META,2025-10-03,729.6300048828125,731.0,710.1799926757812,710.5599975585938,708.7167358398438,16154300
META,2025-10-06,705.1900024414062,716.8800048828125,690.510009765625,715.6599731445312,713.8035278320312,21654700
META,2025-10-07,717.719970703125,718.5,705.75,713.0800170898438,711.230224609375,12062900
META,2025-10-08,713.4500122070312,719.6500244140625,707.8099975585938,717.8400268554688,715.9779052734375,10790600
META,2025-10-09,718.280029296875,733.510009765625,712.4400024414062,733.510009765625,731.6072387695312,12717200
META,2025-10-10,730.9199829101562,735.27001953125,704.510009765625,705.2999877929688,703.4703979492188,16980100
META,2025-10-13,713.010009765625,719.9400024414062,707.6400146484375,715.7000122070312,713.8433837890625,9251800
META,2025-10-14,707.780029296875,715.5499877929688,699.3300170898438,708.6500244140625,706.8117065429688,8829800
META,2025-10-15,717.0599975585938,723.9000244140625,709.510009765625,717.5499877929688,715.6885986328125,10246800
META,2025-10-16,717.5499877929688,725.489990234375,703.8800048828125,712.0700073242188,710.2228393554688,9017000
META,2025-10-17,707.0800170898438,718.5399780273438,706.1199951171875,716.9199829101562,715.0602416992188,12232400
META,2025-10-20,721.1900024414062,733.77001953125,720.1799926757812,732.1699829101562,730.2706909179688,8900200
META,2025-10-21,736.02001953125,738.5,728.75,733.27001953125,731.3678588867188,7647300
META,2025-10-22,733.8300170898438,740.5999755859375,724.030029296875,733.4099731445312,731.5074462890625,8734500
META,2025-10-23,734.7000122070312,742.4099731445312,733.0999755859375,734.0,732.095947265625,9856000
META,2025-10-24,736.7899780273438,741.2100219726562,731.1500244140625,738.3599853515625,736.444580078125,9151300
META,2025-10-27,749.72998046875,755.75,748.010009765625,750.8200073242188,748.872314453125,11321100
META,2025-10-28,752.6300048828125,758.4000244140625,745.52001953125,751.4400024414062,749.49072265625,12193800
META,2025-10-29,754.75,759.1599731445312,742.510009765625,751.6699829101562,749.7200927734375,26818600
META,2025-10-30,669.1500244140625,680.9600219726562,650.1699829101562,666.469970703125,664.7410888671875,88440100
META,2025-10-31,674.510009765625,674.8900146484375,645.5700073242188,648.3499755859375,646.6680908203125,56953200
META,2025-11-03,656.0,659.3300170898438,636.1799926757812,637.7100219726562,636.0557250976562,33003600
META,2025-11-04,628.0399780273438,641.739990234375,626.010009765625,627.3200073242188,625.6926879882812,27356600
META,2025-11-05,632.3099975585938,642.22998046875,626.5399780273438,635.9500122070312,634.30029296875,20219900
META,2025-11-06,635.8499755859375,636.0,618.0,618.9400024414062,617.3344116210938,23628800
META,2025-11-07,616.489990234375,622.1300048828125,601.2000122070312,621.7100219726562,620.0972290039062,29946800
META,2025-11-10,631.0900268554688,635.0,618.1099853515625,631.760009765625,630.1212158203125,19245000
META,2025-11-11,628.0,629.5599975585938,619.3900146484375,627.0800170898438,625.4533081054688,13302200
META,2025-11-12,628.1300048828125,628.989990234375,607.77001953125,609.010009765625,607.43017578125,24493300
META,2025-11-13,613.0700073242188,617.6500244140625,603.0,609.8900146484375,608.3079223632812,20973800
META,2025-11-14,601.7899780273438,613.6799926757812,595.2000122070312,609.4600219726562,607.8790283203125,20724100
META,2025-11-17,609.0399780273438,611.6900024414062,595.4000244140625,602.010009765625,600.4483642578125,16501300
META,2025-11-18,591.5999755859375,603.6599731445312,583.780029296875,597.6900024414062,596.1395874023438,25500600
META,2025-11-19,593.719970703125,595.3300170898438,581.25,590.3200073242188,588.7886352539062,24744700
META,2025-11-20,603.5,606.719970703125,583.3499755859375,589.1500244140625,587.6217041015625,20603000
META,2025-11-21,588.5,598.1199951171875,581.8599853515625,594.25,592.70849609375,21052600
META,2025-11-24,598.719970703125,616.7000122070312,597.6300048828125,613.0499877929688,611.4596557617188,23554900
META,2025-11-25,624.0,637.0499877929688,618.2999877929688,636.219970703125,634.569580078125,25213000
META,2025-11-26,637.6900024414062,638.3599853515625,631.6300048828125,633.6099853515625,631.9663696289062,15209500
META,2025-11-28,636.0800170898438,648.0499877929688,635.5,647.9500122070312,646.2691650390625,11033200
META,2025-12-01,639.5499877929688,645.3200073242188,637.760009765625,640.8699951171875,639.20751953125,13029900
META,2025-12-02,642.3400268554688,647.8699951171875,638.0700073242188,647.0999755859375,645.42138671875,11640900
META,2025-12-03,644.4099731445312,648.8499755859375,637.5499877929688,639.5999755859375,637.9408569335938,11134300
META,2025-12-04,676.0,676.0999755859375,660.0499877929688,661.530029296875,659.81396484375,29874600
META,2025-12-05,664.0,674.6900024414062,662.3900146484375,673.4199829101562,671.673095703125,21207900
META,2025-12-08,669.3400268554688,676.7100219726562,665.0700073242188,666.7999877929688,665.0702514648438,13161000
META,2025-12-09,663.77001953125,664.47998046875,653.3400268554688,656.9600219726562,655.2557983398438,12997100
META,2025-12-10,649.9500122070312,654.510009765625,643.4000244140625,650.1300048828125,648.4434814453125,16910900
META,2025-12-11,643.2899780273438,655.280029296875,640.7999877929688,652.7100219726562,651.016845703125,13056700
META,2025-12-12,649.7999877929688,711.0,638.6099853515625,644.22998046875,642.5587768554688,14016900
META,2025-12-15,645.7000122070312,653.0,638.7000122070312,647.510009765625,646.3570556640625,15549100
META,2025-12-16,643.5,662.5399780273438,643.2000122070312,657.1500244140625,655.9798583984375,14309100
META,2025-12-17,655.6099853515625,661.22998046875,649.2000122070312,649.5,648.343505859375,15598500
META,2025-12-18,657.030029296875,670.5599975585938,656.4600219726562,664.4500122070312,663.2669067382812,20260300
META,2025-12-19,666.4199829101562,671.0,658.1799926757812,658.77001953125,657.5969848632812,49977100
META,2025-12-22,661.6500244140625,673.5800170898438,656.6500244140625,661.5,660.3220825195312,15659400
META,2025-12-23,660.0499877929688,666.0,658.25,664.9400024414062,663.7559814453125,8486800
META,2025-12-24,662.530029296875,668.1799926757812,662.2000122070312,667.5499877929688,666.3613891601562,5627500
META,2025-12-26,668.0599975585938,668.9500122070312,661.3200073242188,663.2899780273438,662.10888671875,7133800
META,2025-12-29,658.010009765625,660.25,654.3900146484375,658.6900024414062,657.5171508789062,8506500
META,2025-12-30,658.6900024414062,672.219970703125,657.8400268554688,665.9500122070312,664.7642211914062,9187500
META,2025-12-31,664.75,665.0,659.4400024414062,660.0900268554688,658.9146728515625,7940400
META,2026-01-02,662.72998046875,664.3900146484375,643.5,650.4099731445312,649.2518920898438,13726500
META,2026-01-05,651.010009765625,664.5399780273438,647.75,658.7899780273438,657.616943359375,12213700
META,2026-01-06,659.5700073242188,665.52001953125,651.9000244140625,660.6199951171875,659.4437255859375,11074400
META,2026-01-07,655.6400146484375,659.1500244140625,644.8099975585938,648.6900024414062,647.5349731445312,12846300
META,2026-01-08,645.8800048828125,647.0999755859375,635.719970703125,646.0599975585938,644.9096069335938,11921700
META,2026-01-09,645.4400024414062,654.9500122070312,642.8499755859375,653.0599975585938,651.8970947265625,11634900
META,2026-01-12,652.530029296875,653.969970703125,641.22998046875,641.969970703125,640.826904296875,14797200
META,2026-01-13,642.27001953125,642.27001953125,624.0999755859375,631.0900268554688,629.96630859375,18030400
META,2026-01-14,626.5,628.4500122070312,614.8200073242188,615.52001953125,614.4240112304688,15527900
META,2026-01-15,618.47998046875,624.1699829101562,614.22998046875,620.7999877929688,619.694580078125,13076100
META,2026-01-16,624.1799926757812,629.0800170898438,620.0800170898438,620.25,619.1455688476562,17012500
META,2026-01-20,607.8800048828125,611.4000244140625,600.0,604.1199951171875,603.0443115234375,15169600
META,2026-01-21,606.739990234375,618.27001953125,600.0800170898438,612.9600219726562,611.8685913085938,14494700
META,2026-01-22,629.3499755859375,660.5700073242188,626.5499877929688,647.6300048828125,646.476806640625,21394700
META,2026-01-23,644.77001953125,666.489990234375,644.4500122070312,658.760009765625,657.5870361328125,22797700
META,2026-01-26,665.1300048828125,675.280029296875,661.2899780273438,672.3599853515625,671.1627807617188,16327400
META,2026-01-27,674.5900268554688,676.8200073242188,664.6599731445312,672.969970703125,671.7716674804688,13297400
META,2026-01-28,674.5,677.6799926757812,666.0999755859375,668.72998046875,667.5392456054688,25709600
META,2026-01-29,737.4299926757812,744.0,712.5499877929688,738.3099975585938,736.995361328125,59852900
META,2026-01-30,727.5,732.1699829101562,713.5900268554688,716.5,715.2241821289062,23744600
META,2026-02-02,714.5999755859375,721.2999877929688,703.52001953125,706.4099731445312,705.152099609375,14365200
META,2026-02-03,707.3699951171875,717.0,686.4099731445312,691.7000122070312,690.4683227539062,13760700
META,2026-02-04,687.72998046875,688.8300170898438,667.4600219726562,668.989990234375,667.7987670898438,16882800
META,2026-02-05,663.5800170898438,681.5,653.5,670.2100219726562,669.0166015625,17131800
META,2026-02-06,665.489990234375,671.989990234375,646.5,661.4600219726562,660.2822265625,18159300
META,2026-02-09,663.1799926757812,683.3099975585938,658.780029296875,677.219970703125,676.0140991210938,14837500
META,2026-02-10,677.5999755859375,680.6500244140625,669.7899780273438,670.719970703125,669.5256958007812,10455800
META,2026-02-11,674.0,679.27001953125,657.0999755859375,668.6900024414062,667.4993286132812,14323800
META,2026-02-12,669.969970703125,676.0,645.280029296875,649.8099975585938,648.6529541015625,14960100
META,2026-02-13,645.0999755859375,651.4299926757812,634.5700073242188,639.77001953125,638.630859375,12336400
META,2026-02-17,639.5,642.5999755859375,628.7999877929688,639.2899780273438,638.151611328125,12674700
META,2026-02-18,633.7999877929688,645.0,628.1500244140625,643.219970703125,642.0746459960938,14649200
META,2026-02-19,638.5700073242188,647.1900024414062,636.719970703125,644.780029296875,643.6318969726562,10035700
META,2026-02-20,639.6900024414062,663.3499755859375,638.780029296875,655.6599731445312,654.4924926757812,14183500
META,2026-02-23,652.5399780273438,657.7000122070312,636.0,637.25,636.1152954101562,8605900
META,2026-02-24,633.0800170898438,641.1099853515625,628.97998046875,639.2999877929688,638.16162109375,10135600
META,2026-02-25,642.530029296875,653.8800048828125,642.1400146484375,653.6900024414062,652.5260620117188,11330700
META,2026-02-26,650.5499877929688,661.0,647.5,657.010009765625,655.8401489257812,10637700
META,2026-02-27,643.4500122070312,649.4400024414062,638.1199951171875,648.1799926757812,647.02587890625,15703000
META,2026-03-02,637.1599731445312,659.9400024414062,634.5,653.5599975585938,652.396240234375,9816100
META,2026-03-03,648.2899780273438,659.0399780273438,638.8400268554688,655.0800170898438,653.91357421875,12263800
META,2026-03-04,657.9600219726562,672.77001953125,657.6699829101562,667.72998046875,666.541015625,10810100
META,2026-03-05,661.9299926757812,670.7000122070312,650.3099975585938,660.5700073242188,659.393798828125,13341400
META,2026-03-06,647.9000244140625,649.469970703125,636.1099853515625,644.8599853515625,643.7117309570312,13159400
META,2026-03-09,634.780029296875,647.75,626.780029296875,647.3900146484375,646.2373046875,13489700
META,2026-03-10,653.5599975585938,660.2999877929688,649.0,654.0700073242188,652.9053344726562,9859300
META,2026-03-11,654.760009765625,659.1199951171875,648.3599853515625,654.8599853515625,653.6939086914062,8977200
META,2026-03-12,648.75,653.5,636.9000244140625,638.1799926757812,637.0436401367188,11617500
META,2026-03-13,623.8900146484375,629.1699829101562,609.5499877929688,613.7100219726562,612.6171875,18957600
META,2026-03-16,632.0,634.75,623.0999755859375,627.4500122070312,626.8690185546875,15134900
META,2026-03-17,627.989990234375,636.5499877929688,621.7000122070312,622.6599731445312,622.0834350585938,10348800
META,2026-03-18,616.3400268554688,622.6500244140625,614.6099853515625,615.6799926757812,615.1099243164062,11726300
META,2026-03-19,612.1500244140625,613.0,602.260009765625,606.7000122070312,606.1382446289062,13247700
META,2026-03-20,603.530029296875,603.9600219726562,587.25,593.6599731445312,593.1102905273438,21214900
META,2026-03-23,605.7899780273438,608.6400146484375,599.010009765625,604.0599975585938,603.5006713867188,13638000
META,2026-03-24,599.0999755859375,601.0,591.0,592.9199829101562,592.3709716796875,10739700
META,2026-03-25,598.739990234375,603.6699829101562,593.4000244140625,594.8900146484375,594.3391723632812,12585000
META,2026-03-26,582.489990234375,583.0,543.3499755859375,547.5399780273438,547.032958984375,35780100
META,2026-03-27,540.0999755859375,543.5999755859375,520.260009765625,525.719970703125,525.233154296875,30133000
META,2026-03-30,536.3800048828125,539.5499877929688,528.5399780273438,536.3800048828125,535.8833618164062,22795200
META,2026-03-31,549.97998046875,573.6900024414062,546.77001953125,572.1300048828125,571.6002197265625,32898300
META,2026-04-01,580.1300048828125,592.5499877929688,573.8200073242188,579.22998046875,578.6936645507812,23608100
META,2026-04-02,566.0399780273438,578.5,559.7000122070312,574.4600219726562,573.9281005859375,13518500
META,2026-04-06,577.6900024414062,582.7899780273438,572.0,573.02001953125,572.4894409179688,9515700
META,2026-04-07,572.47998046875,575.22998046875,564.760009765625,575.0499877929688,574.5175170898438,9580800
META,2026-04-08,606.0,629.9500122070312,591.8300170898438,612.4199829101562,611.8529052734375,32036600
META,2026-04-09,626.969970703125,637.5,623.0,628.3900146484375,627.8081665039062,19012900
META,2026-04-10,634.469970703125,638.5800170898438,624.3300170898438,629.8599853515625,629.2767333984375,13294800
META,2026-04-13,629.5,635.0,624.4000244140625,634.530029296875,633.9425048828125,9538900
META,2026-04-14,643.219970703125,666.260009765625,639.3699951171875,662.489990234375,661.8765258789062,17818000
META,2026-04-15,667.0,678.5,664.219970703125,671.5800170898438,670.9581909179688,14952600
META,2026-04-16,675.989990234375,677.5800170898438,667.75,676.8699951171875,676.2432250976562,9544800
META,2026-04-17,678.5999755859375,691.52001953125,675.1300048828125,688.5499877929688,687.9124145507812,16283500
META,2026-04-20,681.3599853515625,683.3800048828125,668.0,670.9099731445312,670.2887573242188,12534000
META,2026-04-21,671.0,676.2000122070312,667.3300170898438,668.8400268554688,668.220703125,8660100
META,2026-04-22,674.3599853515625,678.3800048828125,669.75,674.719970703125,674.09521484375,9215600
META,2026-04-23,663.7000122070312,669.5599975585938,653.0499877929688,659.1500244140625,658.5396728515625,11667000
META,2026-04-24,660.3200073242188,680.6699829101562,653.8400268554688,675.030029296875,674.4049682617188,13348300
META,2026-04-27,671.0,682.5,670.8400268554688,678.6199951171875,677.9916381835938,12805200
META,2026-04-28,674.239990234375,678.1799926757812,665.6300048828125,671.3400268554688,670.7183837890625,10606800
META,2026-04-29,668.9099731445312,674.25,663.8099975585938,669.1199951171875,668.5004272460938,18947500
META,2026-04-30,619.3200073242188,620.8499755859375,600.0,611.9099731445312,611.3433837890625,52765000
META,2026-05-01,614.6900024414062,618.8800048828125,606.1099853515625,608.75,608.1863403320312,21404000
META,2026-05-04,607.9400024414062,614.0,602.75,610.4099731445312,609.8447875976562,16203900
META,2026-05-05,613.3099975585938,614.3499755859375,600.3599853515625,604.9600219726562,604.3998413085938,17171300
META,2026-05-06,601.0499877929688,619.9500122070312,598.0999755859375,612.8800048828125,612.3125,19915500
META,2026-05-07,614.719970703125,624.97998046875,613.5399780273438,616.8099975585938,616.2388305664062,12307400
META,2026-05-08,615.2000122070312,616.77001953125,606.0599975585938,609.6300048828125,609.0654907226562,13557000
META,2026-05-11,604.5700073242188,604.9099731445312,598.0800170898438,598.8599853515625,598.3054809570312,15940600
META,2026-05-12,594.8200073242188,603.75,592.5999755859375,603.0,602.441650390625,11351600
META,2026-05-13,598.8300170898438,619.9000244140625,596.6599731445312,616.6300048828125,616.0590209960938,14634400
META,2026-05-14,616.0,623.72998046875,615.0,618.4299926757812,617.8573608398438,10651200
META,2026-05-15,613.989990234375,621.2000122070312,609.3099975585938,614.22998046875,613.6612548828125,13272600
META,2026-05-18,609.1099853515625,615.5900268554688,603.6900024414062,611.2100219726562,610.64404296875,13772400
META,2026-05-19,608.9199829101562,613.9299926757812,600.5499877929688,602.6099853515625,602.052001953125,11749900
META,2026-05-20,600.760009765625,608.0,597.8099975585938,605.0599975585938,604.499755859375,11329700
META,2026-05-21,600.0,609.5999755859375,594.8099975585938,607.3800048828125,606.8175659179688,13476100
META,2026-05-22,607.8800048828125,614.8099975585938,606.9500122070312,610.260009765625,609.6949462890625,11688600
META,2026-05-26,608.8900146484375,614.469970703125,605.2999877929688,612.3400268554688,611.7730102539062,12234200
META,2026-05-27,609.4000244140625,638.5,609.0,635.260009765625,634.6718139648438,23143600
META,2026-05-28,639.5,643.0,629.3099975585938,635.2899780273438,634.7017211914062,16772400
META,2026-05-29,633.5,634.5,623.3499755859375,632.510009765625,631.92431640625,19806500
META,2026-06-01,630.4000244140625,635.75,599.530029296875,600.469970703125,599.9139404296875,29138800
META,2026-06-02,603.239990234375,608.8800048828125,596.6799926757812,597.6300048828125,597.0765991210938,18252000
META,2026-06-03,603.0,624.1500244140625,600.27001953125,622.97998046875,622.4031372070312,23020100
META,2026-06-04,623.6699829101562,642.4000244140625,622.4299926757812,627.5700073242188,626.9888916015625,21469200
META,2026-06-05,623.4600219726562,629.1500244140625,582.9099731445312,593.0,592.450927734375,30091600
META,2026-06-08,592.0,592.0,579.219970703125,585.3900146484375,584.8479614257812,19512400
META,2026-06-09,591.0,597.6300048828125,581.010009765625,584.5900268554688,584.0487060546875,16977400
META,2026-06-10,580.72998046875,591.3200073242188,570.5999755859375,570.97998046875,570.4512939453125,17064000
META,2026-06-11,565.8300170898438,572.1699829101562,557.010009765625,568.4299926757812,567.9036254882812,17628000
META,2026-06-12,572.9500122070312,576.0700073242188,560.9000244140625,566.97998046875,566.4549560546875,14326400
META,2026-06-15,579.9000244140625,601.27001953125,579.2999877929688,593.47998046875,593.47998046875,17653300
META,2026-06-16,593.6500244140625,605.8099975585938,592.0,600.2100219726562,600.2100219726562,11344400
META,2026-06-17,592.0,593.8099975585938,566.1900024414062,567.5800170898438,567.5800170898438,20478300
META,2026-06-18,572.8200073242188,580.219970703125,563.0999755859375,577.219970703125,577.219970703125,28824600
MSFT,2025-05-30,459.7200012207031,461.67999267578125,455.5400085449219,460.3599853515625,456.71197509765625,34770500
MSFT,2025-06-02,457.1400146484375,462.1099853515625,456.8900146484375,461.9700012207031,458.3092041015625,16626500
MSFT,2025-06-03,461.4700012207031,464.1400146484375,460.8599853515625,462.9700012207031,459.3013000488281,15743800
MSFT,2025-06-04,464.0,465.69000244140625,463.0199890136719,463.8699951171875,460.19415283203125,14162700
MSFT,2025-06-05,464.9599914550781,469.6499938964844,464.0299987792969,467.67999267578125,463.9739990234375,20131700
MSFT,2025-06-06,470.0899963378906,473.3399963378906,468.7799987792969,470.3800048828125,466.6525573730469,15285600
MSFT,2025-06-09,469.70001220703125,473.42999267578125,468.6199951171875,472.75,469.0038146972656,16469900
MSFT,2025-06-10,471.19000244140625,472.79998779296875,466.9599914550781,470.9200134277344,467.1883239746094,15375900
MSFT,2025-06-11,470.0199890136719,475.4700012207031,469.6600036621094,472.6199951171875,468.8748474121094,16399200
MSFT,2025-06-12,475.0199890136719,480.4200134277344,473.5199890136719,478.8699951171875,475.0752868652344,18950600
MSFT,2025-06-13,476.4100036621094,479.17999267578125,472.760009765625,474.9599914550781,471.1962890625,16814500
MSFT,2025-06-16,475.2099914550781,480.69000244140625,475.0,479.1400146484375,475.3431701660156,15626100
MSFT,2025-06-17,475.3999938964844,478.739990234375,474.0799865722656,478.0400085449219,474.25189208984375,15414100
MSFT,2025-06-18,478.0,481.0,474.4599914550781,480.239990234375,476.4344482421875,17526500
MSFT,2025-06-20,482.2300109863281,483.4599914550781,476.8699951171875,477.3999938964844,473.6169128417969,37576200
MSFT,2025-06-23,478.2099914550781,487.75,472.510009765625,486.0,482.1488037109375,24864000
MSFT,2025-06-24,488.95001220703125,491.8500061035156,486.79998779296875,490.1099853515625,486.2261962890625,22305600
MSFT,2025-06-25,492.0400085449219,494.55999755859375,489.3900146484375,492.2699890136719,488.3691101074219,17495100
MSFT,2025-06-26,492.9800109863281,498.0400085449219,492.80999755859375,497.45001220703125,493.508056640625,21578900
MSFT,2025-06-27,497.54998779296875,499.29998779296875,493.0299987792969,495.94000244140625,492.010009765625,34539200
MSFT,2025-06-30,497.0400085449219,500.760009765625,495.3299865722656,497.4100036621094,493.4683837890625,28369000
MSFT,2025-07-01,496.4700012207031,498.04998779296875,490.9800109863281,492.04998779296875,488.1508483886719,19945400
MSFT,2025-07-02,489.989990234375,493.5,488.70001220703125,491.0899963378906,487.198486328125,16319600
MSFT,2025-07-03,493.80999755859375,500.1300048828125,493.44000244140625,498.8399963378906,494.8870544433594,13984800
MSFT,2025-07-07,497.3800048828125,498.75,495.2300109863281,497.7200012207031,493.77593994140625,13981600
MSFT,2025-07-08,497.239990234375,498.20001220703125,494.1099853515625,496.6199951171875,492.68463134765625,11846600
MSFT,2025-07-09,500.29998779296875,506.7799987792969,499.739990234375,503.510009765625,499.5200500488281,18659500
MSFT,2025-07-10,503.04998779296875,504.44000244140625,497.75,501.4800109863281,497.5061340332031,16492100
MSFT,2025-07-11,498.4700012207031,505.0299987792969,497.79998779296875,503.32000732421875,499.33154296875,16459500
MSFT,2025-07-14,501.5199890136719,503.9700012207031,501.0299987792969,503.0199890136719,499.033935546875,12058800
MSFT,2025-07-15,503.0199890136719,508.29998779296875,502.7900085449219,505.82000732421875,501.811767578125,14927200
MSFT,2025-07-16,505.17999267578125,506.7200012207031,501.8900146484375,505.6199951171875,501.6133117675781,15154400
MSFT,2025-07-17,505.67999267578125,513.3699951171875,505.6199951171875,511.70001220703125,507.6451416015625,17503100
MSFT,2025-07-18,514.47998046875,514.6400146484375,507.42999267578125,510.04998779296875,506.0082092285156,21209700
MSFT,2025-07-21,506.7099914550781,512.0900268554688,505.54998779296875,510.05999755859375,506.01812744140625,14066800
MSFT,2025-07-22,510.9700012207031,511.20001220703125,505.2699890136719,505.2699890136719,501.26611328125,13868600
MSFT,2025-07-23,506.75,506.7900085449219,500.70001220703125,505.8699951171875,501.861328125,16396600
MSFT,2025-07-24,508.7699890136719,513.6699829101562,507.29998779296875,510.8800048828125,506.8316345214844,16107000
MSFT,2025-07-25,512.469970703125,518.2899780273438,510.3599853515625,513.7100219726562,509.6392517089844,19125700
MSFT,2025-07-28,514.0800170898438,515.0,510.1199951171875,512.5,508.4388427734375,14308000
MSFT,2025-07-29,515.530029296875,517.6199951171875,511.55999755859375,512.5700073242188,508.5082702636719,16469200
MSFT,2025-07-30,515.1699829101562,515.9500122070312,509.44000244140625,513.239990234375,509.1729736328125,26380400
MSFT,2025-07-31,555.22998046875,555.4500122070312,531.9000244140625,533.5,529.2723388671875,51617300
MSFT,2025-08-01,535.0,535.7999877929688,520.8599853515625,524.1099853515625,519.956787109375,28977600
MSFT,2025-08-04,528.27001953125,538.25,528.1300048828125,535.6400146484375,531.3954467773438,25349000
MSFT,2025-08-05,537.1799926757812,537.2999877929688,527.239990234375,527.75,523.5679931640625,19171600
MSFT,2025-08-06,530.9000244140625,531.7000122070312,524.030029296875,524.9400024414062,520.7802124023438,21355700
MSFT,2025-08-07,526.7999877929688,528.0900268554688,517.5499877929688,520.8400268554688,516.7127075195312,16079100
MSFT,2025-08-08,522.5999755859375,524.6599731445312,519.4099731445312,522.0399780273438,517.9031982421875,15531000
MSFT,2025-08-11,522.2999877929688,527.5900268554688,519.719970703125,521.77001953125,517.6353759765625,20194400
MSFT,2025-08-12,523.75,530.97998046875,522.7000122070312,529.239990234375,525.0462036132812,18667000
MSFT,2025-08-13,532.1099853515625,532.7000122070312,519.3699951171875,520.5800170898438,516.454833984375,19619200
MSFT,2025-08-14,522.5599975585938,525.9500122070312,520.1400146484375,522.47998046875,518.3396606445312,20269100
MSFT,2025-08-15,522.77001953125,526.0999755859375,519.0800170898438,520.1699829101562,516.0480346679688,25213300
MSFT,2025-08-18,521.5900268554688,522.8200073242188,514.02001953125,517.0999755859375,513.0023193359375,23760600
MSFT,2025-08-19,515.0,515.1599731445312,508.54998779296875,509.7699890136719,505.7304382324219,21481000
MSFT,2025-08-20,509.8699951171875,511.0,504.44000244140625,505.7200012207031,501.7125549316406,27723000
MSFT,2025-08-21,503.69000244140625,507.6300048828125,502.7200012207031,504.239990234375,501.0666198730469,18443300
MSFT,2025-08-22,504.25,510.7300109863281,502.4100036621094,507.2300109863281,504.037841796875,24324200
MSFT,2025-08-25,506.6300048828125,508.19000244140625,504.1199951171875,504.260009765625,501.0865173339844,21638600
MSFT,2025-08-26,504.3599853515625,504.9800109863281,498.510009765625,502.0400085449219,498.8804626464844,30835700
MSFT,2025-08-27,502.0,507.2900085449219,499.8999938964844,506.739990234375,503.5509033203125,17277900
MSFT,2025-08-28,507.0899963378906,511.0899963378906,505.5,509.6400146484375,506.4326477050781,18015600
MSFT,2025-08-29,508.6600036621094,509.6000061035156,504.489990234375,506.69000244140625,503.501220703125,20961600
MSFT,2025-09-02,500.4700012207031,506.0,496.80999755859375,505.1199951171875,501.9410705566406,18128000
MSFT,2025-09-03,503.7900085449219,507.7900085449219,502.32000732421875,505.3500061035156,502.1696472167969,16345100
MSFT,2025-09-04,504.29998779296875,508.1499938964844,503.1499938964844,507.9700012207031,504.7731628417969,15509500
MSFT,2025-09-05,509.07000732421875,511.9700012207031,492.3699951171875,495.0,491.884765625,31994800
MSFT,2025-09-08,498.1099853515625,501.20001220703125,495.0299987792969,498.20001220703125,495.06463623046875,16771000
MSFT,2025-09-09,501.42999267578125,502.25,497.70001220703125,498.4100036621094,495.2732849121094,14410500
MSFT,2025-09-10,502.9800109863281,503.2300109863281,496.7200012207031,500.3699951171875,497.22100830078125,21611800
MSFT,2025-09-11,502.25,503.1700134277344,497.8800048828125,501.010009765625,497.8569641113281,18881600
MSFT,2025-09-12,506.6499938964844,512.5499877929688,503.8500061035156,509.8999938964844,506.6910095214844,23624900
MSFT,2025-09-15,508.7900085449219,515.469970703125,507.0,515.3599853515625,512.1166381835938,17143800
MSFT,2025-09-16,516.8800048828125,517.22998046875,508.6000061035156,509.0400085449219,505.83642578125,19711900
MSFT,2025-09-17,510.6199951171875,511.2900085449219,505.92999267578125,510.0199890136719,506.81024169921875,15816600
MSFT,2025-09-18,511.489990234375,513.0700073242188,507.6600036621094,508.45001220703125,505.2501220703125,18913700
MSFT,2025-09-19,510.55999755859375,519.2999877929688,510.30999755859375,517.9299926757812,514.6705322265625,52474100
MSFT,2025-09-22,515.5900268554688,517.739990234375,512.5399780273438,514.4500122070312,511.21240234375,20009300
MSFT,2025-09-23,513.7999877929688,514.5900268554688,507.30999755859375,509.2300109863281,506.0252380371094,19799600
MSFT,2025-09-24,510.3800048828125,512.47998046875,506.9200134277344,510.1499938964844,506.9394226074219,13533700
MSFT,2025-09-25,508.29998779296875,510.010009765625,505.0400085449219,507.0299987792969,503.8390808105469,15786500
MSFT,2025-09-26,510.05999755859375,513.9400024414062,506.6199951171875,511.4599914550781,508.2411804199219,16213100
MSFT,2025-09-29,511.5,516.8499755859375,508.8800048828125,514.5999755859375,511.3613586425781,17617800
MSFT,2025-09-30,513.239990234375,518.1599731445312,509.6600036621094,517.9500122070312,514.6903686523438,19728200
MSFT,2025-10-01,514.7999877929688,520.510009765625,511.69000244140625,519.7100219726562,516.4392700195312,22632300
MSFT,2025-10-02,517.6400146484375,521.5999755859375,510.67999267578125,515.739990234375,512.4942626953125,21222900
MSFT,2025-10-03,517.0999755859375,520.489990234375,515.0,517.3499755859375,514.0940551757812,15112300
MSFT,2025-10-06,518.6099853515625,531.030029296875,518.2000122070312,528.5700073242188,525.2435302734375,21388600
MSFT,2025-10-07,528.2899780273438,529.7999877929688,521.4400024414062,523.97998046875,520.6823120117188,14615200
MSFT,2025-10-08,523.280029296875,526.9500122070312,523.0900268554688,524.8499755859375,521.546875,13363400
MSFT,2025-10-09,522.3400268554688,524.3300170898438,517.4000244140625,522.4000244140625,519.1123657226562,18343600
MSFT,2025-10-10,519.6400146484375,523.5800170898438,509.6300048828125,510.9599914550781,507.74432373046875,24133800
MSFT,2025-10-13,516.4099731445312,516.4099731445312,511.67999267578125,514.0499877929688,510.81488037109375,14284200
MSFT,2025-10-14,510.2300109863281,515.280029296875,506.0,513.5700073242188,510.3379211425781,14684300
MSFT,2025-10-15,514.9600219726562,517.1900024414062,510.0,513.4299926757812,510.19879150390625,14694700
MSFT,2025-10-16,512.5800170898438,516.8499755859375,508.1300048828125,511.6099853515625,508.3902587890625,15559600
MSFT,2025-10-17,509.0400085449219,515.47998046875,507.30999755859375,513.5800170898438,510.347900390625,19867800
MSFT,2025-10-20,514.6099853515625,518.7000122070312,513.4299926757812,516.7899780273438,513.5376586914062,14665600
MSFT,2025-10-21,517.5,518.6900024414062,513.0399780273438,517.6599731445312,514.4021606445312,15586200
MSFT,2025-10-22,521.1500244140625,525.22998046875,517.7100219726562,520.5399780273438,517.2639770507812,18962700
MSFT,2025-10-23,522.4600219726562,523.9500122070312,518.6099853515625,520.5599975585938,517.283935546875,14023500
MSFT,2025-10-24,522.7899780273438,525.3499755859375,520.7100219726562,523.6099853515625,520.314697265625,15532400
MSFT,2025-10-27,531.780029296875,534.5800170898438,529.010009765625,531.52001953125,528.1749877929688,18734700
MSFT,2025-10-28,550.0,553.719970703125,540.77001953125,542.0700073242188,538.6585693359375,29986700
MSFT,2025-10-29,544.9400024414062,546.27001953125,536.72998046875,541.5499877929688,538.1417846679688,36023000
MSFT,2025-10-30,530.47998046875,534.969970703125,522.1199951171875,525.760009765625,522.451171875,41023100
MSFT,2025-10-31,528.8800048828125,529.3200073242188,515.0999755859375,517.8099975585938,514.5512084960938,34006400
MSFT,2025-11-03,519.8099975585938,524.9600219726562,514.5900268554688,517.030029296875,513.776123046875,22374700
MSFT,2025-11-04,511.760009765625,515.5499877929688,507.8399963378906,514.3300170898438,511.0931701660156,20958700
MSFT,2025-11-05,513.2999877929688,514.8300170898438,506.5799865722656,507.1600036621094,503.96826171875,23024300
MSFT,2025-11-06,505.6600036621094,505.70001220703125,495.80999755859375,497.1000061035156,493.9715576171875,27406500
MSFT,2025-11-07,496.95001220703125,499.3800048828125,493.25,496.82000732421875,493.6933288574219,24019800
MSFT,2025-11-10,500.0400085449219,506.8500061035156,498.79998779296875,506.0,502.8155517578125,26101500
MSFT,2025-11-11,504.79998779296875,509.6000061035156,502.3500061035156,508.67999267578125,505.4786682128906,17980000
MSFT,2025-11-12,509.3599853515625,511.6700134277344,499.1199951171875,511.1400146484375,507.9232177734375,26574900
MSFT,2025-11-13,510.30999755859375,513.5,501.2900085449219,503.2900085449219,500.12261962890625,25273100
MSFT,2025-11-14,498.2300109863281,511.6000061035156,497.44000244140625,510.17999267578125,506.96923828125,28505700
MSFT,2025-11-17,508.45001220703125,512.1199951171875,504.9100036621094,507.489990234375,504.296142578125,19092800
MSFT,2025-11-18,495.3699951171875,502.9800109863281,486.7799987792969,493.7900085449219,490.6824035644531,33815100
MSFT,2025-11-19,490.1000061035156,495.19000244140625,482.8299865722656,487.1199951171875,484.0543518066406,23245300
MSFT,2025-11-20,492.7099914550781,493.57000732421875,475.5,478.42999267578125,476.308837890625,26802500
MSFT,2025-11-21,478.5,478.9200134277344,468.2699890136719,472.1199951171875,470.0268249511719,31769200
MSFT,2025-11-24,475.0,476.8999938964844,468.0199890136719,474.0,471.89849853515625,34421000
MSFT,2025-11-25,474.07000732421875,479.1499938964844,464.8900146484375,476.989990234375,474.8752136230469,28019800
MSFT,2025-11-26,486.30999755859375,488.30999755859375,481.20001220703125,485.5,483.3475341796875,25709100
MSFT,2025-11-28,487.6000061035156,492.6300048828125,486.6499938964844,492.010009765625,489.82867431640625,14386700
MSFT,2025-12-01,488.44000244140625,489.8599853515625,484.6499938964844,486.739990234375,484.5820007324219,23964000
MSFT,2025-12-02,486.7200012207031,493.5,486.32000732421875,490.0,487.82757568359375,19562700
MSFT,2025-12-03,476.32000732421875,484.239990234375,475.20001220703125,477.7300109863281,475.6119689941406,34615100
MSFT,2025-12-04,479.760009765625,481.32000732421875,476.489990234375,480.8399963378906,478.70819091796875,22318200
MSFT,2025-12-05,482.5199890136719,483.3999938964844,478.8800048828125,483.1600036621094,481.01788330078125,22608700
MSFT,2025-12-08,484.8900146484375,492.29998779296875,484.3800048828125,491.0199890136719,488.8430480957031,21965900
MSFT,2025-12-09,489.1000061035156,492.1199951171875,488.5,492.0199890136719,489.8385925292969,14696100
MSFT,2025-12-10,484.0299987792969,484.25,475.0799865722656,478.55999755859375,476.43829345703125,35756200
MSFT,2025-12-11,476.6300048828125,486.0299987792969,475.8599853515625,483.4700012207031,481.3265075683594,24669200
MSFT,2025-12-12,479.82000732421875,482.45001220703125,476.3399963378906,478.5299987792969,476.4084167480469,21248100
MSFT,2025-12-15,480.1000061035156,480.7200012207031,472.5199890136719,474.82000732421875,472.7148742675781,23727700
MSFT,2025-12-16,471.9100036621094,477.8900146484375,470.8800048828125,476.3900146484375,474.2779235839844,20705600
MSFT,2025-12-17,476.9100036621094,480.0,475.0,476.1199951171875,474.00909423828125,24527200
MSFT,2025-12-18,478.19000244140625,489.6000061035156,477.8900146484375,483.9800109863281,481.8342590332031,28573500
MSFT,2025-12-19,487.3599853515625,487.8500061035156,482.489990234375,485.9200134277344,483.7656555175781,70836100
MSFT,2025-12-22,486.1199951171875,488.7300109863281,482.69000244140625,484.9200134277344,482.7701110839844,16963000
MSFT,2025-12-23,484.9800109863281,487.8299865722656,484.739990234375,486.8500061035156,484.6915283203125,14683600
MSFT,2025-12-24,485.67999267578125,489.1600036621094,484.8299865722656,488.0199890136719,485.8563232421875,5855900
MSFT,2025-12-26,486.7099914550781,488.1199951171875,485.9599914550781,487.7099914550781,485.5476989746094,8842200
MSFT,2025-12-29,484.8599853515625,488.3500061035156,484.17999267578125,487.1000061035156,484.9404296875,10893400
MSFT,2025-12-30,485.92999267578125,489.67999267578125,485.5,487.4800109863281,485.3187255859375,13944500
MSFT,2025-12-31,487.8399963378906,488.1400146484375,483.29998779296875,483.6199951171875,481.4758605957031,15601600
MSFT,2026-01-02,484.3900146484375,484.6600036621094,470.1600036621094,472.94000244140625,470.84320068359375,25571600
MSFT,2026-01-05,474.05999755859375,476.07000732421875,469.5,472.8500061035156,470.7536315917969,25250300
MSFT,2026-01-06,473.79998779296875,478.739990234375,469.75,478.510009765625,476.3885192871094,23037700
MSFT,2026-01-07,479.760009765625,489.70001220703125,477.95001220703125,483.4700012207031,481.3265075683594,25564200
MSFT,2026-01-08,481.239990234375,482.6600036621094,475.8599853515625,478.1099853515625,475.9902648925781,18162600
MSFT,2026-01-09,474.05999755859375,479.82000732421875,472.20001220703125,479.2799987792969,477.15509033203125,18491000
MSFT,2026-01-12,476.6700134277344,480.989990234375,475.67999267578125,477.17999267578125,475.06439208984375,23519900
MSFT,2026-01-13,474.67999267578125,475.7799987792969,465.95001220703125,470.6700134277344,468.5832824707031,28545800
MSFT,2026-01-14,466.4599914550781,468.20001220703125,457.1700134277344,459.3800048828125,457.34332275390625,28184300
MSFT,2026-01-15,464.1199951171875,464.25,455.8999938964844,456.6600036621094,454.6353759765625,23225800
MSFT,2026-01-16,457.8299865722656,463.19000244140625,456.4800109863281,459.8599853515625,457.8211669921875,34246700
MSFT,2026-01-20,451.2200012207031,456.79998779296875,449.2799987792969,454.5199890136719,452.5048828125,26130000
MSFT,2026-01-21,452.6000061035156,452.69000244140625,438.67999267578125,444.1099853515625,442.1410217285156,37980500
MSFT,2026-01-22,447.6199951171875,452.8399963378906,444.70001220703125,451.1400146484375,449.1398620605469,25349400
MSFT,2026-01-23,451.8699951171875,471.1000061035156,450.5299987792969,465.95001220703125,463.8841857910156,38000200
MSFT,2026-01-26,465.30999755859375,474.25,462.0,470.2799987792969,468.19500732421875,29291200
MSFT,2026-01-27,473.70001220703125,482.8699951171875,473.1600036621094,480.5799865722656,478.4493103027344,29213900
MSFT,2026-01-28,483.2099914550781,483.739990234375,478.0,481.6300048828125,479.49468994140625,36875400
MSFT,2026-01-29,439.989990234375,442.5,421.0199890136719,433.5,431.57806396484375,128855300
MSFT,2026-01-30,439.1700134277344,439.6000061035156,426.45001220703125,430.2900085449219,428.38232421875,58566800
MSFT,2026-02-02,430.239990234375,430.739990234375,422.25,423.3699951171875,421.49298095703125,42219900
MSFT,2026-02-03,422.010009765625,422.04998779296875,408.55999755859375,411.2099914550781,409.3868713378906,61424100
MSFT,2026-02-04,411.0,419.79998779296875,409.239990234375,414.19000244140625,412.3536682128906,45012400
MSFT,2026-02-05,407.44000244140625,408.29998779296875,392.32000732421875,393.6700134277344,391.9246520996094,66289200
MSFT,2026-02-06,399.1700134277344,401.7900085449219,392.9200134277344,401.1400146484375,399.3615417480469,53515300
MSFT,2026-02-09,404.8500061035156,414.8900146484375,400.8699951171875,413.6000061035156,411.76629638671875,45480500
MSFT,2026-02-10,419.6199951171875,423.67999267578125,412.70001220703125,413.2699890136719,411.437744140625,44857900
MSFT,2026-02-11,416.17999267578125,416.4599914550781,401.010009765625,404.3699951171875,402.57720947265625,42491000
MSFT,2026-02-12,405.0,406.20001220703125,398.010009765625,401.8399963378906,400.05841064453125,40802400
MSFT,2026-02-13,404.45001220703125,405.5400085449219,398.04998779296875,401.32000732421875,399.5407409667969,34091600
MSFT,2026-02-17,399.2200012207031,400.5199890136719,394.5299987792969,396.8599853515625,395.1004943847656,32078800
MSFT,2026-02-18,398.1300048828125,402.55999755859375,396.32000732421875,399.6000061035156,397.828369140625,23223400
MSFT,2026-02-19,400.69000244140625,404.42999267578125,396.6700134277344,398.4599914550781,397.5988464355469,28234000
MSFT,2026-02-20,396.1099853515625,400.1199951171875,395.1600036621094,397.2300109863281,396.37152099609375,34015200
MSFT,2026-02-23,395.0,395.3599853515625,383.1000061035156,384.4700012207031,383.6390686035156,43238300
MSFT,2026-02-24,384.1400146484375,389.3599853515625,381.7099914550781,389.0,388.1593017578125,33884700
MSFT,2026-02-25,390.5299987792969,401.4700012207031,390.1600036621094,400.6000061035156,399.7342224121094,43625500
MSFT,2026-02-26,404.7099914550781,407.489990234375,398.739990234375,401.7200012207031,400.851806640625,34405900
MSFT,2026-02-27,390.8800048828125,396.82000732421875,389.8800048828125,392.739990234375,391.8912048339844,51367200
MSFT,2026-03-02,392.8599853515625,401.19000244140625,390.6300048828125,398.54998779296875,397.6886291503906,35474900
MSFT,2026-03-03,393.1400146484375,406.70001220703125,392.6700134277344,403.92999267578125,403.0570068359375,38199200
MSFT,2026-03-04,401.2699890136719,411.0299987792969,400.30999755859375,405.20001220703125,404.32427978515625,35808000
MSFT,2026-03-05,404.4200134277344,411.6099853515625,404.3999938964844,410.67999267578125,409.79241943359375,39001300
MSFT,2026-03-06,409.20001220703125,413.04998779296875,408.510009765625,408.9599914550781,408.0761413574219,31123900
MSFT,2026-03-09,404.9200134277344,410.2099914550781,403.5,409.4100036621094,408.5251770019531,30131900
MSFT,2026-03-10,410.0299987792969,410.20001220703125,402.92999267578125,405.760009765625,404.8830871582031,31706400
MSFT,2026-03-11,405.57000732421875,409.010009765625,401.5899963378906,404.8800048828125,404.0049743652344,25512100
MSFT,2026-03-12,404.6300048828125,406.1199951171875,401.7099914550781,401.8599853515625,400.9914855957031,27263900
MSFT,2026-03-13,401.0,404.79998779296875,394.25,395.54998779296875,394.69512939453125,26848000
MSFT,2026-03-16,398.07000732421875,400.6300048828125,394.7900085449219,399.95001220703125,399.08563232421875,27733700
MSFT,2026-03-17,400.2699890136719,404.3999938964844,397.75,399.4100036621094,398.5467834472656,26228300
MSFT,2026-03-18,397.1300048828125,398.0,391.0,391.7900085449219,390.9432678222656,25908500
MSFT,2026-03-19,390.1000061035156,392.489990234375,387.05999755859375,389.0199890136719,388.1792297363281,25138800
MSFT,2026-03-20,386.7900085449219,387.0,380.1199951171875,381.8699951171875,381.0447082519531,50853200
MSFT,2026-03-23,383.8999938964844,387.2099914550781,381.67999267578125,383.0,382.1722717285156,29680100
MSFT,2026-03-24,382.3599853515625,382.4700012207031,371.8500061035156,372.739990234375,371.9344177246094,42733600
MSFT,2026-03-25,376.9200134277344,377.05999755859375,369.6300048828125,371.0400085449219,370.2381286621094,31181200
MSFT,2026-03-26,370.82000732421875,374.7200012207031,365.19000244140625,365.9700012207031,365.1790771484375,36836600
MSFT,2026-03-27,361.8999938964844,362.45001220703125,356.510009765625,356.7699890136719,355.9989318847656,37883400
MSFT,2026-03-30,361.8999938964844,365.3599853515625,356.2799987792969,358.9599914550781,358.1842041015625,44797000
MSFT,2026-03-31,364.54998779296875,372.8999938964844,363.07000732421875,370.1700134277344,369.3699951171875,45244400
MSFT,2026-04-01,373.489990234375,373.989990234375,368.20001220703125,369.3699951171875,368.57171630859375,29417200
MSFT,2026-04-02,367.2099914550781,373.6400146484375,364.1499938964844,373.4599914550781,372.6528625488281,24099100
MSFT,2026-04-06,373.489990234375,373.7300109863281,369.5,372.8800048828125,372.0741271972656,16146600
MSFT,2026-04-07,370.3399963378906,372.45001220703125,366.55999755859375,372.2900085449219,371.48541259765625,21443300
MSFT,2026-04-08,384.9800109863281,385.0,371.4100036621094,374.3299865722656,373.52099609375,33064800
MSFT,2026-04-09,372.5,373.5,367.04998779296875,373.07000732421875,372.26373291015625,30435300
MSFT,2026-04-10,372.9800109863281,375.6400146484375,370.0299987792969,370.8699951171875,370.0684814453125,28111100
MSFT,2026-04-13,373.6099853515625,384.5400085449219,371.0199890136719,384.3699951171875,383.539306640625,35745800
MSFT,2026-04-14,387.9200134277344,394.69000244140625,386.5199890136719,393.1099853515625,392.2604064941406,37504500
MSFT,2026-04-15,398.0,414.3699951171875,396.7300109863281,411.2200012207031,410.3312683105469,45063400
MSFT,2026-04-16,419.8599853515625,420.82000732421875,412.1400146484375,420.260009765625,419.35174560546875,41642400
MSFT,2026-04-17,424.82000732421875,431.5799865722656,420.69000244140625,422.7900085449219,421.87628173828125,48568200
MSFT,2026-04-20,421.1499938964844,423.3299865722656,416.29998779296875,418.07000732421875,417.1664733886719,27582200
MSFT,2026-04-21,420.239990234375,427.17999267578125,417.20001220703125,424.1600036621094,423.2433166503906,32048500
MSFT,2026-04-22,426.19000244140625,433.70001220703125,423.6700134277344,432.9200134277344,431.984375,29378200
MSFT,2026-04-23,419.8900146484375,423.6600036621094,411.4100036621094,415.75,414.8514709472656,38308000
MSFT,2026-04-24,416.9700012207031,424.95001220703125,415.79998779296875,424.6199951171875,423.7023010253906,27457400
MSFT,2026-04-27,422.3800048828125,427.1099853515625,417.07000732421875,424.82000732421875,423.9018859863281,30867300
MSFT,2026-04-28,424.57000732421875,429.9200134277344,421.8999938964844,429.25,428.3222961425781,30438100
MSFT,2026-04-29,424.5799865722656,426.82000732421875,420.2900085449219,424.4599914550781,423.5426330566406,38288300
MSFT,2026-04-30,410.80999755859375,414.4200134277344,398.010009765625,407.7799987792969,406.8987121582031,70909400
MSFT,2026-05-01,412.79998779296875,417.1099853515625,410.44000244140625,414.44000244140625,413.5443115234375,31372400
MSFT,2026-05-04,411.5400085449219,420.7799987792969,410.79998779296875,413.6199951171875,412.72607421875,28066500
MSFT,2026-05-05,415.32000732421875,416.7799987792969,408.79998779296875,411.3800048828125,410.4909362792969,25700900
MSFT,2026-05-06,408.0,418.4200134277344,405.1099853515625,413.9599914550781,413.0653381347656,30285900
MSFT,2026-05-07,420.1099853515625,427.9800109863281,418.760009765625,420.7699890136719,419.8606262207031,34942400
MSFT,2026-05-08,417.3900146484375,418.6300048828125,414.0,415.1199951171875,414.22283935546875,33383800
MSFT,2026-05-11,407.8699951171875,412.69000244140625,405.5,412.6600036621094,411.7681579589844,35657900
MSFT,2026-05-12,414.4800109863281,415.5,406.6400146484375,407.7699890136719,406.8887023925781,38594200
MSFT,2026-05-13,403.20001220703125,406.30999755859375,401.0299987792969,405.2099914550781,404.3342590332031,29667100
MSFT,2026-05-14,404.4800109863281,411.8399963378906,400.8800048828125,409.42999267578125,408.5451354980469,27077500
MSFT,2026-05-15,414.2699890136719,428.1700134277344,412.9100036621094,421.9200134277344,421.0081481933594,50771200
MSFT,2026-05-18,416.6199951171875,425.1199951171875,415.6099853515625,423.5400085449219,422.6246643066406,32564100
MSFT,2026-05-19,429.8999938964844,432.70001220703125,416.489990234375,417.4200134277344,416.51788330078125,33018700
MSFT,2026-05-20,414.1700134277344,422.1000061035156,411.29998779296875,421.05999755859375,420.1499938964844,27864000
MSFT,2026-05-21,424.75,426.3399963378906,415.7099914550781,419.0899963378906,419.0899963378906,31393500
MSFT,2026-05-22,419.5400085449219,424.3999938964844,416.3299865722656,418.57000732421875,418.57000732421875,22390300
MSFT,2026-05-26,416.42999267578125,419.7699890136719,413.0199890136719,416.0299987792969,416.0299987792969,30398000
MSFT,2026-05-27,411.010009765625,415.94000244140625,409.5799865722656,412.6700134277344,412.6700134277344,28901500
MSFT,2026-05-28,412.9800109863281,429.489990234375,412.6700134277344,426.989990234375,426.989990234375,47250500
MSFT,2026-05-29,432.54998779296875,450.3299865722656,432.3599853515625,450.239990234375,450.239990234375,79654400
MSFT,2026-06-01,464.8399963378906,466.32000732421875,458.2699890136719,460.5199890136719,460.5199890136719,53628900
MSFT,2026-06-02,446.8800048828125,453.5,440.42999267578125,441.30999755859375,441.30999755859375,37036800
MSFT,2026-06-03,438.45001220703125,440.3900146484375,424.25,427.3399963378906,427.3399963378906,39037000
MSFT,2026-06-04,435.80999755859375,436.1499938964844,426.4100036621094,428.04998779296875,428.04998779296875,26899500
MSFT,2026-06-05,428.3399963378906,429.4700012207031,414.3999938964844,416.6700134277344,416.6700134277344,34782200
MSFT,2026-06-08,414.1400146484375,417.1600036621094,408.55999755859375,411.739990234375,411.739990234375,32086700
MSFT,2026-06-09,409.0299987792969,411.9800109863281,398.4800109863281,403.4100036621094,403.4100036621094,35317300
MSFT,2026-06-10,398.54998779296875,405.0400085449219,397.1600036621094,397.3599853515625,397.3599853515625,32576000
MSFT,2026-06-11,395.2099914550781,396.8500061035156,384.0,390.3399963378906,390.3399963378906,47224100
MSFT,2026-06-12,391.42999267578125,391.739990234375,382.2699890136719,390.739990234375,390.739990234375,34865800
MSFT,2026-06-15,396.79998779296875,401.75,392.8500061035156,399.760009765625,399.760009765625,32266400
MSFT,2026-06-16,395.7900085449219,396.8399963378906,390.69000244140625,393.8299865722656,393.8299865722656,31506800
MSFT,2026-06-17,390.25,390.3699951171875,377.32000732421875,378.9100036621094,378.9100036621094,41987800
MSFT,2026-06-18,377.82000732421875,381.3699951171875,373.2799987792969,379.3999938964844,379.3999938964844,59714200
NVDA,2025-05-30,138.72000122070312,139.6199951171875,132.9199981689453,135.1300048828125,134.94090270996094,333170900
NVDA,2025-06-02,135.49000549316406,138.1199951171875,135.39999389648438,137.3800048828125,137.187744140625,197663100
NVDA,2025-06-03,138.77999877929688,142.0,137.9499969482422,141.22000122070312,141.02235412597656,225578800
NVDA,2025-06-04,142.19000244140625,142.38999938964844,139.5399932861328,141.9199981689453,141.7213897705078,167120800
NVDA,2025-06-05,142.1699981689453,144.0,138.8300018310547,139.99000549316406,139.79408264160156,231397900
NVDA,2025-06-06,142.50999450683594,143.27000427246094,141.50999450683594,141.72000122070312,141.5216522216797,153986200
NVDA,2025-06-09,143.19000244140625,145.0,141.94000244140625,142.6300048828125,142.43040466308594,185114500
NVDA,2025-06-10,142.69000244140625,144.2899932861328,141.52999877929688,143.9600067138672,143.75852966308594,155881900
NVDA,2025-06-11,144.61000061035156,144.99000549316406,141.8699951171875,142.8300018310547,142.6400146484375,167694000
NVDA,2025-06-12,141.97000122070312,145.0,141.85000610351562,145.0,144.80712890625,162365000
NVDA,2025-06-13,142.47999572753906,143.5800018310547,140.85000610351562,141.97000122070312,141.78114318847656,180820600
NVDA,2025-06-16,143.35000610351562,146.17999267578125,143.1999969482422,144.69000244140625,144.49754333496094,183133700
NVDA,2025-06-17,144.49000549316406,145.22000122070312,143.77999877929688,144.1199951171875,143.92828369140625,139108000
NVDA,2025-06-18,144.00999450683594,145.64999389648438,143.1199951171875,145.47999572753906,145.28648376464844,161494100
NVDA,2025-06-20,145.4499969482422,146.1999969482422,142.64999389648438,143.85000610351562,143.65866088867188,242956200
NVDA,2025-06-23,142.5,144.77999877929688,142.02999877929688,144.1699981689453,143.97824096679688,154308900
NVDA,2025-06-24,145.55999755859375,147.9600067138672,145.5,147.89999389648438,147.70326232910156,187566100
NVDA,2025-06-25,149.27000427246094,154.4499969482422,149.25999450683594,154.30999755859375,154.10475158691406,269146500
NVDA,2025-06-26,155.97999572753906,156.72000122070312,154.0,155.02000427246094,154.8137969970703,198145700
NVDA,2025-06-27,156.0399932861328,158.7100067138672,155.25999450683594,157.75,157.5401611328125,263234500
NVDA,2025-06-30,158.39999389648438,158.66000366210938,155.9600067138672,157.99000549316406,157.7798614501953,194580300
NVDA,2025-07-01,156.2899932861328,157.1999969482422,151.49000549316406,153.3000030517578,153.09609985351562,213143600
NVDA,2025-07-02,152.97999572753906,157.60000610351562,152.97000122070312,157.25,157.04083251953125,171224100
NVDA,2025-07-03,158.3699951171875,160.97999572753906,157.77000427246094,159.33999633789062,159.1280517578125,143716100
NVDA,2025-07-07,158.1999969482422,159.30999755859375,157.33999633789062,158.24000549316406,158.02952575683594,140139000
NVDA,2025-07-08,159.3300018310547,160.22000122070312,158.38999938964844,160.0,159.78717041015625,138133000
NVDA,2025-07-09,161.22000122070312,164.4199981689453,161.16000366210938,162.8800048828125,162.66334533691406,183656400
NVDA,2025-07-10,164.32000732421875,164.5,161.61000061035156,164.10000610351562,163.88172912597656,167704100
NVDA,2025-07-11,163.72000122070312,167.88999938964844,163.47000122070312,164.9199981689453,164.7006378173828,193633300
NVDA,2025-07-14,165.3699951171875,165.49000549316406,162.02000427246094,164.07000732421875,163.85177612304688,136975800
NVDA,2025-07-15,171.19000244140625,172.39999389648438,169.1999969482422,170.6999969482422,170.4729461669922,230627400
NVDA,2025-07-16,171.05999755859375,171.75,168.89999389648438,171.3699951171875,171.14205932617188,158831500
NVDA,2025-07-17,172.02000427246094,174.16000366210938,170.8300018310547,173.0,172.7698974609375,160841100
NVDA,2025-07-18,173.63999938964844,174.25,171.25999450683594,172.41000366210938,172.18067932128906,146456400
NVDA,2025-07-21,172.75,173.3800048828125,171.0,171.3800048828125,171.1520538330078,123126100
NVDA,2025-07-22,171.33999633789062,171.38999938964844,164.5800018310547,167.02999877929688,166.80784606933594,193114300
NVDA,2025-07-23,169.52999877929688,171.25999450683594,167.97000122070312,170.77999877929688,170.55284118652344,154082200
NVDA,2025-07-24,172.44000244140625,173.8300018310547,171.3000030517578,173.74000549316406,173.5089111328125,128984600
NVDA,2025-07-25,173.61000061035156,174.72000122070312,172.9600067138672,173.5,173.26922607421875,122316800
NVDA,2025-07-28,174.02000427246094,177.0,173.97000122070312,176.75,176.514892578125,140023500
NVDA,2025-07-29,177.9600067138672,179.3800048828125,175.02000427246094,175.50999450683594,175.27655029296875,154077500
NVDA,2025-07-30,176.50999450683594,179.88999938964844,176.0399932861328,179.27000427246094,179.03155517578125,174312200
NVDA,2025-07-31,182.89999389648438,183.3000030517578,175.92999267578125,177.8699951171875,177.63340759277344,221685400
NVDA,2025-08-01,174.08999633789062,176.5399932861328,170.88999938964844,173.72000122070312,173.4889373779297,204529000
NVDA,2025-08-04,175.16000366210938,180.1999969482422,174.52000427246094,180.0,179.76058959960938,148174600
NVDA,2025-08-05,179.6199951171875,180.25999450683594,175.89999389648438,178.25999450683594,178.02288818359375,156407600
NVDA,2025-08-06,176.3300018310547,179.89999389648438,176.25,179.4199981689453,179.1813507080078,137192300
NVDA,2025-08-07,181.57000732421875,183.8800048828125,178.8000030517578,180.77000427246094,180.52957153320312,151878400
NVDA,2025-08-08,181.5500030517578,183.3000030517578,180.39999389648438,182.6999969482422,182.4569854736328,123396700
NVDA,2025-08-11,182.0500030517578,183.83999633789062,180.25,182.05999755859375,181.8178253173828,138323200
NVDA,2025-08-12,182.9600067138672,184.47999572753906,179.4600067138672,183.16000366210938,182.9163818359375,145485700
NVDA,2025-08-13,182.6199951171875,183.97000122070312,179.35000610351562,181.58999633789062,181.3484649658203,179871700
NVDA,2025-08-14,179.75,183.02000427246094,179.4600067138672,182.02000427246094,181.7778778076172,129554000
NVDA,2025-08-15,181.8800048828125,181.89999389648438,178.0399932861328,180.4499969482422,180.20997619628906,156602200
NVDA,2025-08-18,180.60000610351562,182.94000244140625,180.58999633789062,182.00999450683594,181.76788330078125,132008000
NVDA,2025-08-19,182.42999267578125,182.5,175.49000549316406,175.63999938964844,175.4063720703125,185229200
NVDA,2025-08-20,175.1699981689453,176.0,168.8000030517578,175.39999389648438,175.16668701171875,215142700
NVDA,2025-08-21,174.85000610351562,176.89999389648438,173.80999755859375,174.97999572753906,174.7472381591797,140040900
NVDA,2025-08-22,172.61000061035156,178.58999633789062,171.1999969482422,177.99000549316406,177.75326538085938,172789400
NVDA,2025-08-25,178.35000610351562,181.91000366210938,176.57000732421875,179.80999755859375,179.57083129882812,163012800
NVDA,2025-08-26,180.05999755859375,182.38999938964844,178.80999755859375,181.77000427246094,181.52822875976562,168688200
NVDA,2025-08-27,181.97999572753906,182.49000549316406,179.10000610351562,181.60000610351562,181.3584442138672,235518900
NVDA,2025-08-28,180.82000732421875,184.47000122070312,176.41000366210938,180.1699981689453,179.93035888671875,281787800
NVDA,2025-08-29,178.11000061035156,178.14999389648438,173.14999389648438,174.17999267578125,173.94830322265625,243257900
NVDA,2025-09-02,170.0,172.3800048828125,167.22000122070312,170.77999877929688,170.55284118652344,231164900
NVDA,2025-09-03,171.05999755859375,172.41000366210938,168.8800048828125,170.6199951171875,170.39306640625,164424900
NVDA,2025-09-04,170.57000732421875,171.86000061035156,169.41000366210938,171.66000366210938,171.4316864013672,141670100
NVDA,2025-09-05,168.02999877929688,169.02999877929688,164.07000732421875,167.02000427246094,166.79786682128906,224441400
NVDA,2025-09-08,167.5500030517578,170.9600067138672,167.35000610351562,168.30999755859375,168.08612060546875,163769100
NVDA,2025-09-09,169.08999633789062,170.97999572753906,166.74000549316406,170.75999450683594,170.53285217285156,157548400
NVDA,2025-09-10,176.63999938964844,179.2899932861328,175.47000122070312,177.3300018310547,177.09413146972656,226852000
NVDA,2025-09-11,179.67999267578125,180.27999877929688,176.47999572753906,177.1699981689453,176.9443359375,151159300
NVDA,2025-09-12,177.77000427246094,178.60000610351562,176.4499969482422,177.82000732421875,177.59349060058594,124911000
NVDA,2025-09-15,175.6699981689453,178.85000610351562,174.50999450683594,177.75,177.52359008789062,147061600
NVDA,2025-09-16,177.0,177.5,174.3800048828125,174.8800048828125,174.65724182128906,140737800
NVDA,2025-09-17,172.63999938964844,173.1999969482422,168.41000366210938,170.2899932861328,170.0730743408203,211843800
NVDA,2025-09-18,173.97999572753906,177.10000610351562,172.9600067138672,176.24000549316406,176.01551818847656,191763300
NVDA,2025-09-19,175.77000427246094,178.0800018310547,175.17999267578125,176.6699981689453,176.4449462890625,237182100
NVDA,2025-09-22,175.3000030517578,184.5500030517578,174.7100067138672,183.61000061035156,183.37611389160156,269637000
NVDA,2025-09-23,181.97000122070312,182.4199981689453,176.2100067138672,178.42999267578125,178.2027130126953,192559600
NVDA,2025-09-24,179.77000427246094,179.77999877929688,175.39999389648438,176.97000122070312,176.74456787109375,143564100
NVDA,2025-09-25,174.47999572753906,180.25999450683594,173.1300048828125,177.69000244140625,177.4636688232422,191586700
NVDA,2025-09-26,178.1699981689453,179.77000427246094,174.92999267578125,178.19000244140625,177.96302795410156,148573700
NVDA,2025-09-29,180.42999267578125,184.0,180.32000732421875,181.85000610351562,181.61837768554688,193063500
NVDA,2025-09-30,182.0800018310547,187.35000610351562,181.47999572753906,186.5800018310547,186.3423309326172,236981000
NVDA,2025-10-01,185.24000549316406,188.13999938964844,183.89999389648438,187.24000549316406,187.00149536132812,173844900
NVDA,2025-10-02,189.60000610351562,191.0500030517578,188.05999755859375,188.88999938964844,188.64939880371094,136805800
NVDA,2025-10-03,189.19000244140625,190.36000061035156,185.3800048828125,187.6199951171875,187.38101196289062,137596900
NVDA,2025-10-06,185.5,187.22999572753906,183.3300018310547,185.5399932861328,185.30364990234375,157678100
NVDA,2025-10-07,186.22999572753906,189.05999755859375,184.0,185.0399932861328,184.80429077148438,140088000
NVDA,2025-10-08,186.57000732421875,189.60000610351562,186.5399932861328,189.11000061035156,188.86911010742188,130168900
NVDA,2025-10-09,192.22999572753906,195.3000030517578,191.05999755859375,192.57000732421875,192.32470703125,182997200
NVDA,2025-10-10,193.50999450683594,195.6199951171875,182.0500030517578,183.16000366210938,182.92669677734375,268774400
NVDA,2025-10-13,187.97000122070312,190.11000061035156,185.9600067138672,188.32000732421875,188.0801239013672,153482800
NVDA,2025-10-14,184.77000427246094,184.8000030517578,179.6999969482422,180.02999877929688,179.8006591796875,205641400
NVDA,2025-10-15,184.8000030517578,184.8699951171875,177.2899932861328,179.8300018310547,179.60093688964844,214450500
NVDA,2025-10-16,182.22999572753906,183.27999877929688,179.77000427246094,181.80999755859375,181.5784149169922,179723300
NVDA,2025-10-17,180.17999267578125,184.10000610351562,179.75,183.22000122070312,182.9866180419922,173135200
NVDA,2025-10-20,183.1300048828125,185.1999969482422,181.72999572753906,182.63999938964844,182.4073486328125,128544700
NVDA,2025-10-21,182.7899932861328,182.7899932861328,179.8000030517578,181.16000366210938,180.92922973632812,124240200
NVDA,2025-10-22,181.13999938964844,183.44000244140625,176.75999450683594,180.27999877929688,180.05035400390625,162249600
NVDA,2025-10-23,180.4199981689453,183.02999877929688,179.7899932861328,182.16000366210938,181.92796325683594,111363700
NVDA,2025-10-24,183.83999633789062,187.47000122070312,183.5,186.25999450683594,186.02272033691406,131296700
NVDA,2025-10-27,189.99000549316406,192.0,188.42999267578125,191.49000549316406,191.24607849121094,153452700
NVDA,2025-10-28,193.0500030517578,203.14999389648438,191.91000366210938,201.02999877929688,200.77394104003906,297986200
NVDA,2025-10-29,207.97999572753906,212.19000244140625,204.77999877929688,207.0399932861328,206.77627563476562,308829600
NVDA,2025-10-30,205.14999389648438,206.16000366210938,201.41000366210938,202.88999938964844,202.63156127929688,178864400
NVDA,2025-10-31,206.4499969482422,207.97000122070312,202.07000732421875,202.49000549316406,202.23207092285156,179802200
NVDA,2025-11-03,208.0800018310547,211.33999633789062,205.55999755859375,206.8800048828125,206.61647033691406,180267300
NVDA,2025-11-04,203.0,203.97000122070312,197.92999267578125,198.69000244140625,198.43690490722656,188919300
NVDA,2025-11-05,198.77000427246094,202.9199981689453,194.64999389648438,195.2100067138672,194.9613494873047,171350300
NVDA,2025-11-06,196.4199981689453,197.6199951171875,186.3800048828125,188.0800018310547,187.84042358398438,223029800
NVDA,2025-11-07,184.89999389648438,188.32000732421875,178.91000366210938,188.14999389648438,187.91033935546875,264942300
NVDA,2025-11-10,195.11000061035156,199.94000244140625,193.7899932861328,199.0500030517578,198.7964630126953,198897100
NVDA,2025-11-11,195.16000366210938,195.4199981689453,191.3000030517578,193.16000366210938,192.91395568847656,176483300
NVDA,2025-11-12,195.72000122070312,195.88999938964844,191.1300048828125,193.8000030517578,193.5531463623047,154935300
NVDA,2025-11-13,191.0500030517578,191.44000244140625,183.85000610351562,186.86000061035156,186.62196350097656,207423100
NVDA,2025-11-14,182.86000061035156,191.00999450683594,180.5800018310547,190.1699981689453,189.92774963378906,186591900
NVDA,2025-11-17,185.97000122070312,189.0,184.32000732421875,186.60000610351562,186.3623046875,173628900
NVDA,2025-11-18,183.3800048828125,184.8000030517578,179.64999389648438,181.36000061035156,181.1289825439453,213598900
NVDA,2025-11-19,184.7899932861328,187.86000061035156,182.8300018310547,186.52000427246094,186.28240966796875,247246400
NVDA,2025-11-20,195.9499969482422,196.0,179.85000610351562,180.63999938964844,180.40989685058594,343504800
NVDA,2025-11-21,181.24000549316406,184.55999755859375,172.92999267578125,178.8800048828125,178.6521453857422,346926200
NVDA,2025-11-24,179.49000549316406,183.5,176.47999572753906,182.5500030517578,182.31747436523438,256618300
NVDA,2025-11-25,174.91000366210938,178.16000366210938,169.5500030517578,177.82000732421875,177.59349060058594,320600300
NVDA,2025-11-26,181.6300048828125,182.91000366210938,178.24000549316406,180.25999450683594,180.03038024902344,183852000
NVDA,2025-11-28,179.00999450683594,179.2899932861328,176.5,177.0,176.7745361328125,121332800
NVDA,2025-12-01,174.75999450683594,180.3000030517578,173.67999267578125,179.9199981689453,179.69082641601562,188131000
NVDA,2025-12-02,181.75999450683594,185.66000366210938,180.0,181.4600067138672,181.22885131835938,182632200
NVDA,2025-12-03,181.0800018310547,182.4499969482422,179.11000061035156,179.58999633789062,179.36123657226562,165138000
NVDA,2025-12-04,181.6199951171875,184.52000427246094,179.9600067138672,183.3800048828125,183.1566162109375,167364900
NVDA,2025-12-05,183.88999938964844,184.66000366210938,180.91000366210938,182.41000366210938,182.1877899169922,143971100
NVDA,2025-12-08,182.63999938964844,188.0,182.39999389648438,185.5500030517578,185.323974609375,204378100
NVDA,2025-12-09,185.55999755859375,185.72000122070312,183.32000732421875,184.97000122070312,184.7446746826172,144719700
NVDA,2025-12-10,184.97000122070312,185.47999572753906,182.0399932861328,183.77999877929688,183.55612182617188,162785400
NVDA,2025-12-11,180.27999877929688,181.32000732421875,176.6199951171875,180.92999267578125,180.70957946777344,182136600
NVDA,2025-12-12,181.11000061035156,182.82000732421875,174.6199951171875,175.02000427246094,174.80679321289062,204274900
NVDA,2025-12-15,177.94000244140625,178.4199981689453,175.02999877929688,176.2899932861328,176.0752410888672,164775600
NVDA,2025-12-16,176.25999450683594,178.49000549316406,174.89999389648438,177.72000122070312,177.50350952148438,148588100
NVDA,2025-12-17,176.10000610351562,176.1300048828125,170.30999755859375,170.94000244140625,170.7317657470703,222775500
NVDA,2025-12-18,174.52999877929688,176.14999389648438,171.82000732421875,174.13999938964844,173.9278564453125,176096000
NVDA,2025-12-19,176.6699981689453,181.4499969482422,176.33999633789062,180.99000549316406,180.76951599121094,324925900
NVDA,2025-12-22,183.9199981689453,184.16000366210938,182.35000610351562,183.69000244140625,183.4662322998047,129064400
NVDA,2025-12-23,182.97000122070312,189.3300018310547,182.89999389648438,189.2100067138672,188.97950744628906,174873600
NVDA,2025-12-24,187.94000244140625,188.91000366210938,186.58999633789062,188.61000061035156,188.38023376464844,65528500
NVDA,2025-12-26,189.9199981689453,192.69000244140625,188.0,190.52999877929688,190.2978973388672,139740300
NVDA,2025-12-29,187.7100067138672,188.75999450683594,185.91000366210938,188.22000122070312,187.99070739746094,120006100
NVDA,2025-12-30,188.24000549316406,188.99000549316406,186.92999267578125,187.5399932861328,187.31153869628906,97687300
NVDA,2025-12-31,189.57000732421875,190.55999755859375,186.49000549316406,186.5,186.27281188964844,120100500
NVDA,2026-01-02,189.83999633789062,192.92999267578125,188.25999450683594,188.85000610351562,188.6199493408203,148240500
NVDA,2026-01-05,191.75999450683594,193.6300048828125,186.14999389648438,188.1199951171875,187.89083862304688,183529700
NVDA,2026-01-06,190.52000427246094,192.1699981689453,186.82000732421875,187.24000549316406,187.0119171142578,176862600
NVDA,2026-01-07,188.57000732421875,191.3699951171875,186.55999755859375,189.11000061035156,188.87962341308594,153543200
NVDA,2026-01-08,189.11000061035156,189.5500030517578,183.7100067138672,185.0399932861328,184.81459045410156,172457000
NVDA,2026-01-09,185.0800018310547,186.33999633789062,183.6699981689453,184.86000061035156,184.63479614257812,131327500
NVDA,2026-01-12,183.22000122070312,187.1199951171875,183.02000427246094,184.94000244140625,184.71470642089844,137968500
NVDA,2026-01-13,185.0,188.11000061035156,183.39999389648438,185.80999755859375,185.58364868164062,160128900
NVDA,2026-01-14,184.32000732421875,184.4600067138672,180.8000030517578,183.13999938964844,182.91688537597656,159586100
NVDA,2026-01-15,186.5,189.6999969482422,186.3300018310547,187.0500030517578,186.8221435546875,206188600
NVDA,2026-01-16,189.0800018310547,190.44000244140625,186.0800018310547,186.22999572753906,186.0031280517578,187967200
NVDA,2026-01-20,181.89999389648438,182.3800048828125,177.61000061035156,178.07000732421875,177.8530731201172,223345300
NVDA,2026-01-21,179.0500030517578,185.3800048828125,178.39999389648438,183.32000732421875,183.09669494628906,200381000
NVDA,2026-01-22,184.75,186.1699981689453,183.92999267578125,184.83999633789062,184.6148223876953,139636600
NVDA,2026-01-23,187.5,189.60000610351562,186.82000732421875,187.6699981689453,187.44137573242188,142748100
NVDA,2026-01-26,187.16000366210938,189.1199951171875,185.99000549316406,186.47000122070312,186.2428436279297,124799600
NVDA,2026-01-27,187.24000549316406,190.0,185.6999969482422,188.52000427246094,188.29034423828125,143711600
NVDA,2026-01-28,191.27000427246094,192.35000610351562,189.83999633789062,191.52000427246094,191.2866973876953,148552700
NVDA,2026-01-29,191.33999633789062,193.47999572753906,186.05999755859375,192.50999450683594,192.27548217773438,171764400
NVDA,2026-01-30,191.2100067138672,194.49000549316406,189.47000122070312,191.1300048828125,190.8971710205078,179489500
NVDA,2026-02-02,187.1999969482422,190.3000030517578,184.8800048828125,185.61000061035156,185.38389587402344,165794100
NVDA,2026-02-03,186.24000549316406,186.27000427246094,176.22999572753906,180.33999633789062,180.12030029296875,204019600
NVDA,2026-02-04,179.4600067138672,179.5800018310547,171.91000366210938,174.19000244140625,173.97779846191406,207014100
NVDA,2026-02-05,174.92999267578125,176.82000732421875,171.02999877929688,171.8800048828125,171.6706085205078,206312900
NVDA,2026-02-06,176.69000244140625,187.0,174.60000610351562,185.41000366210938,185.1841278076172,231346200
NVDA,2026-02-09,184.25999450683594,193.66000366210938,183.9499969482422,190.0399932861328,189.80848693847656,196387400
NVDA,2026-02-10,191.3800048828125,192.47999572753906,188.1199951171875,188.5399932861328,188.31031799316406,136764800
NVDA,2026-02-11,192.4499969482422,193.25999450683594,188.77000427246094,190.0500030517578,189.8184814453125,144192700
NVDA,2026-02-12,193.02999877929688,193.61000061035156,186.50999450683594,186.94000244140625,186.7122802734375,189932500
NVDA,2026-02-13,187.47999572753906,187.5,181.58999633789062,182.80999755859375,182.58731079101562,161888000
NVDA,2026-02-17,181.75,187.14999389648438,179.17999267578125,184.97000122070312,184.7446746826172,162276900
NVDA,2026-02-18,188.75,190.3699951171875,186.75999450683594,187.97999572753906,187.75099182128906,164749100
NVDA,2026-02-19,187.05999755859375,188.42999267578125,185.66000366210938,187.89999389648438,187.6710968017578,126554500
NVDA,2026-02-20,186.57000732421875,190.3300018310547,185.94000244140625,189.82000732421875,189.58877563476562,178422300
NVDA,2026-02-23,191.39999389648438,193.9499969482422,189.5800018310547,191.5500030517578,191.31666564941406,171584800
NVDA,2026-02-24,191.49000549316406,193.77000427246094,187.39999389648438,192.85000610351562,192.61508178710938,175123600
NVDA,2026-02-25,194.4499969482422,197.6300048828125,193.7899932861328,195.55999755859375,195.32176208496094,250637100
NVDA,2026-02-26,194.27000427246094,194.2899932861328,184.32000732421875,184.88999938964844,184.66476440429688,360807900
NVDA,2026-02-27,181.25,182.58999633789062,176.3800048828125,177.19000244140625,176.97415161132812,311636500
NVDA,2026-03-02,175.00999450683594,183.4600067138672,174.63999938964844,182.47999572753906,182.25770568847656,209095300
NVDA,2026-03-03,178.49000549316406,180.89999389648438,176.9199981689453,180.0500030517578,179.83065795898438,178099400
NVDA,2026-03-04,180.44000244140625,184.6999969482422,180.05999755859375,183.0399932861328,182.8170166015625,177731200
NVDA,2026-03-05,181.1699981689453,184.05999755859375,177.8800048828125,183.33999633789062,183.1166534423828,198779700
NVDA,2026-03-06,179.83999633789062,182.75999450683594,176.82000732421875,177.82000732421875,177.60337829589844,189021900
NVDA,2026-03-09,176.8300018310547,182.91000366210938,175.55999755859375,182.64999389648438,182.427490234375,177213600
NVDA,2026-03-10,182.39999389648438,186.44000244140625,182.00999450683594,184.77000427246094,184.544921875,179118500
NVDA,2026-03-11,185.91000366210938,187.6199951171875,184.4499969482422,186.02999877929688,185.8134307861328,145280400
NVDA,2026-03-12,184.0500030517578,184.94000244140625,181.75,183.13999938964844,182.9268035888672,155762700
NVDA,2026-03-13,184.9199981689453,186.08999633789062,179.94000244140625,180.25,180.0401611328125,160988400
NVDA,2026-03-16,182.97000122070312,188.8800048828125,181.41000366210938,183.22000122070312,183.0067138671875,217307400
NVDA,2026-03-17,185.05999755859375,185.39999389648438,181.67999267578125,181.92999267578125,181.71820068359375,182497800
NVDA,2026-03-18,182.47999572753906,183.3800048828125,180.3300018310547,180.39999389648438,180.1899871826172,156683100
NVDA,2026-03-19,178.00999450683594,179.97999572753906,175.7899932861328,178.55999755859375,178.3521270751953,170968500
NVDA,2026-03-20,178.0,178.25999450683594,171.72000122070312,172.6999969482422,172.4989471435547,241323500
NVDA,2026-03-23,177.25999450683594,178.3699951171875,174.75999450683594,175.63999938964844,175.43553161621094,182836300
NVDA,2026-03-24,174.8300018310547,176.22000122070312,173.97999572753906,175.1999969482422,174.99603271484375,147667800
NVDA,2026-03-25,177.10000610351562,181.22000122070312,176.85000610351562,178.67999267578125,178.47198486328125,162602100
NVDA,2026-03-26,176.07000732421875,176.50999450683594,171.13999938964844,171.24000549316406,171.04066467285156,186152200
NVDA,2026-03-27,170.0,170.97000122070312,167.00999450683594,167.52000427246094,167.32498168945312,196212700
NVDA,2026-03-30,168.77999877929688,169.4499969482422,164.27000427246094,165.1699981689453,164.97772216796875,185627000
NVDA,2026-03-31,166.97000122070312,174.6199951171875,166.9600067138672,174.39999389648438,174.1969757080078,226181300
NVDA,2026-04-01,176.0,177.3699951171875,174.75,175.75,175.54541015625,168132000
NVDA,2026-04-02,172.17999267578125,177.49000549316406,171.3699951171875,177.38999938964844,177.18348693847656,143143200
NVDA,2026-04-06,177.16000366210938,177.7899932861328,175.75999450683594,177.63999938964844,177.43319702148438,107564300
NVDA,2026-04-07,175.72999572753906,178.22999572753906,173.66000366210938,178.10000610351562,177.89266967773438,132534900
NVDA,2026-04-08,184.5,185.25999450683594,180.3000030517578,182.0800018310547,181.8680419921875,147732700
NVDA,2026-04-09,181.83999633789062,184.0800018310547,180.6199951171875,183.91000366210938,183.69590759277344,116428500
NVDA,2026-04-10,184.30999755859375,190.0,184.3000030517578,188.6300048828125,188.41041564941406,160459500
NVDA,2026-04-13,186.02999877929688,189.66000366210938,185.74000549316406,189.30999755859375,189.08961486816406,133648200
NVDA,2026-04-14,190.83999633789062,196.50999450683594,190.77000427246094,196.50999450683594,196.28123474121094,161307000
NVDA,2026-04-15,196.5399932861328,200.39999389648438,195.74000549316406,198.8699951171875,198.63848876953125,185338400
NVDA,2026-04-16,197.42999267578125,199.85000610351562,195.80999755859375,198.35000610351562,198.1190948486328,134012900
NVDA,2026-04-17,199.89999389648438,201.6999969482422,199.27000427246094,201.67999267578125,201.44520568847656,160324400
NVDA,2026-04-20,199.97999572753906,202.1699981689453,197.83999633789062,202.05999755859375,201.82476806640625,119381400
NVDA,2026-04-21,202.1300048828125,202.75,199.0,199.8800048828125,199.64732360839844,107945300
NVDA,2026-04-22,200.99000549316406,202.5,199.0,202.5,202.26426696777344,107501000
NVDA,2026-04-23,202.4600067138672,203.8300018310547,197.22000122070312,199.63999938964844,199.4075927734375,113561800
NVDA,2026-04-24,199.9600067138672,210.9499969482422,199.80999755859375,208.27000427246094,208.0275421142578,214134400
NVDA,2026-04-27,209.64999389648438,216.8300018310547,207.3800048828125,216.61000061035156,216.3578338623047,187172400
NVDA,2026-04-28,209.49000549316406,214.72999572753906,208.1999969482422,213.1699981689453,212.92184448242188,180275400
NVDA,2026-04-29,212.6999969482422,212.72000122070312,207.5800018310547,209.25,209.00640869140625,123711800
NVDA,2026-04-30,209.92999267578125,210.3000030517578,198.6999969482422,199.57000732421875,199.33767700195312,225239200
NVDA,2026-05-01,201.27999877929688,203.0,197.1199951171875,198.4499969482422,198.21897888183594,128647000
NVDA,2026-05-04,199.5,201.72999572753906,194.74000549316406,198.47999572753906,198.24893188476562,125368100
NVDA,2026-05-05,199.3000030517578,200.24000549316406,196.02999877929688,196.5,196.271240234375,113406600
NVDA,2026-05-06,199.88999938964844,208.27000427246094,198.61000061035156,207.8300018310547,207.5880584716797,188362800
NVDA,2026-05-07,208.33999633789062,214.1999969482422,206.5,211.5,211.2537841796875,168307900
NVDA,2026-05-08,213.02999877929688,217.8000030517578,212.88999938964844,215.1999969482422,214.94947814941406,136421400
NVDA,2026-05-11,214.0399932861328,222.3000030517578,213.88999938964844,219.44000244140625,219.18453979492188,160685800
NVDA,2026-05-12,218.5500030517578,223.75,214.9199981689453,220.77999877929688,220.52297973632812,159176600
NVDA,2026-05-13,224.92999267578125,227.83999633789062,221.57000732421875,225.8300018310547,225.56710815429688,150405400
NVDA,2026-05-14,229.85000610351562,236.5399932861328,229.3000030517578,235.74000549316406,235.465576171875,180782900
NVDA,2026-05-15,229.75999450683594,231.5,224.24000549316406,225.32000732421875,225.05770874023438,180977600
NVDA,2026-05-18,229.8699951171875,230.0,218.3699951171875,222.32000732421875,222.0612030029297,146280900
NVDA,2026-05-19,219.6199951171875,224.47999572753906,217.91000366210938,220.61000061035156,220.35317993164062,140948200
NVDA,2026-05-20,223.17999267578125,226.1300048828125,220.5,223.47000122070312,223.20985412597656,184201600
NVDA,2026-05-21,222.2899932861328,227.39999389648438,217.92999267578125,219.50999450683594,219.25445556640625,203381800
NVDA,2026-05-22,220.89999389648438,221.00999450683594,214.8000030517578,215.3300018310547,215.07933044433594,169275700
NVDA,2026-05-26,216.5399932861328,218.17999267578125,212.0,214.86000061035156,214.60987854003906,187202600
NVDA,2026-05-27,214.1199951171875,214.14999389648438,208.77999877929688,212.60000610351562,212.35250854492188,167601200
NVDA,2026-05-28,211.27999877929688,215.52000427246094,211.22000122070312,214.25,214.00057983398438,143996000
NVDA,2026-05-29,214.5800018310547,217.86000061035156,211.1300048828125,211.13999938964844,210.8942108154297,289410600
NVDA,2026-06-01,215.72999572753906,224.8699951171875,215.6999969482422,224.36000061035156,224.09881591796875,212850700
NVDA,2026-06-02,227.17999267578125,232.27999877929688,221.35000610351562,222.82000732421875,222.56060791015625,193362900
NVDA,2026-06-03,221.72000122070312,222.82000732421875,214.50999450683594,214.75,214.5,160907000
NVDA,2026-06-04,213.91000366210938,221.60000610351562,210.97000122070312,218.66000366210938,218.66000366210938,169022200
NVDA,2026-06-05,214.52999877929688,214.8699951171875,204.3300018310547,205.10000610351562,205.10000610351562,219655500
NVDA,2026-06-08,210.17999267578125,210.47000122070312,206.0,208.63999938964844,208.63999938964844,138372800
NVDA,2026-06-09,210.6199951171875,211.39999389648438,199.33999633789062,208.19000244140625,208.19000244140625,180962500
NVDA,2026-06-10,204.42999267578125,207.22000122070312,199.9199981689453,200.4199981689453,200.4199981689453,161746600
NVDA,2026-06-11,201.49000549316406,205.66000366210938,199.5399932861328,204.8699951171875,204.8699951171875,158643200
NVDA,2026-06-12,204.86000061035156,207.07000732421875,203.44000244140625,205.19000244140625,205.19000244140625,112001800
NVDA,2026-06-15,208.9199981689453,212.7100067138672,208.33999633789062,212.4499969482422,212.4499969482422,149936700
NVDA,2026-06-16,211.17999267578125,211.49000549316406,207.2899932861328,207.41000366210938,207.41000366210938,125694100
NVDA,2026-06-17,208.52999877929688,209.2100067138672,203.0800018310547,204.64999389648438,204.64999389648438,128363500
NVDA,2026-06-18,207.3300018310547,211.38999938964844,206.5,210.69000244140625,210.69000244140625,241272000
QCOM,2025-05-30,148.0,148.02000427246094,143.47999572753906,145.1999969482422,141.35366821289062,13755600
QCOM,2025-06-02,144.8000030517578,147.2100067138672,144.47999572753906,146.6300048828125,142.74581909179688,6419500
QCOM,2025-06-03,146.7100067138672,149.77999877929688,145.50999450683594,148.94000244140625,144.99459838867188,6164100
QCOM,2025-06-04,150.0,150.0500030517578,147.3800048828125,149.0500030517578,145.1016845703125,7143800
QCOM,2025-06-05,148.8000030517578,150.0800018310547,147.0,147.55999755859375,144.5140838623047,5605500
QCOM,2025-06-06,149.8000030517578,150.58999633789062,149.0500030517578,149.24000549316406,146.15939331054688,5794700
QCOM,2025-06-09,151.80999755859375,156.1199951171875,151.1699981689453,155.41000366210938,152.20204162597656,10589400
QCOM,2025-06-10,156.19000244140625,159.50999450683594,155.07000732421875,159.1300048828125,155.8452606201172,9068400
QCOM,2025-06-11,160.0,162.13999938964844,157.6999969482422,159.47999572753906,156.18801879882812,8859900
QCOM,2025-06-12,159.0,159.61000061035156,157.9499969482422,158.6999969482422,155.4241180419922,5689400
QCOM,2025-06-13,156.33999633789062,157.1699981689453,154.44000244140625,154.72000122070312,151.52627563476562,8446400
QCOM,2025-06-16,157.02999877929688,158.4499969482422,155.63999938964844,156.8699951171875,153.63189697265625,8686300
QCOM,2025-06-17,156.64999389648438,157.5800018310547,154.38999938964844,154.4600067138672,151.2716522216797,7146900
QCOM,2025-06-18,155.0,156.10000610351562,153.14999389648438,153.6300048828125,150.45880126953125,6708700
QCOM,2025-06-20,154.22999572753906,155.1199951171875,150.6300048828125,151.32000732421875,148.1964569091797,15501900
QCOM,2025-06-23,151.22999572753906,153.52000427246094,149.67999267578125,153.13999938964844,149.9788818359375,6860700
QCOM,2025-06-24,154.72999572753906,156.3000030517578,154.14999389648438,155.7100067138672,152.495849609375,7692700
QCOM,2025-06-25,156.10000610351562,156.52999877929688,154.58999633789062,155.92999267578125,152.71128845214844,5280100
QCOM,2025-06-26,156.5,158.4199981689453,155.91000366210938,158.19000244140625,154.92466735839844,6278200
QCOM,2025-06-27,158.64999389648438,161.10000610351562,157.57000732421875,158.5399932861328,155.26742553710938,22100300
QCOM,2025-06-30,158.38999938964844,159.86000061035156,157.8000030517578,159.25999450683594,155.97256469726562,7988200
QCOM,2025-07-01,158.22000122070312,161.64999389648438,157.97999572753906,159.39999389648438,156.1096649169922,8942300
QCOM,2025-07-02,159.67999267578125,162.7899932861328,158.8000030517578,162.32000732421875,158.9694061279297,8916400
QCOM,2025-07-03,163.0399932861328,163.9600067138672,162.08999633789062,162.2100067138672,158.86167907714844,4280800
QCOM,2025-07-07,161.11000061035156,161.49000549316406,157.57000732421875,158.08999633789062,154.8267059326172,7187400
QCOM,2025-07-08,159.47000122070312,161.8300018310547,158.61000061035156,159.4499969482422,156.15863037109375,6879100
QCOM,2025-07-09,159.39999389648438,161.47999572753906,158.25,159.35000610351562,156.0607147216797,4190100
QCOM,2025-07-10,158.99000549316406,160.2899932861328,157.7899932861328,159.08999633789062,155.80606079101562,5674400
QCOM,2025-07-11,159.0,159.1699981689453,157.14999389648438,157.4600067138672,154.209716796875,5907700
QCOM,2025-07-14,156.4199981689453,156.5,153.47999572753906,154.2899932861328,151.1051483154297,7382600
QCOM,2025-07-15,156.2899932861328,156.7100067138672,154.1199951171875,154.3000030517578,151.1149444580078,6467300
QCOM,2025-07-16,154.3000030517578,154.5,151.5399932861328,154.07000732421875,150.8896942138672,7106700
QCOM,2025-07-17,153.0,153.52999877929688,151.8000030517578,152.61000061035156,149.4598388671875,7018600
QCOM,2025-07-18,153.0399932861328,155.42999267578125,152.72999572753906,154.8000030517578,151.60462951660156,7433900
QCOM,2025-07-21,154.9199981689453,159.92999267578125,154.91000366210938,158.97000122070312,155.6885528564453,7662300
QCOM,2025-07-22,158.9600067138672,159.0399932861328,156.1699981689453,157.99000549316406,154.72877502441406,6951600
QCOM,2025-07-23,158.58999633789062,160.0399932861328,156.92999267578125,159.8800048828125,156.57977294921875,7296200
QCOM,2025-07-24,158.35000610351562,159.08999633789062,156.7899932861328,158.83999633789062,155.56124877929688,5014800
QCOM,2025-07-25,158.89999389648438,159.1999969482422,157.41000366210938,158.39999389648438,155.13031005859375,4808200
QCOM,2025-07-28,159.75999450683594,161.9600067138672,159.16000366210938,161.0500030517578,157.7256317138672,9627300
QCOM,2025-07-29,162.0399932861328,163.60000610351562,161.13999938964844,162.0800018310547,158.73435974121094,9460900
QCOM,2025-07-30,163.0,163.27000427246094,158.0,159.05999755859375,155.77670288085938,14382500
QCOM,2025-07-31,153.11000061035156,156.8000030517578,145.5800018310547,146.75999450683594,143.73057556152344,24440100
QCOM,2025-08-01,146.4600067138672,149.1699981689453,145.7899932861328,148.19000244140625,145.13107299804688,12706700
QCOM,2025-08-04,148.50999450683594,150.7899932861328,147.07000732421875,147.50999450683594,144.46510314941406,8150200
QCOM,2025-08-05,148.52000427246094,148.64999389648438,145.6699981689453,146.7100067138672,143.68162536621094,7794500
QCOM,2025-08-06,146.64999389648438,146.7100067138672,144.11000061035156,145.83999633789062,142.82957458496094,8475700
QCOM,2025-08-07,148.32000732421875,148.32000732421875,144.80999755859375,145.89999389648438,142.88832092285156,6753500
QCOM,2025-08-08,146.35000610351562,148.02000427246094,145.69000244140625,147.55999755859375,144.5140838623047,5028700
QCOM,2025-08-11,148.57000732421875,151.05999755859375,147.7100067138672,147.97000122070312,144.91561889648438,6215900
QCOM,2025-08-12,148.7899932861328,153.89999389648438,148.57000732421875,153.72999572753906,150.5567169189453,9304100
QCOM,2025-08-13,153.97000122070312,157.11000061035156,153.6300048828125,156.58999633789062,153.357666015625,7103300
QCOM,2025-08-14,154.89999389648438,158.64999389648438,154.89999389648438,158.08999633789062,154.8267059326172,6294800
QCOM,2025-08-15,158.0399932861328,159.25999450683594,156.69000244140625,157.85000610351562,154.5916748046875,7583700
QCOM,2025-08-18,157.77999877929688,159.75,157.24000549316406,158.89999389648438,155.61997985839844,4774400
QCOM,2025-08-19,159.07000732421875,159.42999267578125,156.0500030517578,156.25,153.0247039794922,6396500
QCOM,2025-08-20,156.38999938964844,156.63999938964844,153.4600067138672,155.44000244140625,152.23141479492188,7151700
QCOM,2025-08-21,154.82000732421875,155.1999969482422,153.0500030517578,154.1300048828125,150.94845581054688,4997300
QCOM,2025-08-22,154.8300018310547,159.88999938964844,154.55999755859375,158.00999450683594,154.74835205078125,7711500
QCOM,2025-08-25,157.61000061035156,158.0500030517578,155.39999389648438,156.4199981689453,153.19117736816406,4653000
QCOM,2025-08-26,157.66000366210938,159.9600067138672,157.41000366210938,159.1699981689453,155.8843994140625,9173000
QCOM,2025-08-27,158.36000061035156,159.97000122070312,157.8000030517578,159.77000427246094,156.4720458984375,4549900
QCOM,2025-08-28,159.91000366210938,161.22000122070312,159.02999877929688,160.8000030517578,157.48077392578125,8156300
QCOM,2025-08-29,159.52999877929688,161.60000610351562,159.39999389648438,160.72999572753906,157.4122314453125,9949100
QCOM,2025-09-02,157.82000732421875,158.94000244140625,154.60000610351562,158.77999877929688,155.5024871826172,7520300
QCOM,2025-09-03,159.39999389648438,159.57000732421875,156.05999755859375,157.27999877929688,154.03341674804688,6336400
QCOM,2025-09-04,156.1999969482422,159.86000061035156,154.47000122070312,159.7100067138672,157.30340576171875,7781200
QCOM,2025-09-05,160.0800018310547,163.49000549316406,159.14999389648438,159.83999633789062,157.4314422607422,7954200
QCOM,2025-09-08,160.2899932861328,160.2899932861328,158.00999450683594,160.24000549316406,157.82542419433594,7019700
QCOM,2025-09-09,160.3699951171875,161.60000610351562,157.57000732421875,158.66000366210938,156.26922607421875,6126000
QCOM,2025-09-10,158.6199951171875,159.2100067138672,156.61000061035156,158.9499969482422,156.5548553466797,8256900
QCOM,2025-09-11,159.19000244140625,162.07000732421875,157.9600067138672,161.50999450683594,159.07627868652344,8360200
QCOM,2025-09-12,161.3300018310547,162.3300018310547,159.5800018310547,161.8300018310547,159.39146423339844,5430600
QCOM,2025-09-15,161.39999389648438,162.67999267578125,160.2100067138672,161.22000122070312,158.7906494140625,5604800
QCOM,2025-09-16,161.82000732421875,165.0,161.5,164.13999938964844,161.66664123535156,7997500
QCOM,2025-09-17,164.67999267578125,166.3699951171875,163.22999572753906,165.25999450683594,162.76976013183594,6057800
QCOM,2025-09-18,166.8800048828125,168.86000061035156,166.22999572753906,168.1300048828125,165.59654235839844,10421200
QCOM,2025-09-19,169.1699981689453,169.5800018310547,166.2899932861328,166.85000610351562,164.33583068847656,19444400
QCOM,2025-09-22,166.85000610351562,170.22000122070312,165.9199981689453,169.72000122070312,167.16256713867188,6196600
QCOM,2025-09-23,169.82000732421875,170.85000610351562,168.3000030517578,169.52999877929688,166.97543334960938,5468400
QCOM,2025-09-24,169.0500030517578,174.44000244140625,168.6699981689453,173.5500030517578,170.93484497070312,9213700
QCOM,2025-09-25,171.2100067138672,171.97000122070312,167.94000244140625,169.67999267578125,167.1231689453125,8093700
QCOM,2025-09-26,169.67999267578125,170.92999267578125,168.1300048828125,169.1999969482422,166.650390625,4846000
QCOM,2025-09-29,169.1999969482422,169.83999633789062,164.75999450683594,165.3000030517578,162.80917358398438,7523100
QCOM,2025-09-30,165.63999938964844,166.83999633789062,164.8800048828125,166.36000061035156,163.85321044921875,5593300
QCOM,2025-10-01,165.8000030517578,166.77000427246094,164.49000549316406,166.49000549316406,163.98126220703125,6153000
QCOM,2025-10-02,167.75,169.5399932861328,167.17999267578125,168.85000610351562,166.30567932128906,5499500
QCOM,2025-10-03,168.85000610351562,171.75,168.74000549316406,169.17999267578125,166.6306915283203,5137900
QCOM,2025-10-06,170.5399932861328,170.8800048828125,167.72000122070312,168.6199951171875,166.0791473388672,8265800
QCOM,2025-10-07,169.89999389648438,171.97999572753906,165.13999938964844,165.4600067138672,162.96676635742188,7147500
QCOM,2025-10-08,166.24000549316406,168.5500030517578,163.88999938964844,167.77000427246094,165.241943359375,7302200
QCOM,2025-10-09,167.3699951171875,167.61000061035156,163.22999572753906,165.66000366210938,163.1637420654297,6928400
QCOM,2025-10-10,164.82000732421875,165.08999633789062,153.35000610351562,153.58999633789062,151.27561950683594,15818600
QCOM,2025-10-13,155.9499969482422,162.38999938964844,155.77999877929688,161.77999877929688,159.3422088623047,10311000
QCOM,2025-10-14,159.3000030517578,164.27000427246094,159.25999450683594,161.74000549316406,159.30282592773438,8675200
QCOM,2025-10-15,164.24000549316406,164.24000549316406,160.30999755859375,162.97000122070312,160.5142822265625,7334100
QCOM,2025-10-16,164.49000549316406,165.19000244140625,162.2100067138672,164.0800018310547,161.6075439453125,5686700
QCOM,2025-10-17,162.86000061035156,163.7899932861328,161.6699981689453,163.4499969482422,160.98703002929688,4833100
QCOM,2025-10-20,163.33999633789062,167.64999389648438,162.05999755859375,167.0399932861328,164.52293395996094,8194100
QCOM,2025-10-21,166.8000030517578,169.24000549316406,166.1999969482422,168.8300018310547,166.28598022460938,6176100
QCOM,2025-10-22,167.49000549316406,169.77999877929688,166.02000427246094,169.27000427246094,166.71934509277344,10083800
QCOM,2025-10-23,168.3300018310547,171.25,167.8800048828125,170.02999877929688,167.4678955078125,6546400
QCOM,2025-10-24,171.69000244140625,172.4199981689453,168.47000122070312,168.94000244140625,166.39431762695312,6256000
QCOM,2025-10-27,168.9499969482422,205.9499969482422,168.82000732421875,187.67999267578125,184.85194396972656,81799300
QCOM,2025-10-28,183.92999267578125,185.91000366210938,179.41000366210938,181.02999877929688,178.30213928222656,20323100
QCOM,2025-10-29,182.0,183.49000549316406,178.1999969482422,178.6699981689453,175.9777069091797,11614600
QCOM,2025-10-30,178.67999267578125,179.8800048828125,177.19000244140625,177.25999450683594,174.5889434814453,7862900
QCOM,2025-10-31,178.52000427246094,182.14999389648438,176.8300018310547,180.89999389648438,178.17410278320312,9452800
QCOM,2025-11-03,182.9499969482422,183.4499969482422,179.08999633789062,180.72000122070312,177.996826171875,8535100
QCOM,2025-11-04,177.47999572753906,179.33999633789062,172.2899932861328,172.83999633789062,170.2355499267578,12323600
QCOM,2025-11-05,174.75999450683594,183.42999267578125,174.32000732421875,179.72000122070312,177.0118865966797,18845500
QCOM,2025-11-06,177.8000030517578,178.50999450683594,170.05999755859375,173.1999969482422,170.5901336669922,16184700
QCOM,2025-11-07,172.72999572753906,174.25,168.25,170.88999938964844,168.31495666503906,10614700
QCOM,2025-11-10,173.75999450683594,174.8000030517578,169.5,171.57000732421875,168.9846954345703,10129300
QCOM,2025-11-11,171.0,175.97999572753906,171.0,173.97999572753906,171.35836791992188,8419100
QCOM,2025-11-12,175.0,177.4199981689453,174.8800048828125,176.6699981689453,174.00784301757812,8785800
QCOM,2025-11-13,176.6300048828125,178.8300018310547,173.02999877929688,174.5,171.87054443359375,9526100
QCOM,2025-11-14,171.77999877929688,175.69000244140625,171.39999389648438,173.97999572753906,171.35836791992188,7949900
QCOM,2025-11-17,172.8000030517578,174.83999633789062,165.1699981689453,166.75,164.23733520507812,10211100
QCOM,2025-11-18,164.88999938964844,166.7899932861328,161.38999938964844,165.05999755859375,162.57278442382812,11073200
QCOM,2025-11-19,164.69000244140625,167.50999450683594,164.11000061035156,166.11000061035156,163.60696411132812,8176500
QCOM,2025-11-20,167.1300048828125,168.8800048828125,158.85000610351562,159.58999633789062,157.18521118164062,12075400
QCOM,2025-11-21,160.75,165.27000427246094,159.10000610351562,163.3000030517578,160.8393096923828,10815000
QCOM,2025-11-24,164.3699951171875,166.94000244140625,163.72000122070312,165.05999755859375,162.57278442382812,12070100
QCOM,2025-11-25,163.99000549316406,164.97000122070312,161.8699951171875,163.3000030517578,160.8393096923828,7758100
QCOM,2025-11-26,164.1199951171875,166.25,163.14999389648438,165.13999938964844,162.6515655517578,7967700
QCOM,2025-11-28,165.02999877929688,168.19000244140625,164.1300048828125,168.08999633789062,165.55711364746094,5068800
QCOM,2025-12-01,165.91000366210938,169.02999877929688,165.5,168.0399932861328,165.50787353515625,6818300
QCOM,2025-12-02,168.75,171.1699981689453,167.63999938964844,170.6999969482422,168.1278076171875,9159100
QCOM,2025-12-03,170.89999389648438,175.08999633789062,170.35000610351562,175.07000732421875,172.4319610595703,7624300
QCOM,2025-12-04,174.3300018310547,174.92999267578125,173.22999572753906,174.35000610351562,172.60025024414062,7245000
QCOM,2025-12-05,174.74000549316406,177.25,174.5,174.80999755859375,173.0556182861328,8400100
QCOM,2025-12-08,174.74000549316406,175.5,173.72000122070312,175.30999755859375,173.55059814453125,6690200
QCOM,2025-12-09,174.5,176.35000610351562,172.32000732421875,176.0,174.2336883544922,7719100
QCOM,2025-12-10,175.80999755859375,183.44000244140625,175.25,182.2100067138672,180.38137817382812,11100100
QCOM,2025-12-11,181.3699951171875,181.63999938964844,178.08999633789062,181.27000427246094,179.4508056640625,6319200
QCOM,2025-12-12,181.25,183.11000061035156,177.8699951171875,178.2899932861328,176.5006866455078,8865800
QCOM,2025-12-15,179.72000122070312,180.30999755859375,176.38999938964844,179.25999450683594,177.46096801757812,6954700
QCOM,2025-12-16,179.19000244140625,179.19000244140625,174.80999755859375,176.1199951171875,174.35247802734375,7136000
QCOM,2025-12-17,176.1199951171875,177.47999572753906,172.0500030517578,172.33999633789062,170.61041259765625,8501900
QCOM,2025-12-18,175.7100067138672,177.0800018310547,173.52999877929688,174.19000244140625,172.44186401367188,8967500
QCOM,2025-12-19,174.44000244140625,177.19000244140625,174.1999969482422,175.25,173.4912109375,25223500
QCOM,2025-12-22,177.55999755859375,178.32000732421875,173.89999389648438,174.22000122070312,172.47154235839844,6422100
QCOM,2025-12-23,173.61000061035156,175.27000427246094,173.50999450683594,174.75,172.9962158203125,4690400
QCOM,2025-12-24,175.0399932861328,175.49000549316406,174.4199981689453,174.77000427246094,173.0160369873047,1645300
QCOM,2025-12-26,175.0,175.5,174.35000610351562,174.80999755859375,173.0556182861328,2442800
QCOM,2025-12-29,174.00999450683594,175.19000244140625,172.7899932861328,173.42999267578125,171.68946838378906,3978400
QCOM,2025-12-30,174.05999755859375,174.39999389648438,173.33999633789062,173.64999389648438,171.90725708007812,3429300
QCOM,2025-12-31,173.61000061035156,173.77999877929688,171.00999450683594,171.0500030517578,169.33335876464844,4682600
QCOM,2026-01-02,173.8000030517578,174.67999267578125,172.1999969482422,172.97999572753906,171.24398803710938,6532200
QCOM,2026-01-05,175.4600067138672,178.85000610351562,174.00999450683594,176.30999755859375,174.5405731201172,8972200
QCOM,2026-01-06,177.2100067138672,184.4499969482422,176.6199951171875,182.4499969482422,180.6189422607422,11033900
QCOM,2026-01-07,182.38999938964844,184.07000732421875,177.11000061035156,180.19000244140625,178.3816375732422,9853000
QCOM,2026-01-08,178.8000030517578,184.30999755859375,176.1999969482422,181.8699951171875,180.04476928710938,8353500
QCOM,2026-01-09,178.1199951171875,179.44000244140625,174.8000030517578,177.77999877929688,175.99581909179688,9662200
QCOM,2026-01-12,175.8800048828125,175.8800048828125,169.24000549316406,169.27000427246094,167.5712432861328,13657600
QCOM,2026-01-13,166.97999572753906,168.35000610351562,164.97000122070312,165.2899932861328,163.63116455078125,9993300
QCOM,2026-01-14,163.69000244140625,164.74000549316406,162.35000610351562,164.5399932861328,162.88868713378906,7959900
QCOM,2026-01-15,166.4499969482422,166.5,161.02999877929688,161.38999938964844,159.7703094482422,9241600
QCOM,2026-01-16,161.38999938964844,161.6999969482422,159.2100067138672,159.4199981689453,157.82008361816406,11990800
QCOM,2026-01-20,154.9499969482422,157.72000122070312,153.25,154.07000732421875,152.52377319335938,11971400
QCOM,2026-01-21,156.3300018310547,157.52999877929688,154.6199951171875,156.3699951171875,154.80068969726562,9181900
QCOM,2026-01-22,158.47000122070312,159.42999267578125,156.80999755859375,157.8000030517578,156.21633911132812,7450300
QCOM,2026-01-23,157.0399932861328,157.97999572753906,154.85000610351562,155.82000732421875,154.2562255859375,7106700
QCOM,2026-01-26,154.8000030517578,156.1999969482422,154.3000030517578,154.52000427246094,152.96925354003906,8004200
QCOM,2026-01-27,156.3300018310547,156.74000549316406,152.66000366210938,153.0399932861328,151.5041046142578,8354600
QCOM,2026-01-28,152.0,154.0,150.39999389648438,152.6999969482422,151.16751098632812,8539000
QCOM,2026-01-29,153.08999633789062,153.22999572753906,149.72999572753906,152.22000122070312,150.6923370361328,9142900
QCOM,2026-01-30,149.9600067138672,153.07000732421875,149.8300018310547,151.58999633789062,150.0686492919922,9577200
QCOM,2026-02-02,150.97000122070312,153.63999938964844,150.82000732421875,152.6199951171875,151.08831787109375,9099100
QCOM,2026-02-03,150.72000122070312,150.72000122070312,144.3000030517578,147.17999267578125,145.70291137695312,11966400
QCOM,2026-02-04,148.7100067138672,153.47000122070312,148.1699981689453,148.88999938964844,147.395751953125,19249300
QCOM,2026-02-05,132.9199981689453,139.3300018310547,132.72999572753906,136.3000030517578,134.93211364746094,30229600
QCOM,2026-02-06,136.8699951171875,139.14999389648438,135.27999877929688,137.33999633789062,135.961669921875,15036800
QCOM,2026-02-09,137.10000610351562,139.94000244140625,136.5,138.92999267578125,137.53570556640625,11022700
QCOM,2026-02-10,138.14999389648438,140.41000366210938,136.7899932861328,140.08999633789062,138.68406677246094,9762900
QCOM,2026-02-11,140.02999877929688,142.38999938964844,139.11000061035156,141.0399932861328,139.62452697753906,9379300
QCOM,2026-02-12,140.86000061035156,141.5,136.74000549316406,138.47000122070312,137.08033752441406,12416600
QCOM,2026-02-13,137.1199951171875,141.47999572753906,136.74000549316406,140.6999969482422,139.28794860839844,13134400
QCOM,2026-02-17,141.0,143.5,140.00999450683594,142.6300048828125,141.19857788085938,10670700
QCOM,2026-02-18,143.5,144.47999572753906,140.72000122070312,143.24000549316406,141.80245971679688,9944500
QCOM,2026-02-19,141.8800048828125,142.32000732421875,139.89999389648438,141.27000427246094,139.85223388671875,8219400
QCOM,2026-02-20,140.30999755859375,144.07000732421875,140.10000610351562,142.8800048828125,141.44607543945312,10265100
QCOM,2026-02-23,141.97000122070312,144.05999755859375,139.63999938964844,140.41000366210938,139.00086975097656,8260100
QCOM,2026-02-24,142.55999755859375,146.3699951171875,142.05999755859375,144.77999877929688,143.32701110839844,11085700
QCOM,2026-02-25,145.60000610351562,146.02999877929688,144.02000427246094,145.82000732421875,144.35658264160156,7358300
QCOM,2026-02-26,145.9199981689453,146.94000244140625,144.52000427246094,145.58999633789062,144.12887573242188,8642100
QCOM,2026-02-27,142.86000061035156,143.91000366210938,141.35000610351562,142.36000061035156,140.93128967285156,12439900
QCOM,2026-03-02,137.8300018310547,142.00999450683594,136.88999938964844,141.02999877929688,139.61463928222656,8963900
QCOM,2026-03-03,138.27000427246094,139.1999969482422,136.3000030517578,138.1300048828125,136.74375915527344,10372400
QCOM,2026-03-04,138.22000122070312,139.88999938964844,137.4199981689453,139.50999450683594,138.10989379882812,9309800
QCOM,2026-03-05,137.58999633789062,139.66000366210938,135.8000030517578,137.0,136.49586486816406,8981000
QCOM,2026-03-06,134.1699981689453,137.17999267578125,133.4199981689453,135.69000244140625,135.190673828125,9197000
QCOM,2026-03-09,133.49000549316406,138.5800018310547,132.4600067138672,138.11000061035156,137.60177612304688,12304600
QCOM,2026-03-10,134.6999969482422,136.75,132.16000366210938,135.1999969482422,134.70248413085938,10447300
QCOM,2026-03-11,136.4499969482422,138.1999969482422,133.9600067138672,134.1199951171875,133.62644958496094,7830500
QCOM,2026-03-12,133.47000122070312,134.8699951171875,130.61000061035156,131.14999389648438,130.66737365722656,9162800
QCOM,2026-03-13,131.14999389648438,133.4199981689453,129.22000122070312,129.82000732421875,129.34228515625,7786700
QCOM,2026-03-16,131.07000732421875,131.8699951171875,128.94000244140625,129.38999938964844,128.9138641357422,10132900
QCOM,2026-03-17,133.52000427246094,134.0500030517578,131.17999267578125,131.58999633789062,131.1057586669922,10544300
QCOM,2026-03-18,130.72999572753906,132.74000549316406,129.92999267578125,130.47000122070312,129.98988342285156,9894300
QCOM,2026-03-19,129.13999938964844,132.67999267578125,128.89999389648438,131.27999877929688,130.79690551757812,9846700
QCOM,2026-03-20,131.30999755859375,132.75,129.77999877929688,129.89999389648438,129.42198181152344,78568000
QCOM,2026-03-23,133.14999389648438,133.97000122070312,127.41000366210938,128.35000610351562,127.87769317626953,11431600
QCOM,2026-03-24,128.33999633789062,129.17999267578125,127.30999755859375,128.6699981689453,128.19650268554688,8409200
QCOM,2026-03-25,130.16000366210938,131.92999267578125,129.9499969482422,130.35000610351562,129.87033081054688,6669400
QCOM,2026-03-26,128.7899932861328,132.33999633789062,128.30999755859375,130.5399932861328,130.0596160888672,11912500
QCOM,2026-03-27,129.88999938964844,130.0399932861328,126.68000030517578,127.11000061035156,126.64225006103516,8964900
QCOM,2026-03-30,127.44999694824219,128.60000610351562,126.33999633789062,127.06999969482422,126.60240173339844,11555900
QCOM,2026-03-31,128.39999389648438,129.2899932861328,125.77999877929688,128.77999877929688,128.3061065673828,12219800
QCOM,2026-04-01,128.0,130.22999572753906,126.9800033569336,127.27999877929688,126.8116226196289,10210700
QCOM,2026-04-02,125.2300033569336,127.0,124.01000213623047,126.80000305175781,126.3333969116211,8575300
QCOM,2026-04-06,126.55999755859375,127.43000030517578,123.70999908447266,125.7300033569336,125.267333984375,8038600
QCOM,2026-04-07,125.06999969482422,125.41000366210938,121.98999786376953,124.06999969482422,123.61344146728516,8840400
QCOM,2026-04-08,128.64999389648438,128.88999938964844,125.62000274658203,127.51000213623047,127.04077911376953,12535800
QCOM,2026-04-09,127.26000213623047,128.58999633789062,126.80000305175781,127.75,127.27989959716797,9352700
QCOM,2026-04-10,128.8000030517578,130.61000061035156,127.8499984741211,128.05999755859375,127.58875274658203,8427400
QCOM,2026-04-13,128.0,131.30999755859375,126.45999908447266,131.24000549316406,130.75706481933594,8615000
QCOM,2026-04-14,132.1999969482422,132.94000244140625,131.0500030517578,132.83999633789062,132.35116577148438,7608300
QCOM,2026-04-15,133.44000244140625,134.33999633789062,132.27999877929688,133.0500030517578,132.56039428710938,9691500
QCOM,2026-04-16,131.7899932861328,135.6999969482422,131.7899932861328,134.47000122070312,133.9751739501953,8163700
QCOM,2026-04-17,136.69000244140625,136.97000122070312,134.41000366210938,136.1999969482422,135.69879150390625,9667600
QCOM,2026-04-20,136.41000366210938,138.5,136.0800018310547,137.52000427246094,137.01394653320312,7953800
QCOM,2026-04-21,138.1199951171875,138.25999450683594,135.0500030517578,135.55999755859375,135.0611572265625,11874600
QCOM,2026-04-22,136.63999938964844,137.49000549316406,135.5500030517578,136.07000732421875,135.5692901611328,9432700
QCOM,2026-04-23,136.0,136.99000549316406,132.0500030517578,133.9499969482422,133.4570770263672,10164900
QCOM,2026-04-24,145.61000061035156,151.5399932861328,143.5800018310547,148.85000610351562,148.30226135253906,29449600
QCOM,2026-04-27,156.30999755859375,161.0,147.0500030517578,150.25999450683594,149.70706176757812,41744000
QCOM,2026-04-28,145.0800018310547,151.5,144.0,150.0,149.44801330566406,22921300
QCOM,2026-04-29,151.4499969482422,157.2899932861328,151.0,156.0,155.42593383789062,37571200
QCOM,2026-04-30,172.0500030517578,186.88999938964844,163.55999755859375,179.5800018310547,178.91917419433594,61132700
QCOM,2026-05-01,179.1300048828125,179.99000549316406,171.14999389648438,177.00999450683594,176.35862731933594,21111500
QCOM,2026-05-04,177.22000122070312,180.49000549316406,166.8300018310547,168.3800048828125,167.76039123535156,23117400
QCOM,2026-05-05,167.64999389648438,187.22000122070312,164.7899932861328,186.5500030517578,185.863525390625,34274900
QCOM,2026-05-06,195.17999267578125,197.5,188.22000122070312,192.57000732421875,191.8613739013672,30145000
QCOM,2026-05-07,190.6699981689453,223.66000366210938,187.63999938964844,202.5500030517578,201.8046417236328,51092200
QCOM,2026-05-08,213.0,228.0500030517578,208.6300048828125,219.08999633789062,218.2837677001953,37850000
QCOM,2026-05-11,232.00999450683594,247.89999389648438,231.1999969482422,237.52999877929688,236.65591430664062,45474000
QCOM,2026-05-12,229.83999633789062,230.0,202.0,210.30999755859375,209.5360870361328,38590100
QCOM,2026-05-13,216.6300048828125,219.49000549316406,207.14999389648438,213.1699981689453,212.38555908203125,26226300
QCOM,2026-05-14,208.50999450683594,209.52999877929688,199.66000366210938,200.0800018310547,199.34373474121094,24883900
QCOM,2026-05-15,201.64999389648438,207.39999389648438,199.16000366210938,201.49000549316406,200.74855041503906,25876800
QCOM,2026-05-18,206.77000427246094,210.8000030517578,193.5800018310547,203.63999938964844,202.890625,21082500
QCOM,2026-05-19,196.86000061035156,201.5,191.02000427246094,195.61000061035156,194.8901824951172,19605200
QCOM,2026-05-20,197.0,203.58999633789062,194.0,202.50999450683594,201.76478576660156,19037500
QCOM,2026-05-21,202.77999877929688,214.00999450683594,197.60000610351562,213.41000366210938,212.6246795654297,28163700
QCOM,2026-05-22,214.42999267578125,243.0,214.1699981689453,238.16000366210938,237.28359985351562,30375700
QCOM,2026-05-26,240.72000122070312,258.0,235.8000030517578,248.82000732421875,247.90438842773438,30646400
QCOM,2026-05-27,245.42999267578125,248.27000427246094,224.17999267578125,233.39999389648438,232.54110717773438,25694700
QCOM,2026-05-28,236.0,249.4600067138672,231.52000427246094,243.2899932861328,242.39471435546875,21118400
QCOM,2026-05-29,250.19000244140625,259.9200134277344,247.50999450683594,251.02000427246094,250.09628295898438,28781800
QCOM,2026-06-01,233.3300018310547,238.02000427246094,226.80999755859375,228.99000549316406,228.14735412597656,21185200
QCOM,2026-06-02,232.0,245.19000244140625,226.0500030517578,240.83999633789062,239.9537353515625,18508500
QCOM,2026-06-03,235.02000427246094,255.08999633789062,233.02000427246094,250.00999450683594,249.08999633789062,19467000
QCOM,2026-06-04,239.4499969482422,246.6999969482422,235.32000732421875,242.57000732421875,242.57000732421875,14185600
QCOM,2026-06-05,237.64999389648438,238.44000244140625,215.0,215.94000244140625,215.94000244140625,24189200
QCOM,2026-06-08,221.02999877929688,221.92999267578125,214.6300048828125,217.77000427246094,217.77000427246094,17180600
QCOM,2026-06-09,216.4600067138672,219.63999938964844,192.6699981689453,205.4199981689453,205.4199981689453,29906300
QCOM,2026-06-10,199.4600067138672,204.89999389648438,190.10000610351562,191.1999969482422,191.1999969482422,18426600
QCOM,2026-06-11,190.9199981689453,203.83999633789062,190.75,202.9600067138672,202.9600067138672,18933100
QCOM,2026-06-12,201.85000610351562,215.00999450683594,200.10000610351562,211.72000122070312,211.72000122070312,14123700
QCOM,2026-06-15,219.77000427246094,226.4600067138672,216.27999877929688,220.80999755859375,220.80999755859375,13993800
QCOM,2026-06-16,225.8300018310547,231.19000244140625,213.8000030517578,214.07000732421875,214.07000732421875,19629600
QCOM,2026-06-17,219.0399932861328,221.32000732421875,212.67999267578125,212.97000122070312,212.97000122070312,11955800
QCOM,2026-06-18,220.7100067138672,229.4199981689453,214.72999572753906,226.11000061035156,226.11000061035156,47081500
QQQ,2025-05-30,519.4400024414062,520.6799926757812,511.92999267578125,519.1099853515625,516.6093139648438,67662800
QQQ,2025-06-02,517.239990234375,523.4500122070312,515.969970703125,523.2100219726562,520.689697265625,44762800
QQQ,2025-06-03,523.5599975585938,528.739990234375,522.6900024414062,527.2999877929688,524.7598876953125,44070300
QQQ,2025-06-04,528.010009765625,529.8400268554688,525.969970703125,528.77001953125,526.2228393554688,41359300
QQQ,2025-06-05,530.1799926757812,533.0499877929688,522.6599731445312,524.7899780273438,522.2620239257812,61031200
QQQ,2025-06-06,530.0,531.7999877929688,528.2100219726562,529.9199829101562,527.3673095703125,42467000
QQQ,2025-06-09,530.1400146484375,532.3499755859375,529.010009765625,530.7000122070312,528.1435546875,33688700
QQQ,2025-06-10,531.1699829101562,534.9000244140625,528.8900146484375,534.2100219726562,531.63671875,40664800
QQQ,2025-06-11,535.6199951171875,536.780029296875,530.1099853515625,532.4099731445312,529.8453369140625,53701000
QQQ,2025-06-12,531.0900268554688,534.6400146484375,530.8400268554688,533.6599731445312,531.0892333984375,34104900
QQQ,2025-06-13,527.6799926757812,531.8699951171875,525.72998046875,526.9600219726562,524.421630859375,55814400
QQQ,2025-06-16,530.5,535.3699951171875,530.4500122070312,534.2899780273438,531.7161865234375,37622100
QQQ,2025-06-17,531.7100219726562,533.3300170898438,527.9099731445312,529.0800170898438,526.5313720703125,42180900
QQQ,2025-06-18,530.0999755859375,532.5499877929688,527.4000244140625,528.989990234375,526.4417724609375,43983500
QQQ,2025-06-20,532.260009765625,533.5599975585938,524.8800048828125,526.8300170898438,524.2921752929688,61643500
QQQ,2025-06-23,526.8099975585938,532.1699829101562,523.6500244140625,531.6500244140625,529.6832275390625,50666100
QQQ,2025-06-24,536.8900146484375,540.7000122070312,536.27001953125,539.780029296875,537.7831420898438,45442000
QQQ,2025-06-25,542.0599975585938,543.3099975585938,539.3800048828125,541.1599731445312,539.157958984375,44804200
QQQ,2025-06-26,543.3499755859375,546.6699829101562,541.52001953125,546.219970703125,544.1992797851562,43811400
QQQ,2025-06-27,547.260009765625,549.989990234375,544.5399780273438,548.0900268554688,546.0623779296875,57577100
QQQ,2025-06-30,551.260009765625,552.7999877929688,549.010009765625,551.6400146484375,549.5992431640625,45548700
QQQ,2025-07-01,549.72998046875,550.7100219726562,544.6599731445312,546.989990234375,544.9664306640625,56166700
QQQ,2025-07-02,546.1599731445312,551.0,546.1199951171875,550.7999877929688,548.7623291015625,36538300
QQQ,2025-07-03,553.1799926757812,557.2000122070312,553.1799926757812,556.219970703125,554.1622924804688,26443500
QQQ,2025-07-07,553.52001953125,554.3400268554688,549.5800170898438,552.030029296875,549.9878540039062,45349300
QQQ,2025-07-08,553.3800048828125,554.010009765625,551.0999755859375,552.3400268554688,550.2967529296875,36153300
QQQ,2025-07-09,554.47998046875,557.6300048828125,553.0999755859375,556.25,554.1921997070312,43045500
QQQ,2025-07-10,556.8900146484375,557.2999877929688,552.75,555.4500122070312,553.3952026367188,34710900
QQQ,2025-07-11,553.2999877929688,555.7899780273438,552.0499877929688,554.2000122070312,552.1497192382812,39618600
QQQ,2025-07-14,553.989990234375,556.9500122070312,551.6300048828125,556.2100219726562,554.15234375,36453300
QQQ,2025-07-15,560.25,560.7999877929688,556.6599731445312,556.719970703125,554.660400390625,43277700
QQQ,2025-07-16,557.280029296875,560.2100219726562,551.5599975585938,557.2899780273438,555.2283325195312,52314700
QQQ,2025-07-17,558.02001953125,562.3099975585938,557.2100219726562,561.7999877929688,559.7216186523438,40423800
QQQ,2025-07-18,563.1199951171875,564.72998046875,559.97998046875,561.260009765625,559.1836547851562,50484700
QQQ,2025-07-21,562.0900268554688,566.0599975585938,562.0599975585938,564.1699829101562,562.0828857421875,39595200
QQQ,2025-07-22,564.2999877929688,564.3499755859375,558.6099853515625,561.25,559.1737060546875,43270600
QQQ,2025-07-23,562.3400268554688,563.8499755859375,559.5800170898438,563.8099975585938,561.7241821289062,40215300
QQQ,2025-07-24,565.1300048828125,566.239990234375,563.2899780273438,565.010009765625,562.9197998046875,42275500
QQQ,2025-07-25,564.9299926757812,567.7000122070312,564.27001953125,566.3699951171875,564.2747802734375,30630800
QQQ,2025-07-28,567.739990234375,569.0399780273438,566.8699951171875,568.1400146484375,566.0381469726562,31498700
QQQ,2025-07-29,570.760009765625,572.1099853515625,566.530029296875,567.260009765625,565.1614379882812,45463300
QQQ,2025-07-30,568.1799926757812,570.6199951171875,565.0499877929688,568.02001953125,565.918701171875,43433800
QQQ,2025-07-31,574.5399780273438,574.6300048828125,563.8699951171875,565.010009765625,562.9197998046875,64613600
QQQ,2025-08-01,558.8300170898438,559.02001953125,551.6799926757812,553.8800048828125,551.8309326171875,69400800
QQQ,2025-08-04,559.0499877929688,564.3200073242188,558.9500122070312,564.0999755859375,562.0131225585938,47669800
QQQ,2025-08-05,565.3900146484375,566.5599975585938,559.72998046875,560.27001953125,558.197265625,48666600
QQQ,2025-08-06,561.1099853515625,567.760009765625,560.6300048828125,567.3200073242188,565.2212524414062,41823700
QQQ,2025-08-07,571.6699829101562,573.3200073242188,565.1099853515625,569.239990234375,567.1340942382812,44463000
QQQ,2025-08-08,570.4500122070312,574.77001953125,570.1500244140625,574.5499877929688,572.4244384765625,35255500
QQQ,2025-08-11,574.6900024414062,576.7999877929688,571.5700073242188,572.8499755859375,570.730712890625,33112900
QQQ,2025-08-12,575.1599731445312,580.3499755859375,572.489990234375,580.0499877929688,577.9041137695312,42143300
QQQ,2025-08-13,582.760009765625,583.3200073242188,578.9400024414062,580.3400268554688,578.1930541992188,41209300
QQQ,2025-08-14,578.280029296875,581.8800048828125,577.9099731445312,579.8900146484375,577.7447509765625,45425000
QQQ,2025-08-15,579.7999877929688,579.8400268554688,575.5700073242188,577.3400268554688,575.2041625976562,49480200
QQQ,2025-08-18,576.4400024414062,577.77001953125,575.239990234375,577.1099853515625,574.9749755859375,29831000
QQQ,2025-08-19,576.3900146484375,576.5599975585938,568.25,569.280029296875,567.1740112304688,53752600
QQQ,2025-08-20,568.3300170898438,568.4500122070312,558.8400268554688,565.9000244140625,563.8065185546875,76781100
QQQ,2025-08-21,564.3499755859375,566.489990234375,560.97998046875,563.280029296875,561.1961669921875,46436900
QQQ,2025-08-22,564.6699829101562,573.989990234375,563.27001953125,571.969970703125,569.85400390625,51502100
QQQ,2025-08-25,570.4000244140625,573.2899780273438,569.1599731445312,570.3200073242188,568.2100830078125,34044700
QQQ,2025-08-26,569.8300170898438,572.9199829101562,568.7999877929688,572.6099853515625,570.4916381835938,34103000
QQQ,2025-08-27,571.5900268554688,574.4099731445312,570.3699951171875,573.489990234375,571.368408203125,36927100
QQQ,2025-08-28,574.1099853515625,578.0,572.4600219726562,577.0800170898438,574.9451293945312,46787900
QQQ,2025-08-29,574.6599731445312,575.030029296875,568.5399780273438,570.4000244140625,568.2898559570312,56030400
QQQ,2025-09-02,561.3099975585938,565.969970703125,559.5399780273438,565.6199951171875,563.5275268554688,65876800
QQQ,2025-09-03,569.22998046875,571.7000122070312,566.72998046875,570.0700073242188,567.9611206054688,54230200
QQQ,2025-09-04,570.739990234375,575.5999755859375,569.030029296875,575.22998046875,573.1019287109375,47526300
QQQ,2025-09-05,580.489990234375,581.1199951171875,571.530029296875,576.0599975585938,573.9288330078125,68342500
QQQ,2025-09-08,578.3699951171875,580.8400268554688,577.77001953125,578.8699951171875,576.7284545898438,46371400
QQQ,2025-09-09,579.6699829101562,580.9400024414062,577.0399780273438,580.510009765625,578.3624877929688,44007600
QQQ,2025-09-10,583.739990234375,583.77001953125,578.5499877929688,580.7000122070312,578.5517578125,49308000
QQQ,2025-09-11,583.239990234375,584.8800048828125,581.6199951171875,584.0800170898438,581.919189453125,44745800
QQQ,2025-09-12,585.0399780273438,587.8599853515625,584.0999755859375,586.6599731445312,584.4896240234375,50745900
QQQ,2025-09-15,588.4400024414062,591.7899780273438,588.2899780273438,591.6799926757812,589.4910888671875,44360300
QQQ,2025-09-16,592.6099853515625,592.8599853515625,590.489990234375,591.1799926757812,588.9929809570312,36942100
QQQ,2025-09-17,591.0999755859375,591.75,584.3699951171875,590.0,587.8173217773438,69384800
QQQ,2025-09-18,594.9099731445312,598.1400146484375,592.9600219726562,595.3200073242188,593.1176147460938,61069300
QQQ,2025-09-19,597.3300170898438,600.0499877929688,595.8499755859375,599.3499755859375,597.1326904296875,58196100
QQQ,2025-09-22,597.739990234375,602.8699951171875,597.719970703125,602.2000122070312,600.667724609375,57154800
QQQ,2025-09-23,602.3699951171875,602.5700073242188,596.97998046875,598.2000122070312,596.6779174804688,64635500
QQQ,2025-09-24,599.5800170898438,599.9000244140625,593.3599853515625,596.0999755859375,594.583251953125,49850300
QQQ,2025-09-25,592.2000122070312,595.1199951171875,588.5,593.530029296875,592.0198364257812,70920200
QQQ,2025-09-26,594.3499755859375,596.2999877929688,591.0599975585938,595.969970703125,594.4535522460938,54337400
QQQ,2025-09-29,599.1099853515625,602.0499877929688,597.4099731445312,598.72998046875,597.20654296875,48332900
QQQ,2025-09-30,598.4299926757812,600.7100219726562,596.0999755859375,600.3699951171875,598.8424072265625,46533800
QQQ,2025-10-01,597.1699829101562,603.7899780273438,596.3400268554688,603.25,601.7150268554688,46899600
QQQ,2025-10-02,607.0599975585938,607.1599731445312,602.9299926757812,605.72998046875,604.188720703125,43765400
QQQ,2025-10-03,606.510009765625,607.3300170898438,601.3900146484375,603.1799926757812,601.645263671875,46482100
QQQ,2025-10-06,608.4500122070312,609.3599853515625,605.969970703125,607.7100219726562,606.1636962890625,41962100
QQQ,2025-10-07,609.02001953125,609.7100219726562,603.030029296875,604.510009765625,602.9718627929688,58209500
QQQ,2025-10-08,605.4099731445312,611.75,605.260009765625,611.4400024414062,609.88427734375,50629800
QQQ,2025-10-09,611.47998046875,611.6099853515625,607.47998046875,610.7000122070312,609.1461181640625,45551000
QQQ,2025-10-10,611.4000244140625,613.1799926757812,589.0499877929688,589.5,588.0000610351562,97614800
QQQ,2025-10-13,599.6799926757812,602.9500122070312,597.22998046875,602.010009765625,600.4782104492188,65872600
QQQ,2025-10-14,595.3099975585938,602.6900024414062,590.1300048828125,598.0,596.4783935546875,69203200
QQQ,2025-10-15,604.010009765625,606.7000122070312,595.9299926757812,602.219970703125,600.6876220703125,62805500
QQQ,2025-10-16,605.1099853515625,608.3099975585938,595.5,599.989990234375,598.4633178710938,70982000
QQQ,2025-10-17,597.9500122070312,605.510009765625,596.3699951171875,603.9299926757812,602.393310546875,72024900
QQQ,2025-10-20,607.1400146484375,612.7999877929688,607.0700073242188,611.5399780273438,609.98388671875,45761700
QQQ,2025-10-21,611.6400146484375,612.719970703125,609.3200073242188,611.3800048828125,609.8244018554688,44538200
QQQ,2025-10-22,610.8200073242188,611.4099731445312,599.739990234375,605.489990234375,603.9493408203125,61478800
QQQ,2025-10-23,604.9099731445312,611.3699951171875,604.52001953125,610.5800170898438,609.0264282226562,42844300
QQQ,2025-10-24,615.989990234375,618.4199829101562,615.1300048828125,617.0999755859375,615.52978515625,47632500
QQQ,2025-10-27,624.52001953125,628.5499877929688,624.030029296875,628.0900268554688,626.4918823242188,54098600
QQQ,2025-10-28,630.3599853515625,634.6799926757812,629.25,632.9199829101562,631.3095703125,61195700
QQQ,2025-10-29,635.5900268554688,637.010009765625,630.25,635.77001953125,634.15234375,67422800
QQQ,2025-10-30,632.1699829101562,633.5,625.9400024414062,626.0499877929688,624.45703125,61628600
QQQ,2025-10-31,634.1699829101562,634.2000122070312,626.6900024414062,629.0700073242188,627.4693603515625,66305100
QQQ,2025-11-03,635.1099853515625,635.8200073242188,629.8499755859375,632.0800170898438,630.4716796875,37154300
QQQ,2025-11-04,623.280029296875,626.9500122070312,618.4600219726562,619.25,617.6743774414062,63830800
QQQ,2025-11-05,618.489990234375,626.5999755859375,617.2100219726562,623.280029296875,621.6941528320312,48688500
QQQ,2025-11-06,621.7899780273438,622.0399780273438,610.2999877929688,611.6699829101562,610.1136474609375,72115100
QQQ,2025-11-07,608.3099975585938,609.9500122070312,598.6699829101562,609.739990234375,608.1885375976562,81835400
QQQ,2025-11-10,618.9199829101562,624.3099975585938,616.8900146484375,623.22998046875,621.6442260742188,55919900
QQQ,2025-11-11,620.5700073242188,622.719970703125,617.52001953125,621.5700073242188,619.9884643554688,44868800
QQQ,2025-11-12,624.8400268554688,624.8599853515625,617.8099975585938,621.0800170898438,619.4996948242188,47444400
QQQ,2025-11-13,617.5399780273438,618.1199951171875,606.0800170898438,608.4000244140625,606.8519897460938,71333600
QQQ,2025-11-14,599.5499877929688,613.3499755859375,597.1699829101562,608.8599853515625,607.310791015625,80087300
QQQ,2025-11-17,606.2999877929688,612.47998046875,599.8699951171875,603.6599731445312,602.1240234375,63850400
QQQ,2025-11-18,599.6199951171875,602.3099975585938,591.3400268554688,596.3099975585938,594.792724609375,83327300
QQQ,2025-11-19,597.0700073242188,606.1599731445312,594.5900268554688,599.8699951171875,598.3436889648438,73111500
QQQ,2025-11-20,611.6199951171875,614.030029296875,584.75,585.6699829101562,584.1798095703125,117743200
QQQ,2025-11-21,587.469970703125,596.97998046875,580.739990234375,590.0700073242188,588.568603515625,103344200
QQQ,2025-11-24,595.280029296875,606.6799926757812,595.1599731445312,605.1599731445312,603.6201782226562,60168100
QQQ,2025-11-25,603.510009765625,610.260009765625,597.3200073242188,608.8900146484375,607.3406982421875,57560900
QQQ,2025-11-26,612.510009765625,616.1900024414062,610.3900146484375,614.27001953125,612.70703125,42393600
QQQ,2025-11-28,616.1099853515625,619.3200073242188,615.4199829101562,619.25,617.6743774414062,23034400
QQQ,2025-12-01,613.6300048828125,619.4400024414062,612.52001953125,617.1699829101562,615.599609375,40957600
QQQ,2025-12-02,619.4600219726562,623.75,617.5900268554688,622.0,620.4173583984375,54541800
QQQ,2025-12-03,619.6199951171875,624.219970703125,618.030029296875,623.52001953125,621.9335327148438,47841600
QQQ,2025-12-04,624.9299926757812,624.9400024414062,619.5399780273438,622.9400024414062,621.35498046875,47067800
QQQ,2025-12-05,624.3800048828125,628.9199829101562,623.7100219726562,625.47998046875,623.8884887695312,53614200
QQQ,2025-12-08,627.2100219726562,628.8400268554688,621.6900024414062,624.280029296875,622.6915893554688,43462400
QQQ,2025-12-09,623.010009765625,625.8699951171875,621.0,625.0499877929688,623.4595947265625,37156000
QQQ,2025-12-10,623.8499755859375,629.2100219726562,620.989990234375,627.6099853515625,626.0130615234375,55031400
QQQ,2025-12-11,623.8200073242188,625.780029296875,617.719970703125,625.5800170898438,623.98828125,58272800
QQQ,2025-12-12,622.0800170898438,623.5399780273438,611.3599853515625,613.6199951171875,612.0587158203125,75158700
QQQ,2025-12-15,618.3699951171875,618.4199829101562,609.3200073242188,610.5399780273438,608.9865112304688,49538200
QQQ,2025-12-16,608.260009765625,613.510009765625,606.9099731445312,611.75,610.1934204101562,55152800
QQQ,2025-12-17,613.0599975585938,613.6500244140625,600.280029296875,600.4099731445312,598.8822631835938,70654300
QQQ,2025-12-18,609.7999877929688,612.9299926757812,606.9199829101562,609.1099853515625,607.5601806640625,78875800
QQQ,2025-12-19,611.9500122070312,617.6199951171875,611.8699951171875,617.0499877929688,615.4799194335938,60369800
QQQ,2025-12-22,621.3499755859375,621.6500244140625,617.77001953125,619.2100219726562,618.4302368164062,43703100
QQQ,2025-12-23,618.2000122070312,622.4099731445312,617.780029296875,622.1099853515625,621.3265380859375,41120400
QQQ,2025-12-24,621.989990234375,624.280029296875,621.719970703125,623.9299926757812,623.144287109375,18468700
QQQ,2025-12-26,624.6599731445312,625.52001953125,623.1400146484375,623.8900146484375,623.1043090820312,28959800
QQQ,2025-12-29,620.0999755859375,622.780029296875,618.72998046875,620.8699951171875,620.088134765625,32458300
QQQ,2025-12-30,619.8400268554688,622.1799926757812,619.219970703125,619.4299926757812,618.64990234375,31226800
QQQ,2025-12-31,619.6500244140625,619.9600219726562,614.0499877929688,614.3099975585938,613.536376953125,40746500
QQQ,2026-01-02,620.0599975585938,622.8499755859375,610.1500244140625,613.1199951171875,612.347900390625,61859200
QQQ,2026-01-05,619.3200073242188,620.8099975585938,616.719970703125,617.989990234375,617.2117309570312,46828400
QQQ,2026-01-06,619.22998046875,624.02001953125,618.5399780273438,623.4199829101562,622.6348876953125,43137500
QQQ,2026-01-07,623.0399780273438,627.9400024414062,622.5599975585938,624.02001953125,623.2341918945312,44880300
QQQ,2026-01-08,623.030029296875,623.4199829101562,617.7999877929688,620.469970703125,619.6885986328125,50435900
QQQ,2026-01-09,621.4099731445312,627.8900146484375,619.0599975585938,626.6500244140625,625.86083984375,49688700
QQQ,2026-01-12,622.3099975585938,628.8499755859375,622.260009765625,627.1699829101562,626.3801879882812,37388700
QQQ,2026-01-13,627.27001953125,629.469970703125,623.7000122070312,626.239990234375,625.4513549804688,44481400
QQQ,2026-01-14,622.239990234375,623.4500122070312,614.5599975585938,619.5499877929688,618.769775390625,72598700
QQQ,2026-01-15,626.5999755859375,630.0,620.75,621.780029296875,620.9970092773438,53934900
QQQ,2026-01-16,625.5,626.0800170898438,618.8800048828125,621.260009765625,620.4776611328125,61058100
QQQ,2026-01-20,610.530029296875,615.0599975585938,607.0499877929688,608.0599975585938,607.2942504882812,81988900
QQQ,2026-01-21,609.469970703125,620.4199829101562,607.8599853515625,616.280029296875,615.50390625,79837900
QQQ,2026-01-22,622.3499755859375,622.4600219726562,617.780029296875,620.760009765625,619.978271484375,42254800
QQQ,2026-01-23,619.72998046875,625.4000244140625,618.6500244140625,622.719970703125,621.935791015625,43645800
QQQ,2026-01-26,623.2100219726562,627.6099853515625,622.1199951171875,625.4600219726562,624.67236328125,35983000
QQQ,2026-01-27,628.9099731445312,632.0399780273438,627.3400268554688,631.1300048828125,630.335205078125,38997200
QQQ,2026-01-28,635.4600219726562,636.5999755859375,631.8099975585938,633.219970703125,632.4225463867188,50691700
QQQ,2026-01-29,632.6500244140625,633.6699829101562,618.27001953125,629.4299926757812,628.6373291015625,79944000
QQQ,2026-01-30,625.7100219726562,628.260009765625,619.2999877929688,621.8699951171875,621.0868530273438,65650700
QQQ,2026-02-02,618.7000122070312,628.489990234375,618.6599731445312,626.1400146484375,625.3515014648438,49020300
QQQ,2026-02-03,628.2999877929688,629.97998046875,610.9600219726562,616.52001953125,615.7435913085938,81234000
QQQ,2026-02-04,615.02001953125,615.0999755859375,600.469970703125,605.75,604.9871826171875,81850700
QQQ,2026-02-05,600.2100219726562,604.8099975585938,594.760009765625,597.030029296875,596.2781982421875,89354500
QQQ,2026-02-06,600.1900024414062,611.4099731445312,598.77001953125,609.6500244140625,608.8822631835938,78019300
QQQ,2026-02-09,607.5399780273438,616.4600219726562,605.0700073242188,614.3200073242188,613.54638671875,56797600
QQQ,2026-02-10,615.3099975585938,617.02001953125,611.010009765625,611.469970703125,610.699951171875,53938900
QQQ,2026-02-11,616.3800048828125,617.52001953125,607.6900024414062,613.1099853515625,612.337890625,58575100
QQQ,2026-02-12,614.7100219726562,615.8099975585938,599.5700073242188,600.6400146484375,599.8836059570312,81378900
QQQ,2026-02-13,600.4299926757812,606.47998046875,596.4199829101562,601.9199829101562,601.1619873046875,69237500
QQQ,2026-02-17,598.3800048828125,603.9500122070312,593.3400268554688,601.2999877929688,600.542724609375,69013800
QQQ,2026-02-18,602.1099853515625,609.77001953125,600.719970703125,605.7899780273438,605.027099609375,64250700
QQQ,2026-02-19,602.8099975585938,605.8200073242188,600.75,603.469970703125,602.7100219726562,60960800
QQQ,2026-02-20,600.1199951171875,610.3499755859375,599.22998046875,608.8099975585938,608.0433349609375,74127300
QQQ,2026-02-23,606.6099853515625,608.010009765625,599.0499877929688,601.4099731445312,600.652587890625,63859100
QQQ,2026-02-24,602.4000244140625,608.989990234375,599.72998046875,607.8699951171875,607.1044921875,55023700
QQQ,2026-02-25,611.0700073242188,616.8300170898438,611.0,616.6799926757812,615.9033813476562,55710700
QQQ,2026-02-26,615.5900268554688,615.5900268554688,603.97998046875,609.239990234375,608.4727783203125,96178900
QQQ,2026-02-27,602.97998046875,608.3200073242188,602.1900024414062,607.2899780273438,606.5252075195312,68125200
QQQ,2026-03-02,598.8599853515625,609.9199829101562,597.989990234375,608.0900268554688,607.32421875,75264600
QQQ,2026-03-03,596.3300170898438,603.9600219726562,591.8699951171875,601.5800170898438,600.8224487304688,97015500
QQQ,2026-03-04,604.1599731445312,612.8800048828125,603.4299926757812,610.75,609.9808959960938,70943900
QQQ,2026-03-05,607.4000244140625,612.760009765625,602.260009765625,608.9099731445312,608.1431274414062,89602400
QQQ,2026-03-06,600.3099975585938,606.0,598.3300170898438,599.75,598.9946899414062,86302300
QQQ,2026-03-09,594.22998046875,609.27001953125,591.3300170898438,607.760009765625,606.99462890625,93068200
QQQ,2026-03-10,607.780029296875,613.2899780273438,605.4199829101562,607.77001953125,607.004638671875,64078900
QQQ,2026-03-11,608.9500122070312,612.4299926757812,605.030029296875,607.6900024414062,606.9247436523438,60114800
QQQ,2026-03-12,602.760009765625,604.1400146484375,597.0499877929688,597.260009765625,596.5078735351562,71836600
QQQ,2026-03-13,599.72998046875,603.5999755859375,592.5700073242188,593.719970703125,592.9722900390625,63145500
QQQ,2026-03-16,600.0399780273438,603.8599853515625,599.1099853515625,600.3800048828125,599.6239013671875,49077200
QQQ,2026-03-17,603.1400146484375,605.9000244140625,601.8699951171875,603.3099975585938,602.5502319335938,47106600
QQQ,2026-03-18,601.489990234375,603.1599731445312,594.5599975585938,594.9000244140625,594.15087890625,56128000
QQQ,2026-03-19,589.510009765625,595.7999877929688,587.0800170898438,593.02001953125,592.273193359375,75597600
QQQ,2026-03-20,591.0599975585938,591.1699829101562,578.5399780273438,582.0599975585938,581.3269653320312,91964700
QQQ,2026-03-23,590.52001953125,595.0800170898438,585.9600219726562,588.0,588.0,89936100
QQQ,2026-03-24,584.8099975585938,587.9299926757812,581.9299926757812,583.97998046875,583.97998046875,57750900
QQQ,2026-03-25,589.1400146484375,591.3699951171875,585.6900024414062,587.8200073242188,587.8200073242188,60475500
QQQ,2026-03-26,582.5999755859375,584.6300048828125,573.4299926757812,573.7899780273438,573.7899780273438,81492100
QQQ,2026-03-27,570.8099975585938,571.02001953125,561.5700073242188,562.5800170898438,562.5800170898438,82702200
QQQ,2026-03-30,567.3800048828125,568.0499877929688,555.5999755859375,558.280029296875,558.280029296875,70602600
QQQ,2026-03-31,564.2899780273438,578.6400146484375,564.2100219726562,577.1799926757812,577.1799926757812,95878000
QQQ,2026-04-01,581.47998046875,587.739990234375,580.4199829101562,584.3099975585938,584.3099975585938,79435100
QQQ,2026-04-02,573.969970703125,586.0499877929688,571.9199829101562,584.97998046875,584.97998046875,50941700
QQQ,2026-04-06,586.22998046875,590.6099853515625,584.6900024414062,588.5,588.5,35108500
QQQ,2026-04-07,585.6400146484375,588.97998046875,578.4000244140625,588.5900268554688,588.5900268554688,49948200
QQQ,2026-04-08,608.7100219726562,609.9000244140625,602.1199951171875,606.0900268554688,606.0900268554688,63086000
QQQ,2026-04-09,605.9299926757812,610.5,603.030029296875,610.1900024414062,610.1900024414062,37837500
QQQ,2026-04-10,611.8400268554688,613.6699829101562,609.5800170898438,611.0700073242188,611.0700073242188,34038500
QQQ,2026-04-13,609.47998046875,626.739990234375,608.1099853515625,617.3900146484375,617.3900146484375,32972100
QQQ,2026-04-14,620.219970703125,628.5999755859375,620.0999755859375,628.5999755859375,628.5999755859375,49921100
QQQ,2026-04-15,629.0800170898438,637.8300170898438,628.2000122070312,637.4000244140625,637.4000244140625,50102400
QQQ,2026-04-16,639.2100219726562,642.1799926757812,635.260009765625,640.469970703125,640.469970703125,42320600
QQQ,2026-04-17,645.5900268554688,650.0,644.0700073242188,648.8499755859375,648.8499755859375,53488900
QQQ,2026-04-20,648.0399780273438,648.760009765625,642.52001953125,646.7899780273438,646.7899780273438,37138500
QQQ,2026-04-21,648.4099731445312,650.2000122070312,642.2100219726562,644.3300170898438,644.3300170898438,39580500
QQQ,2026-04-22,650.1500244140625,655.3300170898438,648.52001953125,655.1099853515625,655.1099853515625,37368400
QQQ,2026-04-23,653.5499877929688,656.9199829101562,645.52001953125,651.4199829101562,651.4199829101562,40099800
QQQ,2026-04-24,658.510009765625,664.510009765625,656.530029296875,663.8800048828125,663.8800048828125,45563100
QQQ,2026-04-27,663.4000244140625,664.4299926757812,660.6900024414062,664.22998046875,664.22998046875,32717000
QQQ,2026-04-28,657.4099731445312,659.6400146484375,653.8099975585938,657.5499877929688,657.5499877929688,34147900
QQQ,2026-04-29,658.6300048828125,661.719970703125,656.5900268554688,661.5700073242188,661.5700073242188,31724900
QQQ,2026-04-30,665.3499755859375,668.9000244140625,657.5599975585938,667.739990234375,667.739990234375,40622200
QQQ,2026-05-01,669.1599731445312,675.969970703125,668.7999877929688,674.1500244140625,674.1500244140625,39172600
QQQ,2026-05-04,674.6599731445312,676.72998046875,668.9000244140625,672.8800048828125,672.8800048828125,34542000
QQQ,2026-05-05,677.9600219726562,682.77001953125,677.510009765625,681.6099853515625,681.6099853515625,37101100
QQQ,2026-05-06,687.780029296875,695.9299926757812,686.47998046875,695.77001953125,695.77001953125,38778500
QQQ,2026-05-07,696.5800170898438,701.239990234375,691.77001953125,694.9400024414062,694.9400024414062,43779100
QQQ,2026-05-08,699.9199829101562,711.22998046875,699.5,711.22998046875,711.22998046875,44320400
QQQ,2026-05-11,710.3599853515625,714.5900268554688,708.9099731445312,713.2899780273438,713.2899780273438,36019100
QQQ,2026-05-12,708.219970703125,710.1799926757812,696.6400146484375,707.239990234375,707.239990234375,45873000
QQQ,2026-05-13,709.9600219726562,716.6500244140625,704.8300170898438,714.7100219726562,714.7100219726562,40012500
QQQ,2026-05-14,714.6199951171875,722.030029296875,714.219970703125,719.7899780273438,719.7899780273438,33327500
QQQ,2026-05-15,710.1400146484375,715.1300048828125,705.5499877929688,708.9299926757812,708.9299926757812,51792700
QQQ,2026-05-18,711.5399780273438,712.0700073242188,698.8499755859375,705.8800048828125,705.8800048828125,49834500
QQQ,2026-05-19,699.8099975585938,706.489990234375,695.25,701.530029296875,701.530029296875,46827500
QQQ,2026-05-20,705.2899780273438,713.1500244140625,703.7899780273438,713.1500244140625,713.1500244140625,36779200
QQQ,2026-05-21,708.989990234375,717.1199951171875,706.77001953125,714.510009765625,714.510009765625,36415400
QQQ,2026-05-22,718.0700073242188,722.1199951171875,715.9500122070312,717.5399780273438,717.5399780273438,33118600
QQQ,2026-05-26,725.9600219726562,731.1699829101562,724.1599731445312,730.280029296875,730.280029296875,34254700
QQQ,2026-05-27,732.9600219726562,733.3200073242188,725.4400024414062,729.4500122070312,729.4500122070312,35148700
QQQ,2026-05-28,729.72998046875,736.5999755859375,726.4099731445312,735.5999755859375,735.5999755859375,32840000
QQQ,2026-05-29,737.8400268554688,741.6300048828125,735.25,738.3099975585938,738.3099975585938,37541700
QQQ,2026-06-01,737.0399780273438,745.6500244140625,735.989990234375,742.739990234375,742.739990234375,33890600
QQQ,2026-06-02,742.4000244140625,746.4400024414062,739.22998046875,746.1599731445312,746.1599731445312,30085200
QQQ,2026-06-03,747.3099975585938,748.6500244140625,741.010009765625,744.2100219726562,744.2100219726562,40270200
QQQ,2026-06-04,735.47998046875,743.5,732.6199951171875,740.6099853515625,740.6099853515625,40782600
QQQ,2026-06-05,730.0599975585938,731.6900024414062,704.3200073242188,705.0599975585938,705.0599975585938,99606600
QQQ,2026-06-08,717.8099975585938,723.030029296875,713.0700073242188,716.0700073242188,716.0700073242188,47401500
QQQ,2026-06-09,722.97998046875,725.6599731445312,686.3699951171875,707.8300170898438,707.8300170898438,91932200
QQQ,2026-06-10,701.6599731445312,711.280029296875,692.9299926757812,693.6900024414062,693.6900024414062,65334300
QQQ,2026-06-11,699.2899780273438,718.3699951171875,695.0,717.1199951171875,717.1199951171875,71798900
QQQ,2026-06-12,717.6099853515625,724.010009765625,711.280029296875,721.3400268554688,721.3400268554688,51168400
QQQ,2026-06-15,738.0999755859375,744.760009765625,737.3800048828125,744.0,744.0,46710200
QQQ,2026-06-16,742.25,744.219970703125,729.6400146484375,729.8599853515625,729.8599853515625,45348700
QQQ,2026-06-17,735.1900024414062,735.6799926757812,720.8499755859375,722.510009765625,722.510009765625,51669300
QQQ,2026-06-18,737.2000122070312,741.8200073242188,732.510009765625,740.6199951171875,740.6199951171875,50154600
RIVN,2025-05-30,14.96500015258789,14.979999542236328,14.40999984741211,14.529999732971191,14.529999732971191,40113300
RIVN,2025-06-02,14.399999618530273,14.5,13.845000267028809,14.100000381469727,14.100000381469727,27357400
RIVN,2025-06-03,14.1899995803833,14.680000305175781,14.1899995803833,14.369999885559082,14.369999885559082,22945600
RIVN,2025-06-04,14.369999885559082,14.529999732971191,13.869999885559082,14.010000228881836,14.010000228881836,26241100
RIVN,2025-06-05,14.024999618530273,14.270000457763672,13.61299991607666,13.779999732971191,13.779999732971191,34888200
RIVN,2025-06-06,13.914999961853027,14.135000228881836,13.6899995803833,14.0,14.0,24451500
RIVN,2025-06-09,14.149999618530273,14.550000190734863,13.994999885559082,14.399999618530273,14.399999618530273,27172700
RIVN,2025-06-10,14.59000015258789,14.734999656677246,14.270000457763672,14.399999618530273,14.399999618530273,19586300
RIVN,2025-06-11,14.604999542236328,14.800000190734863,14.0649995803833,14.199999809265137,14.199999809265137,20827200
RIVN,2025-06-12,13.979999542236328,14.130000114440918,13.880000114440918,13.90999984741211,13.90999984741211,14829200
RIVN,2025-06-13,13.574999809265137,13.739999771118164,13.350000381469727,13.420000076293945,13.420000076293945,26990400
RIVN,2025-06-16,13.630000114440918,14.140000343322754,13.449999809265137,13.760000228881836,13.760000228881836,26498600
RIVN,2025-06-17,13.475000381469727,13.6899995803833,13.260000228881836,13.390000343322754,13.390000343322754,21409600
RIVN,2025-06-18,13.4399995803833,13.90999984741211,13.359999656677246,13.770000457763672,13.770000457763672,15930900
RIVN,2025-06-20,13.930000305175781,14.029999732971191,13.385000228881836,13.569999694824219,13.569999694824219,28260200
RIVN,2025-06-23,13.529999732971191,13.930000305175781,13.430000305175781,13.649999618530273,13.649999618530273,22204000
RIVN,2025-06-24,13.835000038146973,13.979999542236328,13.6899995803833,13.8100004196167,13.8100004196167,17736500
RIVN,2025-06-25,13.885000228881836,13.90999984741211,13.531999588012695,13.760000228881836,13.760000228881836,14584900
RIVN,2025-06-26,13.789999961853027,14.140000343322754,13.65999984741211,13.90999984741211,13.90999984741211,17763100
RIVN,2025-06-27,13.944999694824219,13.951000213623047,13.380000114440918,13.600000381469727,13.600000381469727,27501900
RIVN,2025-06-30,13.600000381469727,13.824999809265137,13.5600004196167,13.739999771118164,13.739999771118164,18768700
RIVN,2025-07-01,13.545000076293945,13.550000190734863,12.970000267028809,13.470000267028809,13.470000267028809,30282100
RIVN,2025-07-02,13.300000190734863,13.329999923706055,12.829999923706055,12.869999885559082,12.869999885559082,42320400
RIVN,2025-07-03,12.970000267028809,13.454999923706055,12.890000343322754,13.069999694824219,13.069999694824219,21513400
RIVN,2025-07-07,12.880000114440918,12.920000076293945,12.444000244140625,12.75,12.75,34462300
RIVN,2025-07-08,12.789999961853027,13.369999885559082,12.779999732971191,13.130000114440918,13.130000114440918,28302900
RIVN,2025-07-09,13.1899995803833,13.319999694824219,13.0600004196167,13.199999809265137,13.199999809265137,16207100
RIVN,2025-07-10,13.21500015258789,13.494999885559082,13.194999694824219,13.319999694824219,13.319999694824219,20665200
RIVN,2025-07-11,13.180000305175781,13.4399995803833,13.0,13.029999732971191,13.029999732971191,21163700
RIVN,2025-07-14,12.85099983215332,12.880000114440918,12.550000190734863,12.75,12.75,28208300
RIVN,2025-07-15,12.800000190734863,13.029999732971191,12.619999885559082,12.630000114440918,12.630000114440918,27878300
RIVN,2025-07-16,12.699999809265137,12.699999809265137,11.960000038146973,12.390000343322754,12.390000343322754,41553000
RIVN,2025-07-17,12.739999771118164,13.489999771118164,12.6899995803833,12.899999618530273,12.899999618530273,52110700
RIVN,2025-07-18,13.029999732971191,13.859999656677246,12.800000190734863,13.699999809265137,13.699999809265137,48648400
RIVN,2025-07-21,13.914999961853027,14.149999618530273,13.619999885559082,13.699999809265137,13.699999809265137,35627000
RIVN,2025-07-22,13.649999618530273,14.510000228881836,13.619999885559082,14.119999885559082,14.119999885559082,45193500
RIVN,2025-07-23,14.210000038146973,14.239999771118164,13.770000457763672,14.020000457763672,14.020000457763672,38372200
RIVN,2025-07-24,13.78499984741211,13.890000343322754,13.40999984741211,13.819999694824219,13.819999694824219,39294600
RIVN,2025-07-25,13.890000343322754,14.470000267028809,13.800999641418457,14.010000228881836,14.010000228881836,51134500
RIVN,2025-07-28,14.045000076293945,14.069999694824219,13.710000038146973,13.779999732971191,13.779999732971191,22639700
RIVN,2025-07-29,13.770000457763672,13.829999923706055,13.055000305175781,13.0600004196167,13.0600004196167,38882200
RIVN,2025-07-30,13.109999656677246,13.180000305175781,12.850000381469727,13.029999732971191,13.029999732971191,37652100
RIVN,2025-07-31,12.994999885559082,13.130000114440918,12.800000190734863,12.869999885559082,12.869999885559082,37911500
RIVN,2025-08-01,12.649999618530273,12.699999809265137,12.3100004196167,12.380000114440918,12.380000114440918,42548400
RIVN,2025-08-04,12.5600004196167,12.84000015258789,12.350000381469727,12.40999984741211,12.40999984741211,45497100
RIVN,2025-08-05,12.479999542236328,12.520000457763672,12.062000274658203,12.149999618530273,12.149999618530273,67997400
RIVN,2025-08-06,11.675000190734863,12.260000228881836,11.569999694824219,11.640000343322754,11.640000343322754,67072700
RIVN,2025-08-07,11.770000457763672,12.1899995803833,11.71500015258789,12.069999694824219,12.069999694824219,33230100
RIVN,2025-08-08,12.079999923706055,12.28499984741211,11.779999732971191,11.789999961853027,11.789999961853027,31601200
RIVN,2025-08-11,11.880000114440918,12.329999923706055,11.829999923706055,11.930000305175781,11.930000305175781,40349800
RIVN,2025-08-12,12.079999923706055,12.104999542236328,11.579999923706055,11.970000267028809,11.970000267028809,33584100
RIVN,2025-08-13,12.0,12.345000267028809,11.904999732971191,12.279999732971191,12.279999732971191,25094800
RIVN,2025-08-14,12.0649995803833,12.210000038146973,11.789999961853027,12.0600004196167,12.0600004196167,38053200
RIVN,2025-08-15,12.029999732971191,12.449999809265137,12.010000228881836,12.239999771118164,12.239999771118164,51961800
RIVN,2025-08-18,12.279999732971191,12.479999542236328,12.069999694824219,12.40999984741211,12.40999984741211,38394400
RIVN,2025-08-19,12.449999809265137,12.5,12.069999694824219,12.25,12.25,48702000
RIVN,2025-08-20,12.175000190734863,12.324999809265137,11.880000114440918,12.069999694824219,12.069999694824219,45077400
RIVN,2025-08-21,12.039999961853027,12.149999618530273,11.84000015258789,12.119999885559082,12.119999885559082,42737000
RIVN,2025-08-22,12.170000076293945,13.109999656677246,12.15999984741211,13.09000015258789,13.09000015258789,64603100
RIVN,2025-08-25,13.050000190734863,13.489999771118164,12.90999984741211,13.109999656677246,13.109999656677246,46841300
RIVN,2025-08-26,13.109999656677246,13.260000228881836,12.84000015258789,13.210000038146973,13.210000038146973,53099500
RIVN,2025-08-27,13.25,13.5,13.135000228881836,13.220000267028809,13.220000267028809,38969800
RIVN,2025-08-28,13.34000015258789,13.65999984741211,13.09000015258789,13.640000343322754,13.640000343322754,31625800
RIVN,2025-08-29,13.649999618530273,13.885000228881836,13.3100004196167,13.569999694824219,13.569999694824219,39634100
RIVN,2025-09-02,13.300000190734863,13.949999809265137,12.979999542236328,13.869999885559082,13.869999885559082,51257800
RIVN,2025-09-03,13.899999618530273,15.029999732971191,13.850000381469727,14.4399995803833,14.4399995803833,77654700
RIVN,2025-09-04,14.359999656677246,14.369999885559082,13.380000114440918,13.699999809265137,13.699999809265137,82734000
RIVN,2025-09-05,13.739999771118164,14.569999694824219,13.65999984741211,14.210000038146973,14.210000038146973,87135100
RIVN,2025-09-08,14.234999656677246,14.324999809265137,13.819999694824219,13.989999771118164,13.989999771118164,54560700
RIVN,2025-09-09,14.0,14.199999809265137,13.6850004196167,13.9399995803833,13.9399995803833,30599700
RIVN,2025-09-10,13.9399995803833,14.270000457763672,13.729999542236328,13.90999984741211,13.90999984741211,32445400
RIVN,2025-09-11,13.970000267028809,14.630000114440918,13.949999809265137,13.970000267028809,13.970000267028809,40471700
RIVN,2025-09-12,14.0,14.039999961853027,12.569999694824219,13.460000038146973,13.460000038146973,67199600
RIVN,2025-09-15,13.630000114440918,13.770000457763672,13.380000114440918,13.600000381469727,13.600000381469727,30818500
RIVN,2025-09-16,13.770000457763672,14.649999618530273,13.729999542236328,14.319999694824219,14.319999694824219,62422900
RIVN,2025-09-17,14.385000228881836,14.630000114440918,13.960000038146973,14.109999656677246,14.109999656677246,47865900
RIVN,2025-09-18,14.289999961853027,14.9399995803833,14.074000358581543,14.680000305175781,14.680000305175781,48669500
RIVN,2025-09-19,14.720000267028809,14.770000457763672,14.020000457763672,14.380000114440918,14.380000114440918,68671900
RIVN,2025-09-22,14.305000305175781,15.430000305175781,14.109999656677246,15.239999771118164,15.239999771118164,74244700
RIVN,2025-09-23,15.244999885559082,15.699999809265137,14.989999771118164,15.529999732971191,15.529999732971191,53832600
RIVN,2025-09-24,15.510000228881836,15.949999809265137,15.064000129699707,15.789999961853027,15.789999961853027,50644500
RIVN,2025-09-25,15.5,16.049999237060547,15.140000343322754,15.739999771118164,15.739999771118164,44793600
RIVN,2025-09-26,15.8100004196167,16.170000076293945,15.569999694824219,15.59000015258789,15.59000015258789,36800700
RIVN,2025-09-29,15.75,15.789999961853027,15.0,15.25,15.25,46005200
RIVN,2025-09-30,15.25,15.510000228881836,14.550000190734863,14.680000305175781,14.680000305175781,48572400
RIVN,2025-10-01,14.78499984741211,15.0600004196167,14.59000015258789,14.609999656677246,14.609999656677246,27345900
RIVN,2025-10-02,14.130000114440918,14.149999618530273,13.210000038146973,13.529999732971191,13.529999732971191,75952400
RIVN,2025-10-03,13.524999618530273,13.729999542236328,13.220000267028809,13.649999618530273,13.649999618530273,45879700
RIVN,2025-10-06,13.729999542236328,13.899999618530273,13.460000038146973,13.5,13.5,29514100
RIVN,2025-10-07,13.529999732971191,13.720000267028809,13.229999542236328,13.260000228881836,13.260000228881836,31711000
RIVN,2025-10-08,13.279999732971191,13.399999618530273,13.050000190734863,13.130000114440918,13.130000114440918,26798600
RIVN,2025-10-09,13.079999923706055,13.170000076293945,12.859999656677246,13.09000015258789,13.09000015258789,27776400
RIVN,2025-10-10,13.119999885559082,13.199999809265137,12.670000076293945,12.800000190734863,12.800000190734863,25834700
RIVN,2025-10-13,12.989999771118164,13.119999885559082,12.800000190734863,13.0600004196167,13.0600004196167,21988800
RIVN,2025-10-14,12.859999656677246,13.270000457763672,12.609999656677246,13.119999885559082,13.119999885559082,25298100
RIVN,2025-10-15,13.25,13.637999534606934,13.1850004196167,13.40999984741211,13.40999984741211,36082900
RIVN,2025-10-16,13.420000076293945,13.420000076293945,12.8100004196167,12.90999984741211,12.90999984741211,28327500
RIVN,2025-10-17,12.899999618530273,13.21500015258789,12.869999885559082,13.029999732971191,13.029999732971191,24003800
RIVN,2025-10-20,12.800000190734863,13.149999618530273,12.65999984741211,13.079999923706055,13.079999923706055,35626600
RIVN,2025-10-21,13.069999694824219,13.5600004196167,12.899999618530273,13.199999809265137,13.199999809265137,27959900
RIVN,2025-10-22,13.09000015258789,13.25,12.720000267028809,12.920000076293945,12.920000076293945,41848600
RIVN,2025-10-23,12.770000457763672,13.1899995803833,12.710000038146973,13.09000015258789,13.09000015258789,26000500
RIVN,2025-10-24,13.21500015258789,13.270000457763672,12.9350004196167,12.979999542236328,12.979999542236328,28316100
RIVN,2025-10-27,13.170000076293945,13.664999961853027,12.970000267028809,13.40999984741211,13.40999984741211,48280800
RIVN,2025-10-28,13.40999984741211,13.630000114440918,13.210000038146973,13.5,13.5,41866300
RIVN,2025-10-29,13.5,13.880000114440918,13.449999809265137,13.710000038146973,13.710000038146973,34922200
RIVN,2025-10-30,13.550000190734863,13.579999923706055,12.989999771118164,12.989999771118164,12.989999771118164,39850400
RIVN,2025-10-31,13.079999923706055,13.59000015258789,12.895000457763672,13.569999694824219,13.569999694824219,44821400
RIVN,2025-11-03,13.550000190734863,13.59000015258789,13.154999732971191,13.1899995803833,13.1899995803833,38765500
RIVN,2025-11-04,12.960000038146973,12.979999542236328,12.390000343322754,12.5,12.5,55207800
RIVN,2025-11-05,13.335000038146973,15.850000381469727,13.260000228881836,15.420000076293945,15.420000076293945,197650600
RIVN,2025-11-06,15.260000228881836,15.609999656677246,14.479999542236328,15.220000267028809,15.220000267028809,88735300
RIVN,2025-11-07,15.0600004196167,15.375,14.25,15.229999542236328,15.229999542236328,65782100
RIVN,2025-11-10,15.539999961853027,16.75,15.010000228881836,16.40999984741211,16.40999984741211,104369900
RIVN,2025-11-11,16.3799991607666,18.1299991607666,16.200000762939453,18.020000457763672,18.020000457763672,109217400
RIVN,2025-11-12,17.55500030517578,17.709999084472656,16.399999618530273,17.520000457763672,17.520000457763672,72372100
RIVN,2025-11-13,17.239999771118164,17.709999084472656,16.209999084472656,16.389999389648438,16.389999389648438,58775100
RIVN,2025-11-14,15.699999809265137,15.869999885559082,15.069999694824219,15.109999656677246,15.109999656677246,60069200
RIVN,2025-11-17,15.010000228881836,15.239999771118164,14.529999732971191,14.869999885559082,14.869999885559082,58303200
RIVN,2025-11-18,14.680000305175781,15.329999923706055,14.399999618530273,14.989999771118164,14.989999771118164,40761500
RIVN,2025-11-19,14.829999923706055,14.930000305175781,14.329999923706055,14.720000267028809,14.720000267028809,51911000
RIVN,2025-11-20,14.9350004196167,15.630000114440918,14.59000015258789,14.65999984741211,14.65999984741211,45539400
RIVN,2025-11-21,14.734999656677246,15.119999885559082,13.949999809265137,14.859999656677246,14.859999656677246,40498600
RIVN,2025-11-24,15.029999732971191,15.25,14.680000305175781,15.170000076293945,15.170000076293945,42345100
RIVN,2025-11-25,15.114999771118164,15.664999961853027,14.895000457763672,15.5600004196167,15.5600004196167,30087700
RIVN,2025-11-26,15.609999656677246,16.479999542236328,15.506999969482422,16.18000030517578,16.18000030517578,35451200
RIVN,2025-11-28,16.389999389648438,17.05500030517578,16.260000228881836,16.860000610351562,16.860000610351562,18543000
RIVN,2025-12-01,16.549999237060547,17.790000915527344,16.511999130249023,17.15999984741211,17.15999984741211,43381000
RIVN,2025-12-02,17.229999542236328,17.670000076293945,17.040000915527344,17.229999542236328,17.229999542236328,34438900
RIVN,2025-12-03,17.200000762939453,17.899999618530273,16.899999618530273,17.530000686645508,17.530000686645508,31993600
RIVN,2025-12-04,17.610000610351562,18.170000076293945,17.3700008392334,18.059999465942383,18.059999465942383,39172100
RIVN,2025-12-05,18.079999923706055,18.600000381469727,17.90999984741211,17.950000762939453,17.950000762939453,40574600
RIVN,2025-12-08,17.565000534057617,17.709999084472656,17.040000915527344,17.610000610351562,17.610000610351562,41828700
RIVN,2025-12-09,17.469999313354492,17.795000076293945,17.3700008392334,17.709999084472656,17.709999084472656,21450700
RIVN,2025-12-10,17.6299991607666,18.40999984741211,17.454999923706055,17.5,17.5,48017200
RIVN,2025-12-11,17.415000915527344,17.415000915527344,15.729999542236328,16.43000030517578,16.43000030517578,97129800
RIVN,2025-12-12,16.81999969482422,19.600000381469727,16.729999542236328,18.420000076293945,18.420000076293945,103734200
RIVN,2025-12-15,18.610000610351562,19.579999923706055,18.3700008392334,18.700000762939453,18.700000762939453,64341000
RIVN,2025-12-16,18.6299991607666,18.969999313354492,17.639999389648438,17.899999618530273,17.899999618530273,46207200
RIVN,2025-12-17,18.100000381469727,18.40999984741211,17.600000381469727,17.6299991607666,17.6299991607666,32172700
RIVN,2025-12-18,18.260000228881836,20.329999923706055,18.260000228881836,20.280000686645508,20.280000686645508,67245400
RIVN,2025-12-19,20.309999465942383,22.639999389648438,20.309999465942383,22.450000762939453,22.450000762939453,106165100
RIVN,2025-12-22,22.469999313354492,22.690000534057617,21.625,21.75,21.75,38448500
RIVN,2025-12-23,21.690000534057617,21.700000762939453,20.690000534057617,21.18000030517578,21.18000030517578,38763700
RIVN,2025-12-24,21.110000610351562,21.485000610351562,20.829999923706055,21.1299991607666,21.1299991607666,10629600
RIVN,2025-12-26,21.219999313354492,21.549999237060547,20.770000457763672,20.899999618530273,20.899999618530273,20503000
RIVN,2025-12-29,20.639999389648438,21.040000915527344,20.329999923706055,20.670000076293945,20.670000076293945,20707600
RIVN,2025-12-30,20.68000030517578,20.68000030517578,19.280000686645508,19.59000015258789,19.59000015258789,38607700
RIVN,2025-12-31,19.6200008392334,19.915000915527344,19.299999237060547,19.709999084472656,19.709999084472656,21573800
RIVN,2026-01-02,19.780000686645508,20.709999084472656,18.899999618530273,19.40999984741211,19.40999984741211,42740200
RIVN,2026-01-05,19.469999313354492,20.0,19.15999984741211,19.59000015258789,19.59000015258789,31071500
RIVN,2026-01-06,19.639999389648438,20.100000381469727,18.8799991607666,19.530000686645508,19.530000686645508,34687800
RIVN,2026-01-07,19.459999084472656,20.579999923706055,18.690000534057617,20.059999465942383,20.059999465942383,42136800
RIVN,2026-01-08,19.905000686645508,20.950000762939453,19.700000762939453,19.889999389648438,19.889999389648438,36672600
RIVN,2026-01-09,19.94499969482422,20.170000076293945,19.03499984741211,19.219999313354492,19.219999313354492,32467400
RIVN,2026-01-12,18.725000381469727,19.44499969482422,18.530000686645508,19.149999618530273,19.149999618530273,29279100
RIVN,2026-01-13,19.100000381469727,19.149999618530273,18.645000457763672,18.850000381469727,18.850000381469727,24788400
RIVN,2026-01-14,18.2450008392334,18.25,17.065000534057617,17.5,17.5,53011100
RIVN,2026-01-15,17.479999542236328,17.56999969482422,16.875,17.059999465942383,17.059999465942383,29245400
RIVN,2026-01-16,17.19499969482422,17.239999771118164,16.579999923706055,16.670000076293945,16.670000076293945,26925000
RIVN,2026-01-20,16.225000381469727,16.299999237060547,15.859999656677246,16.15999984741211,16.15999984741211,29808100
RIVN,2026-01-21,16.420000076293945,16.65999984741211,16.100000381469727,16.469999313354492,16.469999313354492,23601500
RIVN,2026-01-22,16.530000686645508,16.979999542236328,16.219999313354492,16.31999969482422,16.31999969482422,20350000
RIVN,2026-01-23,16.329999923706055,16.350000381469727,15.770000457763672,15.949999809265137,15.949999809265137,20442100
RIVN,2026-01-26,15.821000099182129,15.880000114440918,15.5600004196167,15.75,15.75,17863800
RIVN,2026-01-27,15.8149995803833,15.8149995803833,15.114999771118164,15.270000457763672,15.270000457763672,21218500
RIVN,2026-01-28,15.430000305175781,15.494999885559082,15.130000114440918,15.199999809265137,15.199999809265137,19042100
RIVN,2026-01-29,15.335000038146973,15.555000305175781,14.862000465393066,15.170000076293945,15.170000076293945,23475000
RIVN,2026-01-30,15.100000381469727,15.270000457763672,14.5,14.75,14.75,25350700
RIVN,2026-02-02,14.694999694824219,14.75,14.390000343322754,14.4399995803833,14.4399995803833,19269300
RIVN,2026-02-03,14.449999809265137,14.800000190734863,13.920000076293945,14.40999984741211,14.40999984741211,25673300
RIVN,2026-02-04,14.5600004196167,14.625,14.100000381469727,14.369999885559082,14.369999885559082,23370800
RIVN,2026-02-05,14.109999656677246,14.34000015258789,13.579999923706055,13.729999542236328,13.729999542236328,29469100
RIVN,2026-02-06,13.835000038146973,14.989999771118164,13.819999694824219,14.800000190734863,14.800000190734863,31308200
RIVN,2026-02-09,14.819999694824219,15.095000267028809,14.329999923706055,14.6899995803833,14.6899995803833,31858800
RIVN,2026-02-10,14.930000305175781,15.595000267028809,14.84000015258789,14.960000038146973,14.960000038146973,37616400
RIVN,2026-02-11,15.15999984741211,15.239999771118164,14.3149995803833,14.760000228881836,14.760000228881836,27135500
RIVN,2026-02-12,14.760000228881836,14.829999923706055,13.9399995803833,14.0,14.0,38024300
RIVN,2026-02-13,17.770000457763672,18.479999542236328,16.399999618530273,17.729999542236328,17.729999542236328,127927300
RIVN,2026-02-17,17.389999389648438,17.65999984741211,16.3799991607666,16.469999313354492,16.469999313354492,55972100
RIVN,2026-02-18,16.4950008392334,17.086000442504883,16.072999954223633,16.149999618530273,16.149999618530273,30101700
RIVN,2026-02-19,15.930000305175781,15.960000038146973,15.069999694824219,15.59000015258789,15.59000015258789,28703600
RIVN,2026-02-20,15.335000038146973,15.420000076293945,15.010000228881836,15.270000457763672,15.270000457763672,20860500
RIVN,2026-02-23,15.085000038146973,15.354999542236328,14.694999694824219,14.960000038146973,14.960000038146973,17459800
RIVN,2026-02-24,15.095000267028809,15.350000381469727,14.734999656677246,15.119999885559082,15.119999885559082,21025300
RIVN,2026-02-25,15.300000190734863,15.704999923706055,15.180000305175781,15.25,15.25,19283200
RIVN,2026-02-26,15.180000305175781,15.770000457763672,15.130000114440918,15.609999656677246,15.609999656677246,23469700
RIVN,2026-02-27,15.34000015258789,15.539999961853027,14.90999984741211,15.329999923706055,15.329999923706055,34214300
RIVN,2026-03-02,15.0,15.220000267028809,14.699999809265137,15.010000228881836,15.010000228881836,20187700
RIVN,2026-03-03,14.729999542236328,15.600000381469727,14.5600004196167,15.100000381469727,15.100000381469727,25283000
RIVN,2026-03-04,14.979999542236328,15.335000038146973,14.835000038146973,14.920000076293945,14.920000076293945,23847600
RIVN,2026-03-05,14.614999771118164,15.279999732971191,14.550000190734863,15.1899995803833,15.1899995803833,27696900
RIVN,2026-03-06,14.819999694824219,15.619999885559082,14.800000190734863,15.369999885559082,15.369999885559082,24930200
RIVN,2026-03-09,15.114999771118164,15.970000267028809,15.052000045776367,15.869999885559082,15.869999885559082,25666200
RIVN,2026-03-10,16.700000762939453,17.55500030517578,16.5,16.540000915527344,16.540000915527344,51139300
RIVN,2026-03-11,16.545000076293945,16.8700008392334,16.135000228881836,16.649999618530273,16.649999618530273,21360700
RIVN,2026-03-12,16.600000381469727,16.790000915527344,15.239999771118164,15.300000190734863,15.300000190734863,37373900
RIVN,2026-03-13,15.270000457763672,15.555000305175781,14.8100004196167,14.859999656677246,14.859999656677246,30983100
RIVN,2026-03-16,15.03499984741211,15.449999809265137,14.850000381469727,15.329999923706055,15.329999923706055,25041500
RIVN,2026-03-17,15.3100004196167,16.06999969482422,15.289999961853027,15.819999694824219,15.819999694824219,22536900
RIVN,2026-03-18,15.649999618530273,16.038000106811523,15.5,15.529999732971191,15.529999732971191,19144700
RIVN,2026-03-19,16.559999465942383,17.1200008392334,15.545000076293945,16.1200008392334,16.1200008392334,78928100
RIVN,2026-03-20,15.960000038146973,16.049999237060547,14.8100004196167,14.90999984741211,14.90999984741211,51016900
RIVN,2026-03-23,15.350000381469727,16.31999969482422,15.3100004196167,15.770000457763672,15.770000457763672,37348000
RIVN,2026-03-24,15.472000122070312,16.1299991607666,15.364999771118164,16.100000381469727,16.100000381469727,19443600
RIVN,2026-03-25,16.260000228881836,16.520000457763672,15.545000076293945,15.619999885559082,15.619999885559082,20330900
RIVN,2026-03-26,15.420000076293945,15.699999809265137,15.130000114440918,15.210000038146973,15.210000038146973,16862800
RIVN,2026-03-27,15.180000305175781,15.234999656677246,14.699999809265137,14.770000457763672,14.770000457763672,22351500
RIVN,2026-03-30,14.899999618530273,14.993000030517578,14.239999771118164,14.489999771118164,14.489999771118164,19715400
RIVN,2026-03-31,14.5600004196167,15.15999984741211,14.430000305175781,15.050000190734863,15.050000190734863,24085900
RIVN,2026-04-01,15.53499984741211,15.819999694824219,14.869999885559082,14.9399995803833,14.9399995803833,22177900
RIVN,2026-04-02,14.9399995803833,15.479999542236328,14.619999885559082,15.399999618530273,15.399999618530273,20720100
RIVN,2026-04-06,15.390000343322754,15.6899995803833,14.899999618530273,15.289999961853027,15.289999961853027,22766800
RIVN,2026-04-07,15.100000381469727,15.199999809265137,14.425000190734863,14.6899995803833,14.6899995803833,27778900
RIVN,2026-04-08,15.489999771118164,15.619999885559082,14.864999771118164,15.140000343322754,15.140000343322754,31904800
RIVN,2026-04-09,15.039999961853027,15.430000305175781,14.864999771118164,15.239999771118164,15.239999771118164,16625000
RIVN,2026-04-10,15.369999885559082,15.869999885559082,15.300000190734863,15.430000305175781,15.430000305175781,19334300
RIVN,2026-04-13,15.399999618530273,15.989999771118164,15.25,15.899999618530273,15.899999618530273,22415800
RIVN,2026-04-14,16.31999969482422,16.709999084472656,15.800000190734863,15.989999771118164,15.989999771118164,29182500
RIVN,2026-04-15,16.010000228881836,16.489999771118164,15.904999732971191,16.40999984741211,16.40999984741211,23475200
RIVN,2026-04-16,16.639999389648438,17.03499984741211,16.3700008392334,16.889999389648438,16.889999389648438,29131700
RIVN,2026-04-17,17.114999771118164,17.774999618530273,17.09000015258789,17.229999542236328,17.229999542236328,32234700
RIVN,2026-04-20,17.030000686645508,17.149999618530273,16.760000228881836,16.920000076293945,16.920000076293945,19620300
RIVN,2026-04-21,17.06999969482422,17.485000610351562,16.844999313354492,17.149999618530273,17.149999618530273,21364000
RIVN,2026-04-22,17.399999618530273,18.06999969482422,17.2549991607666,17.739999771118164,17.739999771118164,26160200
RIVN,2026-04-23,17.510000228881836,17.780000686645508,16.719999313354492,16.950000762939453,16.950000762939453,24269300
RIVN,2026-04-24,16.950000762939453,17.06999969482422,16.260000228881836,16.520000457763672,16.520000457763672,23800400
RIVN,2026-04-27,16.520000457763672,16.9950008392334,16.5,16.719999313354492,16.719999313354492,21176000
RIVN,2026-04-28,16.489999771118164,16.53499984741211,15.960000038146973,16.139999389648438,16.139999389648438,16286300
RIVN,2026-04-29,16.0,16.139999389648438,15.875,16.059999465942383,16.059999465942383,16223600
RIVN,2026-04-30,16.219999313354492,16.684999465942383,15.880000114440918,16.399999618530273,16.399999618530273,31193600
RIVN,2026-05-01,15.574999809265137,16.024999618530273,15.010000228881836,15.020000457763672,15.020000457763672,53434700
RIVN,2026-05-04,15.15999984741211,15.15999984741211,14.390000343322754,14.510000228881836,14.510000228881836,48844400
RIVN,2026-05-05,14.649999618530273,15.069999694824219,14.479999542236328,14.600000381469727,14.600000381469727,28211000
RIVN,2026-05-06,14.680000305175781,14.78499984741211,14.420000076293945,14.479999542236328,14.479999542236328,24738800
RIVN,2026-05-07,14.581999778747559,14.640000343322754,14.114999771118164,14.180000305175781,14.180000305175781,26127600
RIVN,2026-05-08,14.270000457763672,14.345000267028809,13.84000015258789,14.220000267028809,14.220000267028809,31623100
RIVN,2026-05-11,14.119999885559082,14.345000267028809,14.0,14.079999923706055,14.079999923706055,26215700
RIVN,2026-05-12,14.010000228881836,14.1899995803833,13.640000343322754,13.949999809265137,13.949999809265137,22253000
RIVN,2026-05-13,13.90999984741211,14.680000305175781,13.869999885559082,14.270000457763672,14.270000457763672,29255400
RIVN,2026-05-14,14.25,14.829999923706055,14.194999694824219,14.520000457763672,14.520000457763672,21303700
RIVN,2026-05-15,14.050000190734863,14.145000457763672,13.65999984741211,13.789999961853027,13.789999961853027,42196700
RIVN,2026-05-18,13.770000457763672,13.789999961853027,13.140000343322754,13.350000381469727,13.350000381469727,29544100
RIVN,2026-05-19,13.229999542236328,13.255000114440918,12.649999618530273,12.899999618530273,12.899999618530273,41231800
RIVN,2026-05-20,13.069999694824219,13.779999732971191,12.77400016784668,13.729999542236328,13.729999542236328,44632400
RIVN,2026-05-21,13.630000114440918,14.25,13.5600004196167,14.149999618530273,14.149999618530273,25002800
RIVN,2026-05-22,14.164999961853027,14.399999618530273,14.074999809265137,14.220000267028809,14.220000267028809,27073400
RIVN,2026-05-26,14.354999542236328,14.699000358581543,14.154999732971191,14.390000343322754,14.390000343322754,22915400
RIVN,2026-05-27,14.449999809265137,14.859999656677246,14.449999809265137,14.699999809265137,14.699999809265137,23273900
RIVN,2026-05-28,14.609999656677246,15.270000457763672,14.489999771118164,15.199999809265137,15.199999809265137,23145700
RIVN,2026-05-29,15.229999542236328,16.600000381469727,15.109999656677246,16.299999237060547,16.299999237060547,59451500
RIVN,2026-06-01,16.139999389648438,17.200000762939453,15.899999618530273,16.950000762939453,16.950000762939453,43483500
RIVN,2026-06-02,16.989999771118164,17.690000534057617,16.670000076293945,17.290000915527344,17.290000915527344,39250200
RIVN,2026-06-03,17.059999465942383,18.43000030517578,16.915000915527344,18.270000457763672,18.270000457763672,51857200
RIVN,2026-06-04,17.969999313354492,18.549999237060547,17.75,18.1200008392334,18.1200008392334,35162000
RIVN,2026-06-05,17.959999084472656,18.0,16.235000610351562,16.350000381469727,16.350000381469727,35945400
RIVN,2026-06-08,16.709999084472656,17.600000381469727,16.3700008392334,16.84000015258789,16.84000015258789,22634400
RIVN,2026-06-09,16.860000610351562,16.920000076293945,15.239999771118164,15.729999542236328,15.729999542236328,39837500
RIVN,2026-06-10,15.67199993133545,15.800000190734863,14.645000457763672,14.760000228881836,14.760000228881836,25074600
RIVN,2026-06-11,14.729999542236328,15.640000343322754,14.482000350952148,15.539999961853027,15.539999961853027,29012100
RIVN,2026-06-12,15.675000190734863,16.774999618530273,15.4350004196167,16.760000228881836,16.760000228881836,31778500
RIVN,2026-06-15,17.030000686645508,17.094999313354492,16.540000915527344,16.68000030517578,16.68000030517578,20193200
RIVN,2026-06-16,16.53499984741211,16.559999465942383,15.729999542236328,15.930000305175781,15.930000305175781,25457700
RIVN,2026-06-17,15.994999885559082,16.94499969482422,15.970000267028809,16.260000228881836,16.260000228881836,34148200
RIVN,2026-06-18,16.454999923706055,16.606000900268555,16.030000686645508,16.520000457763672,16.520000457763672,31711700
SPY,2025-05-30,588.9299926757812,591.1300048828125,583.239990234375,589.3900146484375,581.2127685546875,90601200
SPY,2025-06-02,587.760009765625,592.7899780273438,585.0599975585938,592.7100219726562,584.4866943359375,61630500
SPY,2025-06-03,592.3400268554688,597.0800170898438,591.8499755859375,596.0900268554688,587.8197631835938,63606200
SPY,2025-06-04,596.9600219726562,597.9500122070312,595.489990234375,595.9299926757812,587.6619873046875,57314200
SPY,2025-06-05,597.6300048828125,599.0,591.0499877929688,593.0499877929688,584.8218994140625,92278700
SPY,2025-06-06,598.6599731445312,600.8300170898438,596.8599853515625,599.1400146484375,590.8274536132812,66588700
SPY,2025-06-09,599.719970703125,601.25,598.489990234375,599.6799926757812,591.3599243164062,53016400
SPY,2025-06-10,600.219970703125,603.469970703125,599.0900268554688,603.0800170898438,594.712890625,66247000
SPY,2025-06-11,604.1900024414062,605.0599975585938,599.27001953125,601.3599853515625,593.0166625976562,73658200
SPY,2025-06-12,600.010009765625,603.75,599.52001953125,603.75,595.3734741210938,64129000
SPY,2025-06-13,598.5,601.8499755859375,595.47998046875,597.0,588.7171020507812,89506000
SPY,2025-06-16,600.4000244140625,604.4500122070312,600.219970703125,602.6799926757812,594.318359375,79984100
SPY,2025-06-17,600.2100219726562,601.75,596.760009765625,597.530029296875,589.2398071289062,82209400
SPY,2025-06-18,598.4400024414062,601.219970703125,596.469970703125,597.4400024414062,589.1510009765625,76605000
SPY,2025-06-20,598.3800048828125,599.4600219726562,592.8599853515625,594.280029296875,587.7673950195312,94051400
SPY,2025-06-23,595.0399780273438,600.5399780273438,591.8900146484375,600.1500244140625,593.5730590820312,87426000
SPY,2025-06-24,604.3300170898438,607.8499755859375,603.4099731445312,606.780029296875,600.13037109375,67735300
SPY,2025-06-25,607.9099731445312,608.6099853515625,605.5399780273438,607.1199951171875,600.4666748046875,62114800
SPY,2025-06-26,608.989990234375,612.3099975585938,608.3699951171875,611.8699951171875,605.1646728515625,78548400
SPY,2025-06-27,612.8800048828125,616.3900146484375,610.8300170898438,614.9099731445312,608.1713256835938,86258400
SPY,2025-06-30,617.3800048828125,619.219970703125,615.0399780273438,617.8499755859375,611.0791015625,92502500
SPY,2025-07-01,616.3599853515625,618.8300170898438,615.52001953125,617.6500244140625,610.8812866210938,70030100
SPY,2025-07-02,617.239990234375,620.489990234375,616.6099853515625,620.4500122070312,613.6505737304688,66510400
SPY,2025-07-03,622.4500122070312,626.280029296875,622.4299926757812,625.3400268554688,618.4869995117188,51065800
SPY,2025-07-07,623.3599853515625,624.030029296875,617.8699951171875,620.6799926757812,613.8781127929688,74814500
SPY,2025-07-08,621.3499755859375,622.1099853515625,619.52001953125,620.3400268554688,613.5418090820312,59024600
SPY,2025-07-09,622.77001953125,624.719970703125,620.9099731445312,624.0599975585938,617.2210083007812,66113300
SPY,2025-07-10,624.2000122070312,626.8699951171875,623.010009765625,625.8200073242188,618.9617309570312,57529000
SPY,2025-07-11,622.739990234375,624.8599853515625,621.530029296875,623.6199951171875,616.7858276367188,63670200
SPY,2025-07-14,623.1599731445312,625.1599731445312,621.7999877929688,624.8099975585938,617.9627075195312,51898500
SPY,2025-07-15,627.52001953125,627.8599853515625,622.0599975585938,622.1400146484375,615.3220825195312,74317300
SPY,2025-07-16,623.739990234375,624.72998046875,618.0499877929688,624.219970703125,617.3792114257812,88987500
SPY,2025-07-17,624.4000244140625,628.4000244140625,624.1799926757812,628.0399780273438,621.1573486328125,68885700
SPY,2025-07-18,629.2999877929688,629.469970703125,626.4600219726562,627.5800170898438,620.7024536132812,65621600
SPY,2025-07-21,628.77001953125,631.5399780273438,628.3400268554688,628.77001953125,621.87939453125,63375000
SPY,2025-07-22,629.0999755859375,629.72998046875,626.1900024414062,628.8599853515625,621.9683837890625,60046300
SPY,2025-07-23,631.5499877929688,634.2100219726562,629.72998046875,634.2100219726562,627.2598266601562,70511000
SPY,2025-07-24,634.5999755859375,636.1500244140625,633.989990234375,634.4199829101562,627.4674682617188,71307100
SPY,2025-07-25,635.0900268554688,637.5800170898438,634.8400268554688,637.0999755859375,630.1180419921875,56865400
SPY,2025-07-28,637.47998046875,638.0399780273438,635.5399780273438,636.9400024414062,629.9598388671875,54917100
SPY,2025-07-29,638.3499755859375,638.6699829101562,634.3400268554688,635.260009765625,628.2982788085938,60556300
SPY,2025-07-30,635.9199829101562,637.6799926757812,631.5399780273438,634.4600219726562,627.507080078125,80418900
SPY,2025-07-31,639.4600219726562,639.8499755859375,630.77001953125,632.0800170898438,625.1531372070312,103385200
SPY,2025-08-01,626.2999877929688,626.3400268554688,619.2899780273438,621.719970703125,614.9066162109375,140103600
SPY,2025-08-04,625.6699829101562,631.219970703125,625.5800170898438,631.1699829101562,624.2530517578125,73218000
SPY,2025-08-05,631.7899780273438,632.6099853515625,627.0399780273438,627.969970703125,621.088134765625,68051400
SPY,2025-08-06,629.0499877929688,633.4400024414062,628.1300048828125,632.780029296875,625.845458984375,64357500
SPY,2025-08-07,636.239990234375,636.97998046875,629.1099853515625,632.25,625.3212280273438,74205800
SPY,2025-08-08,634.0599975585938,637.6500244140625,633.739990234375,637.1799926757812,630.197265625,64051600
SPY,2025-08-11,637.4600219726562,638.9500122070312,634.6599731445312,635.9199829101562,628.9510498046875,58742300
SPY,2025-08-12,638.2899780273438,642.8499755859375,636.7899780273438,642.6900024414062,635.6469116210938,64730800
SPY,2025-08-13,644.9099731445312,646.1900024414062,642.6799926757812,644.8900146484375,637.82275390625,60092800
SPY,2025-08-14,642.7899780273438,645.6199951171875,642.3400268554688,644.9500122070312,637.8821411132812,59327500
SPY,2025-08-15,645.989990234375,646.0900268554688,642.52001953125,643.4400024414062,636.388671875,68592500
SPY,2025-08-18,642.8599853515625,644.0,642.1799926757812,643.2999877929688,636.2501220703125,43804900
SPY,2025-08-19,643.1199951171875,644.1099853515625,638.47998046875,639.8099975585938,632.7984008789062,69750700
SPY,2025-08-20,639.4000244140625,639.6599731445312,632.9500122070312,638.1099853515625,631.1170043945312,88890300
SPY,2025-08-21,636.280029296875,637.969970703125,633.8099975585938,635.5499877929688,628.5850830078125,54805800
SPY,2025-08-22,637.760009765625,646.5,637.25,645.3099975585938,638.2381591796875,84083200
SPY,2025-08-25,644.0399780273438,645.2899780273438,642.3499755859375,642.469970703125,635.42919921875,51274300
SPY,2025-08-26,642.2000122070312,645.510009765625,641.5700073242188,645.1599731445312,638.0897827148438,51581600
SPY,2025-08-27,644.5700073242188,647.3699951171875,644.4199829101562,646.6300048828125,639.5436401367188,48341100
SPY,2025-08-28,647.239990234375,649.47998046875,645.3400268554688,648.9199829101562,641.8085327148438,61519500
SPY,2025-08-29,647.469970703125,647.8400268554688,643.1400146484375,645.0499877929688,637.98095703125,74522200
SPY,2025-09-02,637.5,640.489990234375,634.9199829101562,640.27001953125,633.2533569335938,81983500
SPY,2025-09-03,642.6699829101562,644.2100219726562,640.4600219726562,643.739990234375,636.6853637695312,70820900
SPY,2025-09-04,644.4199829101562,649.1500244140625,643.510009765625,649.1199951171875,642.00634765625,65219200
SPY,2025-09-05,651.47998046875,652.2100219726562,643.3300170898438,647.239990234375,640.14697265625,85178900
SPY,2025-09-08,648.6199951171875,649.8400268554688,647.22998046875,648.8300170898438,641.7195434570312,63133100
SPY,2025-09-09,648.969970703125,650.8599853515625,647.219970703125,650.3300170898438,643.203125,66133900
SPY,2025-09-10,653.6199951171875,654.5499877929688,650.6300048828125,652.2100219726562,645.0625610351562,78034500
SPY,2025-09-11,654.1799926757812,658.3300170898438,653.5900268554688,657.6300048828125,650.4231567382812,69934400
SPY,2025-09-12,657.5999755859375,659.1099853515625,656.9000244140625,657.4099731445312,650.2054443359375,72780100
SPY,2025-09-15,659.6400146484375,661.0399780273438,659.3400268554688,660.9099731445312,653.6671142578125,63772400
SPY,2025-09-16,661.469970703125,661.780029296875,659.2100219726562,660.0,652.76708984375,61169000
SPY,2025-09-17,660.010009765625,661.719970703125,654.2999877929688,659.1799926757812,651.9561767578125,101952200
SPY,2025-09-18,661.8900146484375,664.8900146484375,660.27001953125,662.260009765625,655.00244140625,90459200
SPY,2025-09-19,662.3300170898438,664.5499877929688,660.3699951171875,663.7000122070312,658.2465209960938,97945600
SPY,2025-09-22,662.2000122070312,667.2899780273438,662.1699829101562,666.8400268554688,661.3607788085938,69452200
SPY,2025-09-23,666.719970703125,667.3400268554688,661.97998046875,663.2100219726562,657.7606201171875,81708900
SPY,2025-09-24,664.510009765625,664.6099853515625,659.6699829101562,661.0999755859375,655.6678466796875,68082200
SPY,2025-09-25,657.9400024414062,659.4099731445312,654.4099731445312,658.0499877929688,652.6429443359375,89622100
SPY,2025-09-26,659.510009765625,662.3699951171875,657.8800048828125,661.8200073242188,656.3820190429688,69179200
SPY,2025-09-29,664.3599853515625,665.280029296875,661.8599853515625,663.6799926757812,658.2266845703125,73499000
SPY,2025-09-30,662.9299926757812,666.6500244140625,661.6099853515625,666.1799926757812,660.7061157226562,86288000
SPY,2025-10-01,663.1699829101562,669.3699951171875,663.0599975585938,668.4500122070312,662.9574584960938,72545400
SPY,2025-10-02,670.4500122070312,670.5700073242188,666.780029296875,669.219970703125,663.7210693359375,56896000
SPY,2025-10-03,669.989990234375,672.6799926757812,668.1599731445312,669.2100219726562,663.7112426757812,70494400
SPY,2025-10-06,671.6199951171875,672.510009765625,669.4600219726562,671.6099853515625,666.0914916992188,54623300
SPY,2025-10-07,672.5399780273438,672.989990234375,667.6699829101562,669.1199951171875,663.6219482421875,72020100
SPY,2025-10-08,670.25,673.2100219726562,669.4199829101562,673.1099853515625,667.5791625976562,60702200
SPY,2025-10-09,673.530029296875,673.9400024414062,669.2100219726562,671.1599731445312,665.6452026367188,66501900
SPY,2025-10-10,672.1300048828125,673.9500122070312,652.8400268554688,653.02001953125,647.6542358398438,159422600
SPY,2025-10-13,660.6500244140625,665.1300048828125,659.77001953125,663.0399780273438,657.5919189453125,79560500
SPY,2025-10-14,657.1699829101562,665.8300170898438,653.1699829101562,662.22998046875,656.78857421875,88779600
SPY,2025-10-15,666.8200073242188,670.22998046875,658.9299926757812,665.1699829101562,659.7044067382812,81702600
SPY,2025-10-16,666.8200073242188,668.7100219726562,657.1099853515625,660.6400146484375,655.2116088867188,110563300
SPY,2025-10-17,659.5,665.760009765625,658.1400146484375,664.3900146484375,658.9308471679688,96500900
SPY,2025-10-20,667.3200073242188,672.2100219726562,667.27001953125,671.2999877929688,665.7840576171875,60493400
SPY,2025-10-21,671.4400024414062,672.989990234375,669.97998046875,671.2899780273438,665.7741088867188,56249000
SPY,2025-10-22,672.0,672.0,663.2999877929688,667.7999877929688,662.3128051757812,80564000
SPY,2025-10-23,668.1199951171875,672.7100219726562,667.7999877929688,671.760009765625,666.2402954101562,65604500
SPY,2025-10-24,676.4600219726562,678.469970703125,675.6500244140625,677.25,671.6851806640625,74356500
SPY,2025-10-27,682.72998046875,685.5399780273438,682.1199951171875,685.239990234375,679.6094970703125,63339800
SPY,2025-10-28,687.0499877929688,688.9099731445312,684.8300170898438,687.0599975585938,681.41455078125,61738100
SPY,2025-10-29,688.719970703125,689.7000122070312,682.8699951171875,687.3900146484375,681.7418823242188,85657100
SPY,2025-10-30,683.9000244140625,685.9400024414062,679.8300170898438,679.8300170898438,674.2440185546875,76335800
SPY,2025-10-31,685.0399780273438,685.0800170898438,679.239990234375,682.0599975585938,676.45556640625,87164100
SPY,2025-11-03,685.6699829101562,685.7999877929688,679.9400024414062,683.3400268554688,677.7251586914062,57315000
SPY,2025-11-04,676.1099853515625,679.9600219726562,674.5800170898438,675.239990234375,669.6917114257812,78427000
SPY,2025-11-05,674.97998046875,680.8599853515625,674.1699829101562,677.5800170898438,672.012451171875,74402400
SPY,2025-11-06,676.469970703125,677.3800048828125,668.719970703125,670.3099975585938,664.8021850585938,85035300
SPY,2025-11-07,667.9099731445312,671.0800170898438,661.2100219726562,670.969970703125,665.4567260742188,100592400
SPY,2025-11-10,677.239990234375,682.1799926757812,675.030029296875,681.4400024414062,675.8406982421875,75842900
SPY,2025-11-11,679.9500122070312,683.5700073242188,678.72998046875,683.0,677.3878784179688,58953400
SPY,2025-11-12,684.7899780273438,684.9600219726562,680.9500122070312,683.3800048828125,677.7648315429688,62312500
SPY,2025-11-13,680.5,680.8599853515625,670.52001953125,672.0399780273438,666.5180053710938,103457800
SPY,2025-11-14,665.3800048828125,675.6599731445312,663.27001953125,671.9299926757812,666.4088745117188,96846700
SPY,2025-11-17,669.7000122070312,673.7100219726562,662.1699829101562,665.6699829101562,660.2003173828125,90456100
SPY,2025-11-18,662.0999755859375,665.1199951171875,655.8599853515625,660.0800170898438,654.65625,114467500
SPY,2025-11-19,660.780029296875,667.3400268554688,658.75,662.6300048828125,657.185302734375,94703000
SPY,2025-11-20,672.9099731445312,675.5599975585938,651.8900146484375,652.530029296875,647.1683349609375,165293500
SPY,2025-11-21,655.0499877929688,664.5499877929688,650.8499755859375,659.030029296875,653.6149291992188,123956200
SPY,2025-11-24,662.6900024414062,670.0599975585938,661.5900268554688,668.72998046875,663.235107421875,80437900
SPY,2025-11-25,668.6300048828125,676.2100219726562,664.47998046875,675.02001953125,669.4735107421875,81077100
SPY,2025-11-26,677.6300048828125,681.7000122070312,676.719970703125,679.6799926757812,674.09521484375,71879600
SPY,2025-11-28,680.8599853515625,683.6699829101562,680.5,683.3900146484375,677.7747192382812,49212000
SPY,2025-12-01,678.8099975585938,682.989990234375,678.739990234375,680.27001953125,674.6802978515625,61201200
SPY,2025-12-02,681.9199829101562,683.8200073242188,679.3300170898438,681.530029296875,675.9300537109375,62953800
SPY,2025-12-03,680.5700073242188,684.9099731445312,679.6900024414062,683.8900146484375,678.2706298828125,57238500
SPY,2025-12-04,685.2999877929688,685.3699951171875,681.3400268554688,684.3900146484375,678.7664794921875,61970300
SPY,2025-12-05,685.469970703125,688.3900146484375,684.5800170898438,685.6900024414062,680.0557861328125,79241000
SPY,2025-12-08,686.5900268554688,686.6400146484375,681.5700073242188,683.6300048828125,678.0127563476562,55231500
SPY,2025-12-09,683.1500244140625,685.3900146484375,682.5900268554688,683.0399780273438,677.4275512695312,58310100
SPY,2025-12-10,682.5599975585938,688.969970703125,681.3099975585938,687.5700073242188,681.92041015625,85671300
SPY,2025-12-11,685.1400146484375,689.25,682.1699829101562,689.1699829101562,683.5072021484375,86173700
SPY,2025-12-12,688.1699829101562,688.8800048828125,679.1699829101562,681.760009765625,676.1581420898438,113160300
SPY,2025-12-15,685.739990234375,685.760009765625,679.25,680.72998046875,675.1365356445312,90811000
SPY,2025-12-16,679.22998046875,681.0800170898438,674.97998046875,678.8699951171875,673.2918701171875,122030600
SPY,2025-12-17,679.8900146484375,680.4400024414062,671.2000122070312,671.4000244140625,665.8832397460938,110625200
SPY,2025-12-18,677.5999755859375,680.739990234375,674.9000244140625,676.469970703125,670.9114990234375,108650100
SPY,2025-12-19,676.5900268554688,681.0900268554688,676.469970703125,680.5900268554688,676.9923095703125,103599500
SPY,2025-12-22,683.9400024414062,685.3599853515625,680.5900268554688,684.8300170898438,681.2098999023438,69556700
SPY,2025-12-23,683.9199829101562,688.2000122070312,683.8699951171875,687.9600219726562,684.3233032226562,64840000
SPY,2025-12-24,687.9500122070312,690.8300170898438,687.7999877929688,690.3800048828125,686.7305297851562,39445600
SPY,2025-12-26,690.6400146484375,691.6599731445312,689.27001953125,690.3099975585938,686.660888671875,41613300
SPY,2025-12-29,687.5399780273438,689.2000122070312,686.0700073242188,687.8499755859375,684.2138671875,62559500
SPY,2025-12-30,687.4500122070312,688.5599975585938,686.5800170898438,687.010009765625,683.3783569335938,47160700
SPY,2025-12-31,687.1400146484375,687.3599853515625,681.7100219726562,681.9199829101562,678.3152465820312,74144800
SPY,2026-01-02,685.7100219726562,686.8699951171875,679.8200073242188,683.1699829101562,679.55859375,89377200
SPY,2026-01-05,686.5399780273438,689.4299926757812,686.3800048828125,687.719970703125,684.0845336914062,71927200
SPY,2026-01-06,687.9299926757812,692.3200073242188,687.780029296875,691.8099975585938,688.1529541015625,69273800
SPY,2026-01-07,692.1900024414062,693.9600219726562,689.3200073242188,689.5800170898438,685.9347534179688,75588300
SPY,2026-01-08,688.8200073242188,690.6199951171875,687.489990234375,689.510009765625,685.8651123046875,64019200
SPY,2026-01-09,690.6300048828125,695.3099975585938,689.1799926757812,694.0700073242188,690.4010009765625,80125500
SPY,2026-01-12,690.6799926757812,696.0900268554688,690.6300048828125,695.1599731445312,691.4852294921875,63976000
SPY,2026-01-13,695.489990234375,696.0900268554688,691.3499755859375,693.77001953125,690.1026000976562,78309700
SPY,2026-01-14,691.0,691.719970703125,686.0399780273438,690.3599853515625,686.7106323242188,94676700
SPY,2026-01-15,694.5700073242188,695.4500122070312,691.25,692.239990234375,688.5806884765625,77862000
SPY,2026-01-16,693.6599731445312,694.25,690.0999755859375,691.6599731445312,688.0037231445312,79289200
SPY,2026-01-20,681.489990234375,684.77001953125,676.5700073242188,677.5800170898438,673.9981689453125,111623300
SPY,2026-01-21,679.6500244140625,688.739990234375,678.1300048828125,685.4000244140625,681.77685546875,127844500
SPY,2026-01-22,689.8499755859375,691.1300048828125,686.9199829101562,688.97998046875,685.3379516601562,77112200
SPY,2026-01-23,688.1500244140625,690.9600219726562,687.1599731445312,689.22998046875,685.5865478515625,63059600
SPY,2026-01-26,690.489990234375,694.1300048828125,689.9199829101562,692.72998046875,689.0680541992188,60473800
SPY,2026-01-27,694.1799926757812,696.530029296875,693.5700073242188,695.489990234375,691.8134765625,55506100
SPY,2026-01-28,697.0499877929688,697.8400268554688,693.9400024414062,695.4199829101562,691.7438354492188,61172200
SPY,2026-01-29,696.3900146484375,697.0599975585938,684.8300170898438,694.0399780273438,690.3711547851562,97486200
SPY,2026-01-30,691.7899780273438,694.2100219726562,687.1199951171875,691.969970703125,688.3120727539062,101835100
SPY,2026-02-02,689.5800170898438,696.9299926757812,689.4199829101562,695.4099731445312,691.7339477539062,79286500
SPY,2026-02-03,696.2100219726562,696.9600219726562,684.030029296875,689.530029296875,685.885009765625,107904600
SPY,2026-02-04,690.3499755859375,691.4500122070312,681.760009765625,686.1900024414062,682.5626831054688,105204600
SPY,2026-02-05,680.9400024414062,683.6900024414062,675.7899780273438,677.6199951171875,674.0379638671875,113610800
SPY,2026-02-06,681.4600219726562,692.3099975585938,680.8499755859375,690.6199951171875,686.96923828125,89127600
SPY,2026-02-09,689.4199829101562,695.8699951171875,688.3400268554688,693.9500122070312,690.2816772460938,73885200
SPY,2026-02-10,694.9500122070312,696.5399780273438,691.6599731445312,692.1199951171875,688.4613037109375,65185700
SPY,2026-02-11,696.3900146484375,697.1400146484375,689.1799926757812,691.9600219726562,688.3021850585938,76353900
SPY,2026-02-12,694.239990234375,695.3499755859375,680.3699951171875,681.27001953125,677.668701171875,118829000
SPY,2026-02-13,681.6900024414062,686.280029296875,677.52001953125,681.75,678.1461181640625,96267500
SPY,2026-02-17,680.1400146484375,684.9400024414062,675.780029296875,682.8499755859375,679.2402954101562,81354700
SPY,2026-02-18,684.02001953125,689.1500244140625,682.8300170898438,686.2899780273438,682.662109375,73570300
SPY,2026-02-19,683.8400268554688,686.1799926757812,681.5499877929688,684.47998046875,680.8616333007812,58649400
SPY,2026-02-20,682.3200073242188,690.0599975585938,681.72998046875,689.4299926757812,685.7855834960938,100034000
SPY,2026-02-23,687.8300170898438,690.0,680.3699951171875,682.3900146484375,678.7827758789062,90558100
SPY,2026-02-24,681.9000244140625,688.3499755859375,680.0,687.3499755859375,683.7164916992188,73798700
SPY,2026-02-25,690.1799926757812,693.6799926757812,690.0999755859375,693.1500244140625,689.4859008789062,56369500
SPY,2026-02-26,693.280029296875,693.2999877929688,684.3499755859375,689.2999877929688,685.6561889648438,71671000
SPY,2026-02-27,683.0900268554688,686.8599853515625,681.6400146484375,685.989990234375,682.3637084960938,83308900
SPY,2026-03-02,678.7000122070312,688.6199951171875,678.02001953125,686.3800048828125,682.751708984375,87477200
SPY,2026-03-03,675.0599975585938,682.6099853515625,669.6599731445312,680.3300170898438,676.7337036132812,105003100
SPY,2026-03-04,681.6300048828125,687.0900268554688,679.6199951171875,685.1300048828125,681.5082397460938,79182200
SPY,2026-03-05,682.0800170898438,685.530029296875,675.6099853515625,681.3099975585938,677.70849609375,106606500
SPY,2026-03-06,673.4099731445312,676.1099853515625,669.760009765625,672.3800048828125,668.82568359375,100687000
SPY,2026-03-09,666.3900146484375,679.9199829101562,662.3900146484375,678.27001953125,674.6845703125,102667700
SPY,2026-03-10,677.719970703125,683.3599853515625,674.760009765625,677.1799926757812,673.6002807617188,81505300
SPY,2026-03-11,677.5800170898438,680.0800170898438,673.3400268554688,676.3300170898438,672.7548217773438,68441700
SPY,2026-03-12,671.1599731445312,671.6500244140625,665.8699951171875,666.0599975585938,662.5390625,108882200
SPY,2026-03-13,669.27001953125,672.3400268554688,661.3599853515625,662.2899780273438,658.7890014648438,97200200
SPY,2026-03-16,668.3800048828125,672.0700073242188,667.1199951171875,669.030029296875,665.493408203125,82023100
SPY,2026-03-17,672.3900146484375,674.4400024414062,669.7000122070312,670.7899780273438,667.2440185546875,87128000
SPY,2026-03-18,668.3599853515625,669.719970703125,661.1900024414062,661.4299926757812,657.9335327148438,82062600
SPY,2026-03-19,656.969970703125,662.97998046875,655.1699829101562,659.7999877929688,656.3121948242188,111272500
SPY,2026-03-20,656.510009765625,656.6900024414062,644.719970703125,648.5700073242188,646.9034423828125,163617500
SPY,2026-03-23,658.0700073242188,662.6199951171875,653.9400024414062,655.3800048828125,653.6959228515625,134802700
SPY,2026-03-24,651.3200073242188,657.030029296875,649.8800048828125,653.1799926757812,651.5015869140625,96457500
SPY,2026-03-25,658.6699829101562,660.8900146484375,654.239990234375,656.8200073242188,655.1322021484375,90653800
SPY,2026-03-26,652.0599975585938,654.8499755859375,644.8200073242188,645.0900268554688,643.432373046875,96494400
SPY,2026-03-27,642.5,642.6599731445312,633.1099853515625,634.0900268554688,632.4606323242188,103649400
SPY,2026-03-30,640.1099853515625,640.3699951171875,629.280029296875,631.969970703125,630.3460693359375,99275900
SPY,2026-03-31,638.9400024414062,651.5399780273438,637.97998046875,650.3400268554688,648.6688842773438,152534100
SPY,2026-04-01,653.9000244140625,658.52001953125,653.0,655.239990234375,653.5562744140625,97841500
SPY,2026-04-02,646.4199829101562,658.2000122070312,645.1099853515625,655.8300170898438,654.144775390625,68358700
SPY,2026-04-06,655.8599853515625,659.719970703125,655.52001953125,658.9299926757812,657.23681640625,39105800
SPY,2026-04-07,656.6500244140625,659.6099853515625,651.0599975585938,659.219970703125,657.5260009765625,69980400
SPY,2026-04-08,676.3900146484375,677.0800170898438,671.4600219726562,676.010009765625,674.27294921875,93606100
SPY,2026-04-09,674.8400268554688,681.1599731445312,673.77001953125,679.9099731445312,678.162841796875,57134400
SPY,2026-04-10,681.3200073242188,682.030029296875,678.4500122070312,679.4600219726562,677.7140502929688,42253500
SPY,2026-04-13,677.4099731445312,686.2999877929688,676.5800170898438,686.0999755859375,684.3369750976562,54185800
SPY,2026-04-14,687.6900024414062,694.5800170898438,687.6599731445312,694.4600219726562,692.675537109375,63480500
SPY,2026-04-15,695.260009765625,700.280029296875,694.2000122070312,699.9400024414062,698.1414184570312,58240400
SPY,2026-04-16,701.0599975585938,702.780029296875,698.530029296875,701.6599731445312,699.8569946289062,49972400
SPY,2026-04-17,706.1400146484375,712.3900146484375,705.760009765625,710.1400146484375,708.3152465820312,70661900
SPY,2026-04-20,708.780029296875,709.9099731445312,706.1400146484375,708.719970703125,706.8988037109375,43546800
SPY,2026-04-21,710.280029296875,711.280029296875,702.6400146484375,704.0800170898438,702.2708129882812,58941400
SPY,2026-04-22,709.1500244140625,711.4500122070312,708.219970703125,711.2100219726562,709.3825073242188,42518500
SPY,2026-04-23,709.5,712.3599853515625,702.280029296875,708.4500122070312,706.6295776367188,56174000
SPY,2026-04-24,710.75,714.469970703125,709.010009765625,713.9400024414062,712.10546875,45182000
SPY,2026-04-27,713.1699829101562,715.6300048828125,712.2999877929688,715.1699829101562,713.332275390625,33135900
SPY,2026-04-28,711.8200073242188,712.8800048828125,709.25,711.6900024414062,709.8612060546875,43117400
SPY,2026-04-29,711.0,712.2000122070312,708.3699951171875,711.5800170898438,709.7515258789062,41859200
SPY,2026-04-30,714.6300048828125,719.7899780273438,710.4500122070312,718.6599731445312,716.8132934570312,67240900
SPY,2026-05-01,721.25,724.8699951171875,720.469970703125,720.6500244140625,718.7982177734375,43049800
SPY,2026-05-04,720.0700073242188,722.1199951171875,714.989990234375,718.010009765625,716.1649780273438,51950600
SPY,2026-05-05,721.77001953125,725.0399780273438,721.489990234375,723.77001953125,721.9102172851562,36933200
SPY,2026-05-06,728.1599731445312,734.5900268554688,727.8200073242188,733.8300170898438,731.9443359375,53288900
SPY,2026-05-07,735.0499877929688,736.1300048828125,729.75,731.5800170898438,729.7001342773438,51724600
SPY,2026-05-08,734.9299926757812,738.0800170898438,734.5700073242188,737.6199951171875,735.724609375,47227100
SPY,2026-05-11,736.4500122070312,740.7899780273438,736.4500122070312,739.2999877929688,737.4002685546875,44024000
SPY,2026-05-12,736.8900146484375,738.8400268554688,731.8300170898438,738.1799926757812,736.2831420898438,54185300
SPY,2026-05-13,738.469970703125,743.9099731445312,735.469970703125,742.3099975585938,740.4025268554688,44200200
SPY,2026-05-14,743.6500244140625,749.530029296875,743.5599975585938,748.1699829101562,746.2474975585938,45307600
SPY,2026-05-15,741.7899780273438,743.4600219726562,737.9600219726562,739.1699829101562,737.2706298828125,60410800
SPY,2026-05-18,739.8300170898438,741.4199829101562,733.3900146484375,738.6500244140625,736.751953125,47843900
SPY,2026-05-19,734.780029296875,737.6500244140625,731.530029296875,733.72998046875,731.8446044921875,54255900
SPY,2026-05-20,735.7100219726562,741.8699951171875,733.8900146484375,741.25,739.3452758789062,45768000
SPY,2026-05-21,738.6400146484375,744.8699951171875,737.030029296875,742.719970703125,740.8114624023438,43332200
SPY,2026-05-22,746.239990234375,748.9400024414062,744.47998046875,745.6400146484375,743.7239990234375,41762000
SPY,2026-05-26,750.010009765625,752.1300048828125,748.3699951171875,750.5900268554688,748.6613159179688,41123600
SPY,2026-05-27,750.8800048828125,751.3800048828125,748.219970703125,750.4600219726562,748.5316162109375,42106300
SPY,2026-05-28,750.25,755.1500244140625,749.22998046875,754.5999755859375,752.6609497070312,41562600
SPY,2026-05-29,755.9000244140625,758.0800170898438,754.6900024414062,756.47998046875,754.5361328125,55075700
SPY,2026-06-01,755.3599853515625,760.280029296875,754.6900024414062,758.5399780273438,756.5908203125,43634900
SPY,2026-06-02,757.030029296875,760.4000244140625,756.75,759.5700073242188,757.6182250976562,31581900
SPY,2026-06-03,758.1500244140625,758.7999877929688,753.5700073242188,754.239990234375,752.3018798828125,51402500
SPY,2026-06-04,752.0999755859375,758.3099975585938,751.469970703125,757.0900268554688,755.1445922851562,49923000
SPY,2026-06-05,752.3099975585938,752.8200073242188,735.530029296875,737.5499877929688,735.65478515625,93989400
SPY,2026-06-08,743.3599853515625,745.3400268554688,738.1900024414062,739.219970703125,737.3204345703125,49319100
SPY,2026-06-09,743.6300048828125,746.9000244140625,722.5900268554688,737.0499877929688,735.1560668945312,87683500
SPY,2026-06-10,733.3900146484375,738.3800048828125,725.3300170898438,725.4299926757812,723.56591796875,60341300
SPY,2026-06-11,728.760009765625,740.0,724.4099731445312,737.760009765625,735.8642578125,86330500
SPY,2026-06-12,740.7100219726562,744.4400024414062,735.030029296875,741.75,739.843994140625,57079500
SPY,2026-06-15,751.8499755859375,756.6799926757812,751.760009765625,754.8300170898438,752.890380859375,60176400
SPY,2026-06-16,754.5499877929688,755.4400024414062,749.8800048828125,750.3300170898438,748.4019775390625,67093100
SPY,2026-06-17,751.2899780273438,752.1500244140625,739.219970703125,740.9600219726562,739.0560302734375,85945200
SPY,2026-06-18,747.760009765625,748.22998046875,743.8599853515625,746.739990234375,746.739990234375,80875700
TSLA,2025-05-30,355.5199890136719,363.67999267578125,345.2900085449219,346.4599914550781,346.4599914550781,123474900
TSLA,2025-06-02,343.5,348.0199890136719,333.3299865722656,342.69000244140625,342.69000244140625,81873800
TSLA,2025-06-03,346.6000061035156,355.3999938964844,343.0400085449219,344.2699890136719,344.2699890136719,99324500
TSLA,2025-06-04,345.1000061035156,345.6000061035156,327.3299865722656,332.04998779296875,332.04998779296875,98912100
TSLA,2025-06-05,322.489990234375,324.54998779296875,273.2099914550781,284.70001220703125,284.70001220703125,287499800
TSLA,2025-06-06,298.8299865722656,305.5,291.1400146484375,295.1400146484375,295.1400146484375,164747700
TSLA,2025-06-09,285.9599914550781,309.8299865722656,281.8500061035156,308.5799865722656,308.5799865722656,140908900
TSLA,2025-06-10,314.94000244140625,327.8299865722656,310.6700134277344,326.0899963378906,326.0899963378906,151256500
TSLA,2025-06-11,334.3999938964844,335.5,322.5,326.42999267578125,326.42999267578125,122611400
TSLA,2025-06-12,323.0799865722656,332.55999755859375,316.8599853515625,319.1099853515625,319.1099853515625,105127500
TSLA,2025-06-13,313.9700012207031,332.989990234375,313.29998779296875,325.30999755859375,325.30999755859375,128964300
TSLA,2025-06-16,331.2900085449219,332.04998779296875,326.4100036621094,329.1300048828125,329.1300048828125,83925900
TSLA,2025-06-17,326.0899963378906,327.260009765625,314.739990234375,316.3500061035156,316.3500061035156,88282700
TSLA,2025-06-18,317.30999755859375,329.32000732421875,315.45001220703125,322.04998779296875,322.04998779296875,95137700
TSLA,2025-06-20,327.95001220703125,332.3599853515625,317.7799987792969,322.1600036621094,322.1600036621094,108688000
TSLA,2025-06-23,327.5400085449219,357.5400085449219,327.4800109863281,348.67999267578125,348.67999267578125,190716800
TSLA,2025-06-24,356.1700134277344,356.260009765625,340.44000244140625,340.4700012207031,340.4700012207031,114736200
TSLA,2025-06-25,342.70001220703125,343.0,320.3999938964844,327.54998779296875,327.54998779296875,119845100
TSLA,2025-06-26,324.6099853515625,331.04998779296875,323.6099853515625,325.7799987792969,325.7799987792969,80440900
TSLA,2025-06-27,324.510009765625,329.3399963378906,317.5,323.6300048828125,323.6300048828125,89067000
TSLA,2025-06-30,319.8999938964844,325.5799865722656,316.6000061035156,317.6600036621094,317.6600036621094,76695100
TSLA,2025-07-01,298.4599914550781,305.8900146484375,293.2099914550781,300.7099914550781,300.7099914550781,145085700
TSLA,2025-07-02,312.6300048828125,316.8299865722656,303.82000732421875,315.6499938964844,315.6499938964844,119483700
TSLA,2025-07-03,317.989990234375,318.45001220703125,312.760009765625,315.3500061035156,315.3500061035156,58042300
TSLA,2025-07-07,291.3699951171875,296.1499938964844,288.7699890136719,293.94000244140625,293.94000244140625,131177900
TSLA,2025-07-08,297.0,304.04998779296875,294.3500061035156,297.80999755859375,297.80999755859375,103246700
TSLA,2025-07-09,297.54998779296875,300.1499938964844,293.54998779296875,295.8800048828125,295.8800048828125,75586800
TSLA,2025-07-10,300.04998779296875,310.4800109863281,300.0,309.8699951171875,309.8699951171875,104365300
TSLA,2025-07-11,307.8900146484375,314.0899963378906,305.6499938964844,313.510009765625,313.510009765625,79236400
TSLA,2025-07-14,317.7300109863281,322.6000061035156,312.6700134277344,316.8999938964844,316.8999938964844,78043400
TSLA,2025-07-15,319.67999267578125,321.20001220703125,310.5,310.7799987792969,310.7799987792969,77556300
TSLA,2025-07-16,312.79998779296875,323.5,312.6199951171875,321.6700134277344,321.6700134277344,97284800
TSLA,2025-07-17,323.1499938964844,324.3399963378906,317.05999755859375,319.4100036621094,319.4100036621094,73922900
TSLA,2025-07-18,321.6600036621094,330.8999938964844,321.4200134277344,329.6499938964844,329.6499938964844,94255000
TSLA,2025-07-21,334.3999938964844,338.0,326.8800048828125,328.489990234375,328.489990234375,75768800
TSLA,2025-07-22,329.739990234375,335.4100036621094,321.54998779296875,332.1099853515625,332.1099853515625,77370400
TSLA,2025-07-23,330.8999938964844,336.20001220703125,328.6700134277344,332.55999755859375,332.55999755859375,92553800
TSLA,2025-07-24,310.0,310.1499938964844,300.4100036621094,305.29998779296875,305.29998779296875,156966000
TSLA,2025-07-25,308.739990234375,323.6300048828125,308.010009765625,316.05999755859375,316.05999755859375,148227000
TSLA,2025-07-28,318.45001220703125,330.489990234375,315.69000244140625,325.5899963378906,325.5899963378906,112673800
TSLA,2025-07-29,325.54998779296875,326.25,318.25,321.20001220703125,321.20001220703125,87358900
TSLA,2025-07-30,322.17999267578125,324.45001220703125,311.6199951171875,319.0400085449219,319.0400085449219,83931900
TSLA,2025-07-31,319.6099853515625,321.3699951171875,306.1000061035156,308.2699890136719,308.2699890136719,85270900
TSLA,2025-08-01,306.2099914550781,309.30999755859375,297.82000732421875,302.6300048828125,302.6300048828125,89121400
TSLA,2025-08-04,309.0799865722656,312.1199951171875,303.0,309.260009765625,309.260009765625,78683900
TSLA,2025-08-05,308.95001220703125,312.45001220703125,305.5,308.7200012207031,308.7200012207031,57961300
TSLA,2025-08-06,307.8900146484375,320.4700012207031,306.92999267578125,319.9100036621094,319.9100036621094,78523600
TSLA,2025-08-07,319.7900085449219,322.3999938964844,316.1600036621094,322.2699890136719,322.2699890136719,66658700
TSLA,2025-08-08,321.42999267578125,335.1499938964844,320.9800109863281,329.6499938964844,329.6499938964844,91200300
TSLA,2025-08-11,335.0,346.6400146484375,334.1499938964844,339.0299987792969,339.0299987792969,105320200
TSLA,2025-08-12,345.0,345.260009765625,332.94000244140625,340.8399963378906,340.8399963378906,80522100
TSLA,2025-08-13,341.5,348.9800109863281,338.20001220703125,339.3800048828125,339.3800048828125,67838900
TSLA,2025-08-14,335.760009765625,340.4700012207031,330.3999938964844,335.5799865722656,335.5799865722656,75000700
TSLA,2025-08-15,337.6600036621094,339.29998779296875,327.0199890136719,330.55999755859375,330.55999755859375,74319800
TSLA,2025-08-18,329.6199951171875,336.2699890136719,329.5899963378906,335.1600036621094,335.1600036621094,56956600
TSLA,2025-08-19,335.7900085449219,340.54998779296875,327.8500061035156,329.30999755859375,329.30999755859375,75956000
TSLA,2025-08-20,329.2200012207031,331.3699951171875,314.6000061035156,323.8999938964844,323.8999938964844,77481800
TSLA,2025-08-21,322.0799865722656,324.8999938964844,318.67999267578125,320.1099853515625,320.1099853515625,55744400
TSLA,2025-08-22,321.6600036621094,340.25,319.69000244140625,340.010009765625,340.010009765625,94016300
TSLA,2025-08-25,338.8999938964844,349.5299987792969,335.0299987792969,346.6000061035156,346.6000061035156,86670000
TSLA,2025-08-26,344.92999267578125,351.8999938964844,343.7200012207031,351.6700134277344,351.6700134277344,76651600
TSLA,2025-08-27,351.94000244140625,355.3900146484375,349.1600036621094,349.6000061035156,349.6000061035156,65519000
TSLA,2025-08-28,350.9100036621094,353.54998779296875,340.260009765625,345.9800109863281,345.9800109863281,67903200
TSLA,2025-08-29,347.2300109863281,348.75,331.70001220703125,333.8699951171875,333.8699951171875,81145700
TSLA,2025-09-02,328.2300109863281,333.3299865722656,325.6000061035156,329.3599853515625,329.3599853515625,58392000
TSLA,2025-09-03,335.20001220703125,343.3299865722656,328.510009765625,334.0899963378906,334.0899963378906,88733300
TSLA,2025-09-04,336.1499938964844,338.8900146484375,331.4800109863281,338.5299987792969,338.5299987792969,60711000
TSLA,2025-09-05,348.0,355.8699951171875,344.67999267578125,350.8399963378906,350.8399963378906,108989800
TSLA,2025-09-08,354.6400146484375,358.44000244140625,344.8399963378906,346.3999938964844,346.3999938964844,75208300
TSLA,2025-09-09,348.44000244140625,350.7699890136719,343.82000732421875,346.9700012207031,346.9700012207031,53816000
TSLA,2025-09-10,350.54998779296875,356.3299865722656,346.07000732421875,347.7900085449219,347.7900085449219,72121700
TSLA,2025-09-11,350.1700134277344,368.989990234375,347.6000061035156,368.80999755859375,368.80999755859375,103756000
TSLA,2025-09-12,370.94000244140625,396.69000244140625,370.239990234375,395.94000244140625,395.94000244140625,168156400
TSLA,2025-09-15,423.1300048828125,425.70001220703125,402.42999267578125,410.0400085449219,410.0400085449219,163823700
TSLA,2025-09-16,414.5,423.25,411.42999267578125,421.6199951171875,421.6199951171875,104285700
TSLA,2025-09-17,415.75,428.30999755859375,409.6700134277344,425.8599853515625,425.8599853515625,106133500
TSLA,2025-09-18,428.8699951171875,432.2200012207031,416.55999755859375,416.8500061035156,416.8500061035156,90454500
TSLA,2025-09-19,421.82000732421875,429.4700012207031,421.7200012207031,426.07000732421875,426.07000732421875,93131000
TSLA,2025-09-22,431.1099853515625,444.9800109863281,429.1300048828125,434.2099914550781,434.2099914550781,97108800
TSLA,2025-09-23,439.8800048828125,440.9700012207031,423.7200012207031,425.8500061035156,425.8500061035156,83422700
TSLA,2025-09-24,429.8299865722656,444.2099914550781,429.0299987792969,442.7900085449219,442.7900085449219,93133600
TSLA,2025-09-25,435.239990234375,435.3500061035156,419.0799865722656,423.3900146484375,423.3900146484375,96746400
TSLA,2025-09-26,428.29998779296875,440.4700012207031,421.0199890136719,440.3999938964844,440.3999938964844,101628200
TSLA,2025-09-29,444.3500061035156,450.9800109863281,439.5,443.2099914550781,443.2099914550781,79491500
TSLA,2025-09-30,441.5199890136719,445.0,433.1199951171875,444.7200012207031,444.7200012207031,74358000
TSLA,2025-10-01,443.79998779296875,462.2900085449219,440.75,459.4599914550781,459.4599914550781,98122300
TSLA,2025-10-02,470.5400085449219,470.75,435.57000732421875,436.0,436.0,137009000
TSLA,2025-10-03,443.2900085449219,446.7699890136719,416.5799865722656,429.8299865722656,429.8299865722656,133188200
TSLA,2025-10-06,440.75,453.54998779296875,436.69000244140625,453.25,453.25,85324900
TSLA,2025-10-07,447.82000732421875,452.67999267578125,432.45001220703125,433.0899963378906,433.0899963378906,102296100
TSLA,2025-10-08,437.57000732421875,441.3299865722656,425.2300109863281,438.69000244140625,438.69000244140625,71192100
TSLA,2025-10-09,431.80999755859375,436.3500061035156,426.17999267578125,435.5400085449219,435.5400085449219,69339900
TSLA,2025-10-10,436.5400085449219,443.1300048828125,411.45001220703125,413.489990234375,413.489990234375,112107900
TSLA,2025-10-13,423.5299987792969,436.8900146484375,419.70001220703125,435.8999938964844,435.8999938964844,79552800
TSLA,2025-10-14,426.7900085449219,434.20001220703125,417.8599853515625,429.239990234375,429.239990234375,72669400
TSLA,2025-10-15,434.8999938964844,440.510009765625,426.3299865722656,435.1499938964844,435.1499938964844,71558200
TSLA,2025-10-16,434.7300109863281,439.3500061035156,421.30999755859375,428.75,428.75,77189900
TSLA,2025-10-17,425.5,441.4599914550781,423.6000061035156,439.30999755859375,439.30999755859375,89331600
TSLA,2025-10-20,443.8699951171875,449.79998779296875,440.6099853515625,447.42999267578125,447.42999267578125,63719000
TSLA,2025-10-21,445.760009765625,449.29998779296875,442.04998779296875,442.6000061035156,442.6000061035156,54412200
TSLA,2025-10-22,443.45001220703125,445.5400085449219,429.0,438.9700012207031,438.9700012207031,84023500
TSLA,2025-10-23,420.0,449.3999938964844,413.8999938964844,448.9800109863281,448.9800109863281,126709800
TSLA,2025-10-24,446.8299865722656,451.67999267578125,430.1700134277344,433.7200012207031,433.7200012207031,94727800
TSLA,2025-10-27,439.9800109863281,460.1600036621094,438.69000244140625,452.4200134277344,452.4200134277344,105867500
TSLA,2025-10-28,454.7799987792969,467.0,451.6000061035156,460.54998779296875,460.54998779296875,80185700
TSLA,2025-10-29,462.5,465.70001220703125,452.6499938964844,461.510009765625,461.510009765625,67983500
TSLA,2025-10-30,451.04998779296875,455.05999755859375,439.6099853515625,440.1000061035156,440.1000061035156,72447900
TSLA,2025-10-31,446.75,458.0,443.69000244140625,456.55999755859375,456.55999755859375,83135800
TSLA,2025-11-03,455.989990234375,474.07000732421875,453.79998779296875,468.3699951171875,468.3699951171875,84595200
TSLA,2025-11-04,454.4599914550781,460.2200012207031,443.6000061035156,444.260009765625,444.260009765625,87756600
TSLA,2025-11-05,452.04998779296875,466.3299865722656,440.7099914550781,462.07000732421875,462.07000732421875,85573000
TSLA,2025-11-06,461.9599914550781,467.45001220703125,435.0899963378906,445.9100036621094,445.9100036621094,109622900
TSLA,2025-11-07,437.9200134277344,439.3599853515625,421.8800048828125,429.5199890136719,429.5199890136719,103471500
TSLA,2025-11-10,439.6000061035156,449.6700134277344,433.3599853515625,445.2300109863281,445.2300109863281,76515900
TSLA,2025-11-11,439.3999938964844,442.489990234375,432.3599853515625,439.6199951171875,439.6199951171875,60533200
TSLA,2025-11-12,442.1499938964844,442.3299865722656,426.55999755859375,430.6000061035156,430.6000061035156,58513500
TSLA,2025-11-13,423.1300048828125,424.5,396.3399963378906,401.989990234375,401.989990234375,118948000
TSLA,2025-11-14,386.29998779296875,412.19000244140625,382.7799987792969,404.3500061035156,404.3500061035156,105506700
TSLA,2025-11-17,398.739990234375,423.9599914550781,398.739990234375,408.9200134277344,408.9200134277344,102214300
TSLA,2025-11-18,405.3800048828125,408.8999938964844,393.7099914550781,401.25,401.25,80688600
TSLA,2025-11-19,406.17999267578125,411.7799987792969,398.5,403.989990234375,403.989990234375,72047700
TSLA,2025-11-20,414.6300048828125,428.94000244140625,394.739990234375,395.2300109863281,395.2300109863281,113548800
TSLA,2025-11-21,402.32000732421875,402.79998779296875,383.760009765625,391.0899963378906,391.0899963378906,100460600
TSLA,2025-11-24,402.1700134277344,421.7200012207031,401.0899963378906,417.7799987792969,417.7799987792969,96806400
TSLA,2025-11-25,414.4200134277344,420.4800109863281,405.95001220703125,419.3999938964844,419.3999938964844,71915600
TSLA,2025-11-26,423.95001220703125,426.94000244140625,416.8900146484375,426.5799865722656,426.5799865722656,63463000
TSLA,2025-11-28,426.5899963378906,432.92999267578125,426.20001220703125,430.1700134277344,430.1700134277344,36252900
TSLA,2025-12-01,425.32000732421875,433.6600036621094,425.2900085449219,430.1400146484375,430.1400146484375,57463600
TSLA,2025-12-02,430.80999755859375,436.79998779296875,422.1199951171875,429.239990234375,429.239990234375,69336600
TSLA,2025-12-03,432.1000061035156,447.9200134277344,431.1099853515625,446.739990234375,446.739990234375,87483000
TSLA,2025-12-04,449.94000244140625,454.6300048828125,445.3900146484375,454.5299987792969,454.5299987792969,71906500
TSLA,2025-12-05,453.0299987792969,458.8699951171875,451.6600036621094,455.0,455.0,56427500
TSLA,2025-12-08,447.45001220703125,449.75,435.25,439.5799865722656,439.5799865722656,69165800
TSLA,2025-12-09,437.5400085449219,452.3900146484375,435.70001220703125,445.1700134277344,445.1700134277344,62367400
TSLA,2025-12-10,446.07000732421875,456.8800048828125,443.6099853515625,451.45001220703125,451.45001220703125,63257500
TSLA,2025-12-11,448.95001220703125,449.2699890136719,440.3299865722656,446.8900146484375,446.8900146484375,55979500
TSLA,2025-12-12,448.0899963378906,463.010009765625,441.6700134277344,458.9599914550781,458.9599914550781,95656700
TSLA,2025-12-15,469.44000244140625,481.7699890136719,467.6600036621094,475.30999755859375,475.30999755859375,114542200
TSLA,2025-12-16,472.2099914550781,491.5,465.8299865722656,489.8800048828125,489.8800048828125,107608100
TSLA,2025-12-17,488.2200012207031,495.2799987792969,466.20001220703125,467.260009765625,467.260009765625,106490400
TSLA,2025-12-18,478.1600036621094,490.8599853515625,473.1199951171875,483.3699951171875,483.3699951171875,95168400
TSLA,2025-12-19,488.1199951171875,490.489990234375,474.7200012207031,481.20001220703125,481.20001220703125,103305400
TSLA,2025-12-22,489.8800048828125,498.8299865722656,485.3299865722656,488.7300109863281,488.7300109863281,86916100
TSLA,2025-12-23,489.3999938964844,491.9700012207031,482.8399963378906,485.55999755859375,485.55999755859375,58223600
TSLA,2025-12-24,488.4800109863281,490.8999938964844,476.79998779296875,485.3999938964844,485.3999938964844,41285400
TSLA,2025-12-26,485.2300109863281,489.0899963378906,473.82000732421875,475.19000244140625,475.19000244140625,58780700
TSLA,2025-12-29,469.0,469.3999938964844,459.0,459.6400146484375,459.6400146484375,66263000
TSLA,2025-12-30,461.0899963378906,463.1199951171875,453.8299865722656,454.42999267578125,454.42999267578125,59238500
TSLA,2025-12-31,456.1000061035156,456.54998779296875,449.29998779296875,449.7200012207031,449.7200012207031,49078000
TSLA,2026-01-02,457.79998779296875,458.3399963378906,435.29998779296875,438.07000732421875,438.07000732421875,85535400
TSLA,2026-01-05,447.989990234375,457.54998779296875,444.57000732421875,451.6700134277344,451.6700134277344,67940800
TSLA,2026-01-06,446.3800048828125,448.25,428.7799987792969,432.9599914550781,432.9599914550781,89093800
TSLA,2026-01-07,435.8999938964844,438.3699951171875,431.2900085449219,431.4100036621094,431.4100036621094,59828800
TSLA,2026-01-08,427.8900146484375,436.8900146484375,424.3699951171875,435.79998779296875,435.79998779296875,57041100
TSLA,2026-01-09,435.95001220703125,449.04998779296875,430.3900146484375,445.010009765625,445.010009765625,67331500
TSLA,2026-01-12,441.2300109863281,454.29998779296875,438.0,448.9599914550781,448.9599914550781,61649600
TSLA,2026-01-13,450.20001220703125,451.80999755859375,443.95001220703125,447.20001220703125,447.20001220703125,53719200
TSLA,2026-01-14,442.80999755859375,443.9100036621094,434.2200012207031,439.20001220703125,439.20001220703125,57259500
TSLA,2026-01-15,441.1300048828125,445.3599853515625,437.6499938964844,438.57000732421875,438.57000732421875,49465800
TSLA,2026-01-16,439.5,447.25,435.260009765625,437.5,437.5,60220600
TSLA,2026-01-20,429.3599853515625,430.7300109863281,417.44000244140625,419.25,419.25,63187300
TSLA,2026-01-21,421.6600036621094,438.20001220703125,419.6199951171875,431.44000244140625,431.44000244140625,68124000
TSLA,2026-01-22,435.1600036621094,449.5,432.6300048828125,449.3599853515625,449.3599853515625,71546700
TSLA,2026-01-23,447.42999267578125,452.42999267578125,444.0400085449219,449.05999755859375,449.05999755859375,56771400
TSLA,2026-01-26,445.0,445.0400085449219,434.2799987792969,435.20001220703125,435.20001220703125,49397400
TSLA,2026-01-27,437.4100036621094,437.5199890136719,430.69000244140625,430.8999938964844,430.8999938964844,37733100
TSLA,2026-01-28,431.9100036621094,438.260009765625,430.1000061035156,431.4599914550781,431.4599914550781,54857400
TSLA,2026-01-29,437.79998779296875,440.2300109863281,414.6199951171875,416.55999755859375,416.55999755859375,81686100
TSLA,2026-01-30,425.3500061035156,439.8800048828125,422.70001220703125,430.4100036621094,430.4100036621094,82626100
TSLA,2026-02-02,421.2900085449219,427.1499938964844,414.5,421.80999755859375,421.80999755859375,58739500
TSLA,2026-02-03,424.2699890136719,428.55999755859375,413.69000244140625,421.9599914550781,421.9599914550781,56886500
TSLA,2026-02-04,420.4599914550781,423.8999938964844,399.17999267578125,406.010009765625,406.010009765625,74606900
TSLA,2026-02-05,397.0199890136719,402.1000061035156,387.5299987792969,397.2099914550781,397.2099914550781,72819800
TSLA,2026-02-06,400.8699951171875,414.54998779296875,397.75,411.1099853515625,411.1099853515625,62677100
TSLA,2026-02-09,409.9100036621094,421.25,407.2900085449219,417.32000732421875,417.32000732421875,54484300
TSLA,2026-02-10,418.0799865722656,427.25,417.0,425.2099914550781,425.2099914550781,64450200
TSLA,2026-02-11,427.9599914550781,436.3500061035156,420.0299987792969,428.2699890136719,428.2699890136719,57362000
TSLA,2026-02-12,430.29998779296875,436.2300109863281,414.0,417.07000732421875,417.07000732421875,61933400
TSLA,2026-02-13,414.30999755859375,424.05999755859375,410.8800048828125,417.44000244140625,417.44000244140625,51434100
TSLA,2026-02-17,412.3599853515625,413.7200012207031,400.510009765625,410.6300048828125,410.6300048828125,59678800
TSLA,2026-02-18,411.1099853515625,416.8999938964844,409.5799865722656,411.32000732421875,411.32000732421875,45921400
TSLA,2026-02-19,407.25,415.25,404.1099853515625,411.7099914550781,411.7099914550781,51019600
TSLA,2026-02-20,408.29998779296875,414.70001220703125,405.5,411.82000732421875,411.82000732421875,57912200
TSLA,2026-02-23,407.2900085449219,407.70001220703125,394.0400085449219,399.8299865722656,399.8299865722656,69680000
TSLA,2026-02-24,399.5,410.82000732421875,397.6400146484375,409.3800048828125,409.3800048828125,58579500
TSLA,2026-02-25,412.1499938964844,420.3399963378906,412.1499938964844,417.3999938964844,417.3999938964844,54809700
TSLA,2026-02-26,414.4200134277344,416.80999755859375,403.6600036621094,408.5799865722656,408.5799865722656,53602500
TSLA,2026-02-27,402.94000244140625,407.1199951171875,398.1099853515625,402.510009765625,402.510009765625,56890100
TSLA,2026-03-02,390.6000061035156,404.5400085449219,388.25,403.32000732421875,403.32000732421875,55088300
TSLA,2026-03-03,395.0899963378906,396.3399963378906,385.3900146484375,392.42999267578125,392.42999267578125,62617300
TSLA,2026-03-04,397.8500061035156,408.3299865722656,394.5799865722656,405.94000244140625,405.94000244140625,68305500
TSLA,2026-03-05,401.57000732421875,408.6199951171875,399.4200134277344,405.54998779296875,405.54998779296875,51925900
TSLA,2026-03-06,398.0899963378906,402.3500061035156,394.2099914550781,396.7300109863281,396.7300109863281,64054600
TSLA,2026-03-09,390.04998779296875,401.5899963378906,381.3999938964844,398.67999267578125,398.67999267578125,67018900
TSLA,2026-03-10,402.2200012207031,406.5899963378906,398.19000244140625,399.239990234375,399.239990234375,59258700
TSLA,2026-03-11,402.2799987792969,416.3800048828125,402.1499938964844,407.82000732421875,407.82000732421875,62559900
TSLA,2026-03-12,405.17999267578125,406.5,394.6499938964844,395.010009765625,395.010009765625,60973800
TSLA,2026-03-13,399.1700134277344,400.20001220703125,389.95001220703125,391.20001220703125,391.20001220703125,58504100
TSLA,2026-03-16,396.2200012207031,403.7300109863281,394.4200134277344,395.55999755859375,395.55999755859375,58068300
TSLA,2026-03-17,395.69000244140625,400.1199951171875,393.0,399.2699890136719,399.2699890136719,46890500
TSLA,2026-03-18,399.0,403.07000732421875,392.30999755859375,392.7799987792969,392.7799987792969,50853100
TSLA,2026-03-19,387.2699890136719,387.2699890136719,378.7300109863281,380.29998779296875,380.29998779296875,67078300
TSLA,2026-03-20,379.8500061035156,379.8900146484375,364.4599914550781,367.9599914550781,367.9599914550781,78628600
TSLA,2026-03-23,373.0899963378906,385.3299865722656,372.7300109863281,380.8500061035156,380.8500061035156,74606000
TSLA,2026-03-24,376.55999755859375,387.4800109863281,376.30999755859375,383.0299987792969,383.0299987792969,60004900
TSLA,2026-03-25,389.989990234375,396.2300109863281,385.010009765625,385.95001220703125,385.95001220703125,55157300
TSLA,2026-03-26,381.6000061035156,384.44000244140625,371.8699951171875,372.1099853515625,372.1099853515625,55522900
TSLA,2026-03-27,369.69000244140625,369.8599853515625,359.4700012207031,361.8299865722656,361.8299865722656,62065700
TSLA,2026-03-30,365.8599853515625,367.2900085449219,352.1400146484375,355.2799987792969,355.2799987792969,67954400
TSLA,2026-03-31,361.510009765625,373.3299865722656,361.0,371.75,371.75,75534900
TSLA,2026-04-01,378.6300048828125,383.1400146484375,374.0799865722656,381.260009765625,381.260009765625,58683800
TSLA,2026-04-02,364.20001220703125,370.2799987792969,359.0299987792969,360.5899963378906,360.5899963378906,83031200
TSLA,2026-04-06,362.5899963378906,367.7200012207031,346.6400146484375,352.82000732421875,352.82000732421875,77697600
TSLA,2026-04-07,346.44000244140625,348.0199890136719,337.239990234375,346.6499938964844,346.6499938964844,74515400
TSLA,2026-04-08,363.7900085449219,364.5,339.6700134277344,343.25,343.25,78838600
TSLA,2026-04-09,343.1499938964844,348.8800048828125,337.25,345.6199951171875,345.6199951171875,62164000
TSLA,2026-04-10,346.2900085449219,350.3599853515625,342.739990234375,348.95001220703125,348.95001220703125,51336000
TSLA,2026-04-13,350.07000732421875,356.3500061035156,348.57000732421875,352.4200134277344,352.4200134277344,53617500
TSLA,2026-04-14,357.6700134277344,367.6300048828125,354.7699890136719,364.20001220703125,364.20001220703125,59979600
TSLA,2026-04-15,366.8299865722656,394.6499938964844,362.5,391.95001220703125,391.95001220703125,113810400
TSLA,2026-04-16,393.80999755859375,394.05999755859375,381.79998779296875,388.8999938964844,388.8999938964844,63515100
TSLA,2026-04-17,395.9200134277344,409.2799987792969,391.6499938964844,400.6199951171875,400.6199951171875,90640000
TSLA,2026-04-20,402.5799865722656,406.79998779296875,388.3299865722656,392.5,392.5,64603900
TSLA,2026-04-21,393.0,393.95001220703125,385.2200012207031,386.4200134277344,386.4200134277344,50530600
TSLA,2026-04-22,387.57000732421875,393.010009765625,385.29998779296875,387.510009765625,387.510009765625,62362800
TSLA,2026-04-23,375.2799987792969,386.0,368.3900146484375,373.7200012207031,373.7200012207031,93969500
TSLA,2026-04-24,373.5,382.760009765625,370.7300109863281,376.29998779296875,376.29998779296875,62893300
TSLA,2026-04-27,372.0899963378906,380.7799987792969,364.0199890136719,378.6700134277344,378.6700134277344,66735800
TSLA,2026-04-28,374.67999267578125,382.2900085449219,372.5400085449219,376.0199890136719,376.0199890136719,50864400
TSLA,2026-04-29,375.3999938964844,376.3999938964844,370.0400085449219,372.79998779296875,372.79998779296875,45384800
TSLA,2026-04-30,372.75,384.75,368.1700134277344,381.6300048828125,381.6300048828125,51076000
TSLA,2026-05-01,382.489990234375,397.82000732421875,378.79998779296875,390.82000732421875,390.82000732421875,65338300
TSLA,2026-05-04,390.2300109863281,394.6400146484375,384.79998779296875,392.510009765625,392.510009765625,48765100
TSLA,2026-05-05,395.19000244140625,402.1199951171875,389.0,389.3699951171875,389.3699951171875,47780600
TSLA,2026-05-06,386.25,401.67999267578125,384.0199890136719,398.7300109863281,398.7300109863281,53465400
TSLA,2026-05-07,407.4800109863281,415.8299865722656,402.1199951171875,411.7900085449219,411.7900085449219,64294200
TSLA,2026-05-08,416.4800109863281,431.20001220703125,416.3900146484375,428.3500061035156,428.3500061035156,65050000
TSLA,2026-05-11,422.1600036621094,449.1600036621094,416.79998779296875,445.0,445.0,78376100
TSLA,2026-05-12,441.4100036621094,447.79998779296875,422.260009765625,433.45001220703125,433.45001220703125,60569300
TSLA,2026-05-13,436.6700134277344,453.3999938964844,430.2099914550781,445.2699890136719,445.2699890136719,68283200
TSLA,2026-05-14,446.489990234375,451.9800109863281,441.1600036621094,443.29998779296875,443.29998779296875,46070400
TSLA,2026-05-15,433.9800109863281,434.6600036621094,422.0,422.239990234375,422.239990234375,52688700
TSLA,2026-05-18,419.2699890136719,421.1300048828125,405.3299865722656,409.989990234375,409.989990234375,52474200
TSLA,2026-05-19,403.1600036621094,405.6300048828125,393.6300048828125,404.1099853515625,404.1099853515625,46500600
TSLA,2026-05-20,407.6000061035156,417.4599914550781,406.3900146484375,417.260009765625,417.260009765625,45294700
TSLA,2026-05-21,422.17999267578125,426.95001220703125,412.8999938964844,417.8500061035156,417.8500061035156,42636900
TSLA,2026-05-22,422.6700134277344,431.510009765625,420.510009765625,426.010009765625,426.010009765625,46104700
TSLA,2026-05-26,430.260009765625,435.20001220703125,426.1199951171875,433.5899963378906,433.5899963378906,45658900
TSLA,2026-05-27,442.8900146484375,445.6000061035156,435.5199890136719,440.3599853515625,440.3599853515625,44656500
TSLA,2026-05-28,437.6199951171875,443.9599914550781,436.29998779296875,442.1000061035156,442.1000061035156,32435000
TSLA,2026-05-29,439.8500061035156,441.07000732421875,428.1400146484375,435.7900085449219,435.7900085449219,45176800
TSLA,2026-06-01,427.489990234375,429.6000061035156,415.42999267578125,415.8800048828125,415.8800048828125,44937900
TSLA,2026-06-02,418.2200012207031,424.4200134277344,413.6499938964844,423.739990234375,423.739990234375,37596000
TSLA,2026-06-03,418.70001220703125,433.6000061035156,416.0,423.70001220703125,423.70001220703125,44500700
TSLA,2026-06-04,419.8399963378906,426.3500061035156,417.1600036621094,418.45001220703125,418.45001220703125,35323300
TSLA,2026-06-05,420.5,424.67999267578125,388.5899963378906,391.0,391.0,63420200
TSLA,2026-06-08,396.3299865722656,412.94000244140625,394.7200012207031,408.95001220703125,408.95001220703125,50328800
TSLA,2026-06-09,411.0299987792969,418.5,384.239990234375,396.67999267578125,396.67999267578125,59940200
TSLA,2026-06-10,391.5400085449219,397.0899963378906,380.1499938964844,381.5899963378906,381.5899963378906,49695600
TSLA,2026-06-11,388.2799987792969,399.5400085449219,380.6600036621094,399.1499938964844,399.1499938964844,45324300
TSLA,2026-06-12,399.489990234375,406.67999267578125,386.760009765625,406.42999267578125,406.42999267578125,63514500
TSLA,2026-06-15,412.3699951171875,416.0,407.1000061035156,411.1499938964844,411.1499938964844,45620500
TSLA,2026-06-16,404.1099853515625,412.4200134277344,400.5400085449219,404.6600036621094,404.6600036621094,40255500
TSLA,2026-06-17,401.5299987792969,405.94000244140625,393.760009765625,396.3800048828125,396.3800048828125,43534300
TSLA,2026-06-18,398.1000061035156,402.5199890136719,384.70001220703125,400.489990234375,400.489990234375,58384700
UAL,2025-05-30,77.61000061035156,80.05999755859375,77.11000061035156,79.44000244140625,79.44000244140625,7487000
UAL,2025-06-02,78.93000030517578,81.4000015258789,77.48999786376953,81.2300033569336,81.2300033569336,6925500
UAL,2025-06-03,81.30000305175781,81.91999816894531,80.37999725341797,81.08000183105469,81.08000183105469,5370000
UAL,2025-06-04,81.06999969482422,82.48999786376953,80.30999755859375,81.62000274658203,81.62000274658203,5055500
UAL,2025-06-05,81.16999816894531,82.58000183105469,79.58000183105469,80.3499984741211,80.3499984741211,6021600
UAL,2025-06-06,82.1500015258789,84.3499984741211,81.69999694824219,84.2300033569336,84.2300033569336,5842700
UAL,2025-06-09,85.12999725341797,85.80000305175781,83.43000030517578,83.47000122070312,83.47000122070312,6959300
UAL,2025-06-10,83.26000213623047,84.19000244140625,82.12999725341797,83.19999694824219,83.19999694824219,4795100
UAL,2025-06-11,83.5,83.87000274658203,77.72000122070312,78.62999725341797,78.62999725341797,8318800
UAL,2025-06-12,77.16000366210938,77.73999786376953,75.62999725341797,77.43000030517578,77.43000030517578,7626400
UAL,2025-06-13,73.18000030517578,76.16000366210938,72.5199966430664,74.0,74.0,10129300
UAL,2025-06-16,75.45999908447266,78.87000274658203,74.75,78.5199966430664,78.5199966430664,8555200
UAL,2025-06-17,77.01000213623047,77.25,73.05000305175781,73.66999816894531,73.66999816894531,9396500
UAL,2025-06-18,73.44999694824219,76.05000305175781,73.3499984741211,74.30000305175781,74.30000305175781,8039300
UAL,2025-06-20,74.38999938964844,75.20999908447266,73.70999908447266,74.2699966430664,74.2699966430664,8660200
UAL,2025-06-23,73.5,77.33999633789062,71.55000305175781,76.97000122070312,76.97000122070312,11985200
UAL,2025-06-24,79.69999694824219,80.77999877929688,77.94000244140625,79.0199966430664,79.0199966430664,7187800
UAL,2025-06-25,79.4000015258789,79.4000015258789,76.16999816894531,76.7300033569336,76.7300033569336,5483200
UAL,2025-06-26,77.3499984741211,78.47000122070312,76.91999816894531,77.55000305175781,77.55000305175781,4633600
UAL,2025-06-27,77.87000274658203,79.75,77.36000061035156,79.18000030517578,79.18000030517578,6495700
UAL,2025-06-30,79.72000122070312,80.06999969482422,79.01000213623047,79.62999725341797,79.62999725341797,4897100
UAL,2025-07-01,79.29000091552734,80.94000244140625,78.81999969482422,80.05000305175781,80.05000305175781,5013100
UAL,2025-07-02,80.26000213623047,81.25,78.33000183105469,81.01000213623047,81.01000213623047,5407700
UAL,2025-07-03,81.72000122070312,83.63999938964844,81.5,82.36000061035156,82.36000061035156,4047700
UAL,2025-07-07,81.87999725341797,83.91000366210938,80.08000183105469,81.11000061035156,81.11000061035156,4986600
UAL,2025-07-08,82.0,83.48999786376953,80.95999908447266,81.20999908447266,81.20999908447266,5442700
UAL,2025-07-09,82.43000030517578,83.13999938964844,79.86000061035156,80.18000030517578,80.18000030517578,5688800
UAL,2025-07-10,87.33000183105469,93.72000122070312,84.88999938964844,91.66999816894531,91.66999816894531,20761500
UAL,2025-07-11,90.98999786376953,90.98999786376953,87.16000366210938,87.69000244140625,87.69000244140625,9855500
UAL,2025-07-14,87.75,89.05000305175781,86.5199966430664,88.94000244140625,88.94000244140625,5901700
UAL,2025-07-15,89.12999725341797,89.6500015258789,86.37000274658203,86.37999725341797,86.37999725341797,7373900
UAL,2025-07-16,87.7699966430664,88.66999816894531,85.80999755859375,88.47000122070312,88.47000122070312,15492000
UAL,2025-07-17,91.88999938964844,94.56999969482422,89.05000305175781,91.22000122070312,91.22000122070312,23413400
UAL,2025-07-18,91.61000061035156,92.77999877929688,89.7300033569336,92.25,92.25,7634000
UAL,2025-07-21,92.55000305175781,92.93000030517578,91.06999969482422,92.3499984741211,92.3499984741211,6664700
UAL,2025-07-22,92.25,92.25,89.36000061035156,90.77999877929688,90.77999877929688,6769600
UAL,2025-07-23,91.25,91.87999725341797,90.30000305175781,90.43000030517578,90.43000030517578,5372300
UAL,2025-07-24,88.83999633789062,92.8499984741211,87.94999694824219,89.7300033569336,89.7300033569336,7330000
UAL,2025-07-25,89.5,91.58999633789062,89.0999984741211,91.11000061035156,91.11000061035156,5263300
UAL,2025-07-28,91.36000061035156,93.08000183105469,90.5999984741211,92.43000030517578,92.43000030517578,5138600
UAL,2025-07-29,92.80999755859375,93.44000244140625,90.27999877929688,90.6500015258789,90.6500015258789,5144600
UAL,2025-07-30,90.91999816894531,91.37999725341797,89.0999984741211,90.23999786376953,90.23999786376953,4661800
UAL,2025-07-31,90.51000213623047,90.93000030517578,88.0199966430664,88.30999755859375,88.30999755859375,5957400
UAL,2025-08-01,85.43000030517578,85.69999694824219,82.41999816894531,84.56999969482422,84.56999969482422,7304100
UAL,2025-08-04,85.30999755859375,87.13999938964844,84.93000030517578,87.01000213623047,87.01000213623047,5135700
UAL,2025-08-05,87.44999694824219,87.8499984741211,85.87999725341797,87.66000366210938,87.66000366210938,3817000
UAL,2025-08-06,87.75,89.30000305175781,87.51000213623047,88.87000274658203,88.87000274658203,4046600
UAL,2025-08-07,89.16000366210938,89.19999694824219,86.9800033569336,87.9800033569336,87.9800033569336,3686500
UAL,2025-08-08,88.19000244140625,90.43000030517578,87.06999969482422,89.29000091552734,89.29000091552734,4643000
UAL,2025-08-11,89.48999786376953,91.0999984741211,89.1500015258789,89.33000183105469,89.33000183105469,4008100
UAL,2025-08-12,91.98999786376953,98.8499984741211,91.83999633789062,98.47000122070312,98.47000122070312,11540800
UAL,2025-08-13,98.66999816894531,100.05999755859375,97.16999816894531,99.79000091552734,99.79000091552734,6048200
UAL,2025-08-14,98.0199966430664,99.33000183105469,97.5199966430664,99.13999938964844,99.13999938964844,3879000
UAL,2025-08-15,99.7699966430664,101.47000122070312,99.33999633789062,100.93000030517578,100.93000030517578,6343700
UAL,2025-08-18,100.25,102.76000213623047,99.66999816894531,102.37000274658203,102.37000274658203,3886400
UAL,2025-08-19,102.43000030517578,103.55000305175781,101.4000015258789,102.19000244140625,102.19000244140625,3732100
UAL,2025-08-20,100.5,101.72000122070312,98.2300033569336,99.83999633789062,99.83999633789062,4408200
UAL,2025-08-21,99.3499984741211,99.43000030517578,96.6500015258789,97.19000244140625,97.19000244140625,3740700
UAL,2025-08-22,97.61000061035156,103.29000091552734,97.5199966430664,102.9800033569336,102.9800033569336,6043200
UAL,2025-08-25,102.0,103.11000061035156,101.66000366210938,102.33999633789062,102.33999633789062,2856200
UAL,2025-08-26,102.5,104.36000061035156,102.27999877929688,104.12999725341797,104.12999725341797,3905700
UAL,2025-08-27,104.0,105.30000305175781,103.16000366210938,104.20999908447266,104.20999908447266,3158600
UAL,2025-08-28,104.93000030517578,106.27999877929688,103.37000274658203,105.08000183105469,105.08000183105469,3985900
UAL,2025-08-29,105.0,105.8499984741211,104.05000305175781,105.0,105.0,2868900
UAL,2025-09-02,102.98999786376953,104.7699966430664,101.75,104.68000030517578,104.68000030517578,7055000
UAL,2025-09-03,105.0999984741211,109.69000244140625,104.93000030517578,106.16000366210938,106.16000366210938,5783900
UAL,2025-09-04,106.0999984741211,109.30000305175781,105.41000366210938,106.05000305175781,106.05000305175781,5044200
UAL,2025-09-05,106.44000244140625,107.61000061035156,105.29000091552734,106.58999633789062,106.58999633789062,3634100
UAL,2025-09-08,107.4800033569336,109.44000244140625,106.20999908447266,107.7699966430664,107.7699966430664,5219200
UAL,2025-09-09,107.41999816894531,107.91000366210938,103.97000122070312,105.6500015258789,105.6500015258789,5259500
UAL,2025-09-10,105.9800033569336,108.13999938964844,105.30999755859375,107.51000213623047,107.51000213623047,5245300
UAL,2025-09-11,108.94000244140625,110.66000366210938,105.05999755859375,109.36000061035156,109.36000061035156,8182600
UAL,2025-09-12,108.94999694824219,109.56999969482422,106.5,106.58000183105469,106.58000183105469,6077800
UAL,2025-09-15,106.6500015258789,106.81999969482422,103.30999755859375,104.55000305175781,104.55000305175781,4722000
UAL,2025-09-16,104.5,105.23999786376953,102.0999984741211,104.19999694824219,104.19999694824219,4989400
UAL,2025-09-17,104.58000183105469,108.1500015258789,104.19000244140625,105.51000213623047,105.51000213623047,4918200
UAL,2025-09-18,106.4800033569336,107.19999694824219,105.0199966430664,105.37999725341797,105.37999725341797,4302200
UAL,2025-09-19,105.72000122070312,106.69999694824219,103.8499984741211,106.30999755859375,106.30999755859375,11193200
UAL,2025-09-22,105.87999725341797,105.95999908447266,101.25,104.18000030517578,104.18000030517578,6791700
UAL,2025-09-23,104.23999786376953,106.5,103.98999786376953,104.12999725341797,104.12999725341797,4071600
UAL,2025-09-24,104.70999908447266,104.70999908447266,100.91999816894531,101.38999938964844,101.38999938964844,5796900
UAL,2025-09-25,99.8499984741211,100.7699966430664,98.56999969482422,99.1500015258789,99.1500015258789,4082600
UAL,2025-09-26,100.33999633789062,101.05000305175781,97.7699966430664,97.91000366210938,97.91000366210938,5310700
UAL,2025-09-29,99.88999938964844,100.22000122070312,96.3499984741211,98.63999938964844,98.63999938964844,6437100
UAL,2025-09-30,98.63999938964844,99.19000244140625,94.80999755859375,96.5,96.5,5646100
UAL,2025-10-01,95.98999786376953,96.51000213623047,93.05999755859375,93.1500015258789,93.1500015258789,6303000
UAL,2025-10-02,93.63999938964844,95.4000015258789,92.9000015258789,94.83000183105469,94.83000183105469,4153200
UAL,2025-10-03,95.4000015258789,95.97000122070312,94.16999816894531,95.33000183105469,95.33000183105469,4403600
UAL,2025-10-06,96.0,97.29000091552734,94.55000305175781,97.06999969482422,97.06999969482422,3792600
UAL,2025-10-07,97.4000015258789,97.7300033569336,95.19999694824219,96.6500015258789,96.6500015258789,3745000
UAL,2025-10-08,96.97000122070312,98.73999786376953,95.94000244140625,98.08999633789062,98.08999633789062,6442400
UAL,2025-10-09,103.61000061035156,106.19999694824219,99.5199966430664,101.33999633789062,101.33999633789062,8098000
UAL,2025-10-10,101.72000122070312,103.87000274658203,96.38999938964844,96.66999816894531,96.66999816894531,6656800
UAL,2025-10-13,98.30999755859375,100.9000015258789,97.7699966430664,99.25,99.25,4611600
UAL,2025-10-14,97.5,103.8499984741211,97.19999694824219,103.1500015258789,103.1500015258789,6591800
UAL,2025-10-15,103.94000244140625,104.52999877929688,102.7300033569336,104.05000305175781,104.05000305175781,10114200
UAL,2025-10-16,102.94000244140625,106.44999694824219,94.05000305175781,98.19000244140625,98.19000244140625,24758500
UAL,2025-10-17,98.37999725341797,100.08999633789062,97.5999984741211,99.13999938964844,99.13999938964844,7564300
UAL,2025-10-20,99.31999969482422,103.05000305175781,98.23999786376953,101.29000091552734,101.29000091552734,7564500
UAL,2025-10-21,100.87999725341797,101.66999816894531,99.41999816894531,100.11000061035156,100.11000061035156,5740900
UAL,2025-10-22,100.0999984741211,100.91000366210938,96.16000366210938,96.2699966430664,96.2699966430664,5415300
UAL,2025-10-23,96.75,97.0999984741211,93.33000183105469,95.68000030517578,95.68000030517578,6865700
UAL,2025-10-24,97.08999633789062,99.91000366210938,96.69000244140625,99.30999755859375,99.30999755859375,6343700
UAL,2025-10-27,100.5,100.69999694824219,98.25,98.80000305175781,98.80000305175781,4016400
UAL,2025-10-28,98.69999694824219,98.69999694824219,94.5,94.94000244140625,94.94000244140625,5628600
UAL,2025-10-29,95.20999908447266,97.56999969482422,94.5,95.93000030517578,95.93000030517578,6339300
UAL,2025-10-30,94.93000030517578,95.76000213623047,92.33999633789062,93.37999725341797,93.37999725341797,6272300
UAL,2025-10-31,93.48999786376953,94.80000305175781,92.91000366210938,94.04000091552734,94.04000091552734,5829900
UAL,2025-11-03,94.0,96.95999908447266,93.12999725341797,96.11000061035156,96.11000061035156,5271500
UAL,2025-11-04,94.23999786376953,94.66000366210938,90.56999969482422,90.7699966430664,90.7699966430664,6986600
UAL,2025-11-05,92.27999877929688,98.05000305175781,91.48999786376953,96.6500015258789,96.6500015258789,6757000
UAL,2025-11-06,95.3499984741211,96.62999725341797,93.95999908447266,95.72000122070312,95.72000122070312,5783400
UAL,2025-11-07,93.30999755859375,100.29000091552734,92.5,97.43000030517578,97.43000030517578,6143800
UAL,2025-11-10,99.19999694824219,100.62000274658203,95.41000366210938,96.13999938964844,96.13999938964844,5975500
UAL,2025-11-11,95.81999969482422,97.0,93.55999755859375,94.94999694824219,94.94999694824219,5037000
UAL,2025-11-12,95.55999755859375,100.23999786376953,95.41000366210938,99.97000122070312,99.97000122070312,5967000
UAL,2025-11-13,98.9000015258789,101.33999633789062,96.61000061035156,97.16999816894531,97.16999816894531,4367000
UAL,2025-11-14,95.0,96.33999633789062,94.23999786376953,95.02999877929688,95.02999877929688,3314000
UAL,2025-11-17,94.69000244140625,94.88999938964844,88.55000305175781,89.94999694824219,89.94999694824219,8068400
UAL,2025-11-18,89.0,92.8499984741211,88.95999908447266,91.91999816894531,91.91999816894531,3859300
UAL,2025-11-19,93.0199966430664,93.63999938964844,90.87000274658203,91.33000183105469,91.33000183105469,4153000
UAL,2025-11-20,93.25,94.44999694824219,89.81999969482422,90.05000305175781,90.05000305175781,5552700
UAL,2025-11-21,90.83999633789062,95.37000274658203,89.94999694824219,92.19999694824219,92.19999694824219,10190400
UAL,2025-11-24,93.2300033569336,95.97000122070312,92.83999633789062,95.62000274658203,95.62000274658203,8515900
UAL,2025-11-25,96.19000244140625,99.87999725341797,95.94000244140625,98.91000366210938,98.91000366210938,8935600
UAL,2025-11-26,99.63999938964844,103.19999694824219,98.95999908447266,101.58999633789062,101.58999633789062,5216600
UAL,2025-11-28,101.80999755859375,103.19000244140625,101.5999984741211,101.95999908447266,101.95999908447266,2253700
UAL,2025-12-01,100.29000091552734,103.22000122070312,100.0199966430664,101.12000274658203,101.12000274658203,3709600
UAL,2025-12-02,101.5,105.45999908447266,100.83999633789062,104.37999725341797,104.37999725341797,7095900
UAL,2025-12-03,104.87999725341797,109.66000366210938,104.68000030517578,108.4800033569336,108.4800033569336,6287200
UAL,2025-12-04,108.72000122070312,109.12000274658203,104.44000244140625,104.7300033569336,104.7300033569336,7449500
UAL,2025-12-05,104.3499984741211,105.62999725341797,103.04000091552734,104.94999694824219,104.94999694824219,6375300
UAL,2025-12-08,105.33000183105469,105.37000274658203,103.66000366210938,104.5,104.5,6599700
UAL,2025-12-09,104.26000213623047,107.43000030517578,103.68000030517578,105.69999694824219,105.69999694824219,4916200
UAL,2025-12-10,105.87000274658203,108.19000244140625,104.94999694824219,107.73999786376953,107.73999786376953,7534600
UAL,2025-12-11,107.8499984741211,109.19999694824219,106.5199966430664,108.38999938964844,108.38999938964844,4703200
UAL,2025-12-12,108.69000244140625,109.62000274658203,106.62999725341797,106.83999633789062,106.83999633789062,3772800
UAL,2025-12-15,106.91999816894531,108.63999938964844,106.27999877929688,107.69999694824219,107.69999694824219,4200200
UAL,2025-12-16,108.0,112.87000274658203,107.72000122070312,112.4800033569336,112.4800033569336,6384800
UAL,2025-12-17,113.0,114.83000183105469,109.8499984741211,110.2699966430664,110.2699966430664,5600500
UAL,2025-12-18,112.1500015258789,114.31999969482422,111.58000183105469,112.8499984741211,112.8499984741211,3780800
UAL,2025-12-19,113.02999877929688,114.18000030517578,112.02999877929688,113.98999786376953,113.98999786376953,7303500
UAL,2025-12-22,114.30000305175781,116.31999969482422,114.05999755859375,116.0199966430664,116.0199966430664,3856100
UAL,2025-12-23,115.11000061035156,115.94999694824219,112.6500015258789,113.52999877929688,113.52999877929688,3285200
UAL,2025-12-24,113.31999969482422,115.1500015258789,112.75,114.80999755859375,114.80999755859375,1845000
UAL,2025-12-26,114.62999725341797,114.8499984741211,113.58999633789062,114.04000091552734,114.04000091552734,2077400
UAL,2025-12-29,113.2699966430664,113.98999786376953,110.69000244140625,111.44999694824219,111.44999694824219,4149500
UAL,2025-12-30,111.58999633789062,112.41000366210938,111.0,111.5199966430664,111.5199966430664,2071700
UAL,2025-12-31,111.41999816894531,112.12999725341797,110.81999969482422,111.81999969482422,111.81999969482422,2124800
UAL,2026-01-02,112.5999984741211,113.56999969482422,110.95999908447266,113.01000213623047,113.01000213623047,2621100
UAL,2026-01-05,112.73999786376953,116.33999633789062,112.41000366210938,114.88999938964844,114.88999938964844,3779700
UAL,2026-01-06,114.94999694824219,118.69999694824219,114.0999984741211,117.52999877929688,117.52999877929688,5437100
UAL,2026-01-07,118.30000305175781,119.20999908447266,116.36000061035156,116.5999984741211,116.5999984741211,3879200
UAL,2026-01-08,116.37000274658203,117.44000244140625,115.06999969482422,115.47000122070312,115.47000122070312,3364000
UAL,2026-01-09,117.0,118.6500015258789,114.37000274658203,117.31999969482422,117.31999969482422,3757800
UAL,2026-01-12,115.5,116.29000091552734,114.1500015258789,115.29000091552734,115.29000091552734,3370100
UAL,2026-01-13,114.0,117.08000183105469,113.0,114.41000366210938,114.41000366210938,4552900
UAL,2026-01-14,113.0,114.9000015258789,109.72000122070312,110.75,110.75,5083900
UAL,2026-01-15,112.05999755859375,116.05999755859375,111.76000213623047,116.0199966430664,116.0199966430664,4661100
UAL,2026-01-16,116.0199966430664,116.30000305175781,113.41999816894531,113.48999786376953,113.48999786376953,4026100
UAL,2026-01-20,110.33000183105469,112.19999694824219,107.76000213623047,108.56999969482422,108.56999969482422,9227200
UAL,2026-01-21,111.94999694824219,114.55000305175781,109.2300033569336,110.95999908447266,110.95999908447266,11485800
UAL,2026-01-22,113.0,115.08000183105469,110.05000305175781,110.4000015258789,110.4000015258789,6052100
UAL,2026-01-23,109.5,109.94000244140625,107.54000091552734,107.73999786376953,107.73999786376953,4334800
UAL,2026-01-26,106.93000030517578,108.12000274658203,106.06999969482422,107.76000213623047,107.76000213623047,4455600
UAL,2026-01-27,109.23999786376953,109.43000030517578,103.94000244140625,104.04000091552734,104.04000091552734,5746200
UAL,2026-01-28,104.44999694824219,106.69000244140625,104.30000305175781,104.91000366210938,104.91000366210938,4335000
UAL,2026-01-29,104.80000305175781,105.0,101.30999755859375,103.94000244140625,103.94000244140625,7226800
UAL,2026-01-30,103.41000366210938,104.47000122070312,100.66000366210938,102.31999969482422,102.31999969482422,5479700
UAL,2026-02-02,104.19999694824219,108.31999969482422,103.98999786376953,107.3499984741211,107.3499984741211,5758300
UAL,2026-02-03,109.0,113.0,108.72000122070312,110.86000061035156,110.86000061035156,8447300
UAL,2026-02-04,112.11000061035156,112.62999725341797,105.80999755859375,109.4800033569336,109.4800033569336,5594900
UAL,2026-02-05,108.19999694824219,109.23999786376953,105.51000213623047,106.08999633789062,106.08999633789062,5625200
UAL,2026-02-06,107.2699966430664,116.48999786376953,107.2699966430664,115.91000366210938,115.91000366210938,9022500
UAL,2026-02-09,115.45999908447266,116.61000061035156,114.45999908447266,116.19999694824219,116.19999694824219,4825700
UAL,2026-02-10,115.70999908447266,118.72000122070312,115.70999908447266,116.36000061035156,116.36000061035156,4794100
UAL,2026-02-11,117.5,118.94000244140625,112.41000366210938,113.94000244140625,113.94000244140625,5046400
UAL,2026-02-12,114.93000030517578,115.95999908447266,106.31999969482422,109.30000305175781,109.30000305175781,7397800
UAL,2026-02-13,110.30000305175781,111.73999786376953,107.31999969482422,109.29000091552734,109.29000091552734,4749000
UAL,2026-02-17,109.52999877929688,114.94000244140625,109.2699966430664,114.0199966430664,114.0199966430664,3513700
UAL,2026-02-18,111.0,118.36000061035156,108.30999755859375,116.93000030517578,116.93000030517578,8204000
UAL,2026-02-19,115.25,115.48999786376953,109.5999984741211,110.05000305175781,110.05000305175781,5147900
UAL,2026-02-20,109.54000091552734,113.52999877929688,108.75,113.02999877929688,113.02999877929688,4191400
UAL,2026-02-23,111.30000305175781,113.5,106.69999694824219,107.16999816894531,107.16999816894531,5814200
UAL,2026-02-24,107.16999816894531,114.22000122070312,106.76000213623047,112.58999633789062,112.58999633789062,5764900
UAL,2026-02-25,114.2699966430664,114.2699966430664,110.83000183105469,112.87000274658203,112.87000274658203,3770100
UAL,2026-02-26,114.88999938964844,117.5999984741211,114.02999877929688,116.43000030517578,116.43000030517578,5466300
UAL,2026-02-27,111.95999908447266,111.95999908447266,105.36000061035156,106.30000305175781,106.30000305175781,9630500
UAL,2026-03-02,100.0,103.9000015258789,98.22000122070312,103.20999908447266,103.20999908447266,8715600
UAL,2026-03-03,99.33000183105469,105.18000030517578,97.08000183105469,102.54000091552734,102.54000091552734,9989900
UAL,2026-03-04,104.4000015258789,105.72000122070312,100.05999755859375,100.4800033569336,100.4800033569336,6642700
UAL,2026-03-05,98.0,98.69000244140625,92.37000274658203,95.43000030517578,95.43000030517578,12720400
UAL,2026-03-06,92.05000305175781,92.93000030517578,90.38999938964844,92.06999969482422,92.06999969482422,10570100
UAL,2026-03-09,89.08000183105469,94.76000213623047,84.69999694824219,94.5199966430664,94.5199966430664,18431400
UAL,2026-03-10,93.6500015258789,96.58000183105469,90.25,91.0999984741211,91.0999984741211,15634100
UAL,2026-03-11,91.0,92.36000061035156,88.41000366210938,90.68000030517578,90.68000030517578,7929100
UAL,2026-03-12,87.95999908447266,88.37999725341797,86.1500015258789,86.52999877929688,86.52999877929688,9756800
UAL,2026-03-13,87.26000213623047,87.94000244140625,85.9800033569336,86.5999984741211,86.5999984741211,5984200
UAL,2026-03-16,88.16999816894531,90.61000061035156,87.97000122070312,90.27999877929688,90.27999877929688,7148500
UAL,2026-03-17,93.6500015258789,94.55000305175781,91.58000183105469,93.19000244140625,93.19000244140625,10430400
UAL,2026-03-18,92.4000015258789,95.22000122070312,91.52999877929688,92.51000213623047,92.51000213623047,6381600
UAL,2026-03-19,90.66000366210938,94.91000366210938,89.61000061035156,94.1500015258789,94.1500015258789,7002700
UAL,2026-03-20,93.38999938964844,94.08000183105469,88.41000366210938,89.94999694824219,89.94999694824219,9271700
UAL,2026-03-23,95.83999633789062,96.5999984741211,92.81999969482422,93.95999908447266,93.95999908447266,10135900
UAL,2026-03-24,91.47000122070312,94.95999908447266,90.80000305175781,93.55999755859375,93.55999755859375,7804100
UAL,2026-03-25,96.37999725341797,97.95999908447266,92.80000305175781,92.94999694824219,92.94999694824219,8861200
UAL,2026-03-26,91.0,94.70999908447266,91.0,92.69000244140625,92.69000244140625,5992100
UAL,2026-03-27,91.30000305175781,92.20999908447266,87.58000183105469,88.44000244140625,88.44000244140625,6293800
UAL,2026-03-30,88.13999938964844,89.1500015258789,84.63999938964844,85.20999908447266,85.20999908447266,7268400
UAL,2026-03-31,86.83000183105469,92.51000213623047,86.55999755859375,92.06999969482422,92.06999969482422,9943400
UAL,2026-04-01,93.61000061035156,96.55999755859375,93.16000366210938,95.08000183105469,95.08000183105469,8465800
UAL,2026-04-02,90.0,94.0,88.16999816894531,92.20999908447266,92.20999908447266,8630100
UAL,2026-04-06,92.0,93.0,89.98999786376953,90.97000122070312,90.97000122070312,6477200
UAL,2026-04-07,89.08999633789062,90.0999984741211,86.6500015258789,89.29000091552734,89.29000091552734,10005200
UAL,2026-04-08,99.44999694824219,102.5,96.02999877929688,96.30000305175781,96.30000305175781,16778500
UAL,2026-04-09,95.26000213623047,98.62999725341797,93.95999908447266,97.66999816894531,97.66999816894531,6314500
UAL,2026-04-10,98.30000305175781,98.37999725341797,95.69999694824219,96.4000015258789,96.4000015258789,4663700
UAL,2026-04-13,94.56999969482422,95.5999984741211,93.19999694824219,95.19999694824219,95.19999694824219,5469000
UAL,2026-04-14,96.62999725341797,99.73999786376953,95.25,97.19999694824219,97.19999694824219,10122000
UAL,2026-04-15,96.38999938964844,96.97000122070312,93.79000091552734,94.2699966430664,94.2699966430664,9046400
UAL,2026-04-16,94.51000213623047,96.56999969482422,93.30999755859375,95.02999877929688,95.02999877929688,5859100
UAL,2026-04-17,102.87999725341797,105.9800033569336,100.91000366210938,101.80000305175781,101.80000305175781,13120700
UAL,2026-04-20,99.9800033569336,102.2699966430664,98.44000244140625,98.91000366210938,98.91000366210938,6381800
UAL,2026-04-21,98.41999816894531,100.80000305175781,96.13999938964844,97.12999725341797,97.12999725341797,9832800
UAL,2026-04-22,96.01000213623047,96.19999694824219,90.20999908447266,91.70999908447266,91.70999908447266,14914000
UAL,2026-04-23,91.36000061035156,93.5,88.61000061035156,91.25,91.25,8648800
UAL,2026-04-24,92.0199966430664,93.41999816894531,90.83000183105469,93.0,93.0,6364900
UAL,2026-04-27,92.76000213623047,94.37999725341797,91.4000015258789,91.9000015258789,91.9000015258789,5182900
UAL,2026-04-28,90.58000183105469,91.94999694824219,88.91000366210938,90.41000366210938,90.41000366210938,4921400
UAL,2026-04-29,89.0999984741211,89.5,87.94999694824219,88.62000274658203,88.62000274658203,5855300
UAL,2026-04-30,90.0199966430664,90.91999816894531,89.37000274658203,90.0,90.0,4469200
UAL,2026-05-01,90.19000244140625,94.9800033569336,89.23999786376953,92.5199966430664,92.5199966430664,8307900
UAL,2026-05-04,92.0,93.37000274658203,89.91999816894531,90.06999969482422,90.06999969482422,5501600
UAL,2026-05-05,90.73999786376953,94.04000091552734,90.5999984741211,93.66999816894531,93.66999816894531,4281700
UAL,2026-05-06,99.66000366210938,100.38999938964844,97.19999694824219,100.04000091552734,100.04000091552734,8754700
UAL,2026-05-07,101.30000305175781,103.7699966430664,98.66000366210938,99.69999694824219,99.69999694824219,8208200
UAL,2026-05-08,100.0,101.1500015258789,98.63999938964844,99.58000183105469,99.58000183105469,3897200
UAL,2026-05-11,98.7300033569336,98.87999725341797,96.45999908447266,96.62000274658203,96.62000274658203,4738800
UAL,2026-05-12,95.55999755859375,96.18000030517578,94.33999633789062,95.83999633789062,95.83999633789062,3387000
UAL,2026-05-13,95.41000366210938,96.4000015258789,93.76000213623047,95.69999694824219,95.69999694824219,3489800
UAL,2026-05-14,96.88999938964844,97.58999633789062,94.38999938964844,96.0199966430664,96.0199966430664,4671700
UAL,2026-05-15,94.26000213623047,94.66000366210938,92.76000213623047,92.8499984741211,92.8499984741211,5055100
UAL,2026-05-18,94.16000366210938,96.1500015258789,91.36000061035156,92.55000305175781,92.55000305175781,5272000
UAL,2026-05-19,91.08999633789062,91.70999908447266,88.33999633789062,89.12000274658203,89.12000274658203,6386400
UAL,2026-05-20,90.0,98.62999725341797,89.23999786376953,98.0199966430664,98.0199966430664,9039200
UAL,2026-05-21,95.43000030517578,100.27999877929688,95.30000305175781,99.63999938964844,99.63999938964844,6975800
UAL,2026-05-22,100.51000213623047,101.4800033569336,99.02999877929688,99.95999908447266,99.95999908447266,4047200
UAL,2026-05-26,103.80000305175781,106.66999816894531,103.44999694824219,105.91999816894531,105.91999816894531,6159200
UAL,2026-05-27,109.33000183105469,114.3499984741211,109.0,112.62000274658203,112.62000274658203,10618900
UAL,2026-05-28,109.83000183105469,115.94999694824219,109.27999877929688,115.05999755859375,115.05999755859375,6541700
UAL,2026-05-29,115.54000091552734,117.95999908447266,114.73999786376953,114.80000305175781,114.80000305175781,7158600
UAL,2026-06-01,111.4000015258789,112.91000366210938,108.91000366210938,111.76000213623047,111.76000213623047,4778400
UAL,2026-06-02,112.62000274658203,112.62000274658203,108.73999786376953,108.81999969482422,108.81999969482422,4599300
UAL,2026-06-03,107.43000030517578,108.1500015258789,105.06999969482422,105.13999938964844,105.13999938964844,3701700
UAL,2026-06-04,106.9000015258789,107.30000305175781,104.51000213623047,104.94000244140625,104.94000244140625,4216700
UAL,2026-06-05,104.68000030517578,106.37999725341797,103.5,105.7300033569336,105.7300033569336,3835900
UAL,2026-06-08,104.69000244140625,106.4000015258789,103.69999694824219,105.31999969482422,105.31999969482422,3890700
UAL,2026-06-09,107.81999969482422,111.0,104.18000030517578,109.62999725341797,109.62999725341797,6336400
UAL,2026-06-10,106.63999938964844,106.86000061035156,102.30000305175781,102.77999877929688,102.77999877929688,5448900
UAL,2026-06-11,101.94999694824219,112.80999755859375,101.7699966430664,112.61000061035156,112.61000061035156,6785700
UAL,2026-06-12,114.01000213623047,116.51000213623047,111.83000183105469,115.5199966430664,115.5199966430664,5367500
UAL,2026-06-15,120.9000015258789,124.79000091552734,118.55999755859375,119.97000122070312,119.97000122070312,7737200
UAL,2026-06-16,120.87000274658203,123.0199966430664,118.4000015258789,118.51000213623047,118.51000213623047,6360100
UAL,2026-06-17,118.5,120.30000305175781,115.4000015258789,115.83000183105469,115.83000183105469,5133600
UAL,2026-06-18,118.80999755859375,120.68000030517578,117.26000213623047,118.31999969482422,118.31999969482422,6761800
WFC,2025-05-30,74.19999694824219,74.80000305175781,73.7300033569336,74.77999877929688,73.17437744140625,17042000
WFC,2025-06-02,74.26000213623047,74.75,73.2699966430664,74.72000122070312,73.11567687988281,11237500
WFC,2025-06-03,74.72000122070312,75.83000183105469,74.37000274658203,75.6500015258789,74.02571105957031,13193500
WFC,2025-06-04,77.69999694824219,78.80000305175781,75.37999725341797,75.37999725341797,73.7614974975586,29578000
WFC,2025-06-05,75.61000061035156,75.76000213623047,74.18000030517578,74.9000015258789,73.29180908203125,20138400
WFC,2025-06-06,76.1500015258789,76.76000213623047,75.83000183105469,76.33000183105469,74.69110107421875,10988000
WFC,2025-06-09,76.55000305175781,76.69999694824219,75.93000030517578,76.45999908447266,74.81832122802734,13453200
WFC,2025-06-10,76.16000366210938,76.3499984741211,75.12999725341797,75.44999694824219,73.82999420166016,14892900
WFC,2025-06-11,75.54000091552734,75.72000122070312,74.56999969482422,74.93000030517578,73.3211669921875,16442400
WFC,2025-06-12,74.33000183105469,74.5199966430664,73.16999816894531,74.01000213623047,72.42092895507812,14522500
WFC,2025-06-13,72.91999816894531,73.79000091552734,71.93000030517578,72.36000061035156,70.80635070800781,21168300
WFC,2025-06-16,73.4000015258789,73.72000122070312,72.93000030517578,73.1500015258789,71.57939147949219,16231500
WFC,2025-06-17,72.77999877929688,73.20999908447266,72.30000305175781,72.5,70.9433364868164,14156800
WFC,2025-06-18,72.6500015258789,75.13999938964844,72.56999969482422,74.73999786376953,73.13524627685547,23498300
WFC,2025-06-20,75.23999786376953,75.77999877929688,75.06999969482422,75.4000015258789,73.78106689453125,27677500
WFC,2025-06-23,75.12999725341797,77.02999877929688,74.81999969482422,77.01000213623047,75.35650634765625,17375700
WFC,2025-06-24,77.72000122070312,78.75,77.72000122070312,78.11000061035156,76.4328842163086,16342300
WFC,2025-06-25,78.27999877929688,79.30999755859375,77.98999786376953,79.06999969482422,77.37227630615234,13954500
WFC,2025-06-26,79.44000244140625,80.0999984741211,79.19000244140625,79.95999908447266,78.2431640625,18214800
WFC,2025-06-27,80.0,80.1500015258789,78.95999908447266,79.5,77.79304504394531,21324200
WFC,2025-06-30,80.4800033569336,81.0999984741211,79.91000366210938,80.12000274658203,78.39972686767578,21685800
WFC,2025-07-01,80.05000305175781,81.51000213623047,79.91000366210938,81.48999786376953,79.74031829833984,20967100
WFC,2025-07-02,81.91999816894531,82.4000015258789,81.25,82.36000061035156,80.59162902832031,15195100
WFC,2025-07-03,82.63999938964844,83.94999694824219,82.5,83.5999984741211,81.80501556396484,11237300
WFC,2025-07-07,82.97000122070312,83.58999633789062,81.5,82.33999633789062,80.57205963134766,18156000
WFC,2025-07-08,82.30000305175781,82.41999816894531,81.02999877929688,81.58999633789062,79.8381576538086,18303400
WFC,2025-07-09,82.43000030517578,82.5199966430664,81.45999908447266,81.79000091552734,80.03387451171875,16135400
WFC,2025-07-10,81.61000061035156,82.73999786376953,81.61000061035156,82.36000061035156,80.59162902832031,14348100
WFC,2025-07-11,81.75,82.68000030517578,81.43000030517578,82.55000305175781,80.7775650024414,12583100
WFC,2025-07-14,82.19999694824219,83.5199966430664,82.12000274658203,83.43000030517578,81.63866424560547,20194200
WFC,2025-07-15,80.75,81.08000183105469,77.72000122070312,78.86000061035156,77.16677856445312,53938000
WFC,2025-07-16,78.88999938964844,80.08000183105469,78.20999908447266,79.91000366210938,78.19424438476562,30567500
WFC,2025-07-17,79.45999908447266,80.6500015258789,79.0999984741211,79.70999908447266,77.99853515625,21837600
WFC,2025-07-18,79.8499984741211,80.7699966430664,78.87999725341797,80.63999938964844,78.9085693359375,21236000
WFC,2025-07-21,80.75,81.45999908447266,80.16999816894531,80.27999877929688,78.55628967285156,14506600
WFC,2025-07-22,80.27999877929688,82.58999633789062,80.27999877929688,82.37999725341797,80.6112060546875,22437000
WFC,2025-07-23,83.0,83.93000030517578,82.61000061035156,83.69999694824219,81.9028549194336,19379200
WFC,2025-07-24,83.83999633789062,84.83000183105469,83.12000274658203,83.87000274658203,82.0692138671875,19031200
WFC,2025-07-25,84.12000274658203,84.45999908447266,83.2300033569336,84.31999969482422,82.5095443725586,14072400
WFC,2025-07-28,84.31999969482422,84.5,82.70999908447266,83.06999969482422,81.28638458251953,10627100
WFC,2025-07-29,83.62999725341797,83.69999694824219,82.19999694824219,82.6500015258789,80.87541198730469,12478200
WFC,2025-07-30,82.98999786376953,83.08999633789062,81.30999755859375,81.77999877929688,80.02409362792969,15579100
WFC,2025-07-31,81.3499984741211,81.93000030517578,80.33000183105469,80.62999725341797,78.89877319335938,14813900
WFC,2025-08-01,79.19000244140625,79.3499984741211,77.4000015258789,77.77999877929688,76.10997009277344,16071300
WFC,2025-08-04,78.5199966430664,78.52999877929688,76.91000366210938,77.58000183105469,75.91426849365234,13892100
WFC,2025-08-05,78.33999633789062,78.3499984741211,76.16000366210938,77.95999908447266,76.28610229492188,15765100
WFC,2025-08-06,77.91000366210938,78.81999969482422,77.55999755859375,77.61000061035156,75.9436264038086,14157000
WFC,2025-08-07,78.27999877929688,78.30000305175781,76.77999877929688,77.05000305175781,75.3956527709961,13105600
WFC,2025-08-08,77.11000061035156,78.18000030517578,76.3499984741211,77.8499984741211,76.62599182128906,14123000
WFC,2025-08-11,78.01000213623047,78.08999633789062,77.2300033569336,77.58999633789062,76.37008666992188,14408100
WFC,2025-08-12,78.22000122070312,79.55999755859375,78.1500015258789,79.4800033569336,78.23036193847656,14365200
WFC,2025-08-13,79.68000030517578,79.72000122070312,77.0999984741211,77.88999938964844,76.66535949707031,14415100
WFC,2025-08-14,78.27999877929688,79.58000183105469,77.70999908447266,79.41000366210938,78.16146850585938,16051500
WFC,2025-08-15,79.54000091552734,79.6500015258789,77.01000213623047,77.0999984741211,75.88778686523438,15380400
WFC,2025-08-18,76.98999786376953,77.5999984741211,76.91000366210938,77.44000244140625,76.22244262695312,11660900
WFC,2025-08-19,77.16000366210938,77.7699966430664,77.02999877929688,77.52999877929688,76.31102752685547,10118500
WFC,2025-08-20,77.47000122070312,78.4800033569336,76.58999633789062,78.16000366210938,76.93112182617188,12101900
WFC,2025-08-21,77.87999725341797,78.06999969482422,77.08000183105469,77.83000183105469,76.60630798339844,9102700
WFC,2025-08-22,78.33999633789062,79.30999755859375,78.12999725341797,79.0999984741211,77.85633087158203,11282600
WFC,2025-08-25,78.87999725341797,80.5,78.87000274658203,80.19000244140625,78.92919921875,12017000
WFC,2025-08-26,79.81999969482422,81.62999725341797,79.77999877929688,81.51000213623047,80.22845458984375,14936600
WFC,2025-08-27,81.26000213623047,83.20999908447266,81.23999786376953,82.5,81.202880859375,15567700
WFC,2025-08-28,82.87999725341797,83.12999725341797,81.91999816894531,81.9800033569336,80.6910629272461,13963200
WFC,2025-08-29,81.97000122070312,82.80999755859375,81.80000305175781,82.18000030517578,80.8879165649414,12041200
WFC,2025-09-02,81.70999908447266,81.81999969482422,80.44000244140625,81.77999877929688,80.49420928955078,13326000
WFC,2025-09-03,81.7300033569336,82.01000213623047,80.0199966430664,80.51000213623047,79.24417114257812,11174000
WFC,2025-09-04,80.75,82.12999725341797,80.22000122070312,81.83000183105469,80.54341888427734,10822300
WFC,2025-09-05,81.63999938964844,82.0199966430664,78.69999694824219,78.95999908447266,77.71854400634766,20661400
WFC,2025-09-08,78.98999786376953,79.79000091552734,78.55999755859375,79.13999938964844,77.89571380615234,17107000
WFC,2025-09-09,79.30999755859375,81.45999908447266,79.0,80.76000213623047,79.49024963378906,17157300
WFC,2025-09-10,80.66000366210938,81.23999786376953,79.91000366210938,80.30000305175781,79.03746795654297,16460200
WFC,2025-09-11,80.19999694824219,81.38999938964844,79.77999877929688,81.25,79.9725341796875,17785800
WFC,2025-09-12,81.0999984741211,81.63999938964844,80.79000091552734,81.45999908447266,80.17923736572266,10498300
WFC,2025-09-15,81.61000061035156,81.81999969482422,81.12999725341797,81.41000366210938,80.13002014160156,9563200
WFC,2025-09-16,81.55999755859375,81.61000061035156,80.08000183105469,81.38999938964844,80.1103286743164,10705900
WFC,2025-09-17,81.22000122070312,82.72000122070312,80.54000091552734,82.4800033569336,81.18319702148438,14746100
WFC,2025-09-18,82.56999969482422,83.5199966430664,81.94000244140625,83.5,82.1871566772461,13021100
WFC,2025-09-19,83.83000183105469,84.93000030517578,82.93000030517578,84.63999938964844,83.30923461914062,36482400
WFC,2025-09-22,83.87999725341797,85.27999877929688,83.73999786376953,85.16000366210938,83.8210678100586,14545000
WFC,2025-09-23,85.1500015258789,86.66000366210938,83.66999816894531,84.37000274658203,83.04348754882812,14818500
WFC,2025-09-24,84.6500015258789,85.37000274658203,83.66000366210938,84.11000061035156,82.78756713867188,9478700
WFC,2025-09-25,83.69000244140625,84.66000366210938,83.55999755859375,84.31999969482422,82.9942626953125,8514900
WFC,2025-09-26,84.69000244140625,85.63999938964844,84.55999755859375,85.01000213623047,83.67342376708984,8502600
WFC,2025-09-29,84.69999694824219,85.19000244140625,84.04000091552734,84.6500015258789,83.31907653808594,9833700
WFC,2025-09-30,84.66000366210938,85.12000274658203,82.66000366210938,83.81999969482422,82.50212860107422,11429000
WFC,2025-10-01,83.0999984741211,83.5999984741211,80.7699966430664,80.87000274658203,79.59851837158203,16961900
WFC,2025-10-02,80.69999694824219,81.05000305175781,80.04000091552734,80.5,79.23432159423828,11420000
WFC,2025-10-03,81.0199966430664,81.69000244140625,80.44000244140625,80.66999816894531,79.40165710449219,10124900
WFC,2025-10-06,80.55999755859375,81.45999908447266,79.56999969482422,80.69000244140625,79.42134857177734,12837700
WFC,2025-10-07,80.87000274658203,81.36000061035156,80.54000091552734,81.13999938964844,79.86426544189453,10371300
WFC,2025-10-08,81.26000213623047,81.33000183105469,79.54000091552734,79.7300033569336,78.4764404296875,11277400
WFC,2025-10-09,79.91000366210938,80.75,79.41999816894531,79.88999938964844,78.63391876220703,8432200
WFC,2025-10-10,79.61000061035156,80.44000244140625,77.62000274658203,77.62000274658203,76.39961242675781,16004300
WFC,2025-10-13,78.73999786376953,79.2300033569336,78.27999877929688,78.91999816894531,77.67916870117188,14229300
WFC,2025-10-14,82.5199966430664,86.05999755859375,80.38999938964844,84.55999755859375,83.2304916381836,36260600
WFC,2025-10-15,85.16999816894531,87.47000122070312,85.16000366210938,86.45999908447266,85.10062408447266,22909400
WFC,2025-10-16,86.98999786376953,87.43000030517578,83.0,84.0,82.67929077148438,22715600
WFC,2025-10-17,84.44999694824219,84.52999877929688,82.30999755859375,83.27999877929688,81.97061920166016,18799000
WFC,2025-10-20,83.62000274658203,86.13999938964844,83.08999633789062,86.0199966430664,84.66752624511719,15777200
WFC,2025-10-21,86.12000274658203,87.30999755859375,84.66000366210938,84.76000213623047,83.4273452758789,20101100
WFC,2025-10-22,85.1500015258789,85.16000366210938,83.13999938964844,83.87999725341797,82.5611801147461,18955000
WFC,2025-10-23,84.30999755859375,85.4800033569336,83.75,84.45999908447266,83.13207244873047,14157800
WFC,2025-10-24,84.80000305175781,86.87999725341797,84.76000213623047,86.41000366210938,85.0514144897461,14011400
WFC,2025-10-27,86.9000015258789,87.33999633789062,86.30999755859375,87.01000213623047,85.64198303222656,11682000
WFC,2025-10-28,87.05999755859375,87.30000305175781,85.77999877929688,86.9000015258789,85.53370666503906,13201000
WFC,2025-10-29,86.81999969482422,87.23999786376953,85.66999816894531,86.0,84.6478500366211,16444400
WFC,2025-10-30,86.08000183105469,87.26000213623047,85.87999725341797,85.98999786376953,84.63800811767578,14830000
WFC,2025-10-31,85.4800033569336,87.3499984741211,85.01000213623047,86.97000122070312,85.60260772705078,14776700
WFC,2025-11-03,87.13999938964844,87.88999938964844,85.8499984741211,87.30000305175781,85.92742156982422,12769300
WFC,2025-11-04,87.0,88.5,85.87999725341797,87.12999725341797,85.76008605957031,16737700
WFC,2025-11-05,87.37999725341797,88.30000305175781,85.91000366210938,86.94999694824219,85.58291625976562,15609400
WFC,2025-11-06,86.9000015258789,87.33999633789062,85.5199966430664,86.04000091552734,84.68722534179688,16800200
WFC,2025-11-07,85.11000061035156,86.08999633789062,84.04000091552734,86.04000091552734,85.13247680664062,15612100
WFC,2025-11-10,86.29000091552734,87.0,85.44999694824219,86.0999984741211,85.19184875488281,13138200
WFC,2025-11-11,86.11000061035156,87.05999755859375,86.05000305175781,86.19000244140625,85.28089904785156,13851500
WFC,2025-11-12,86.30999755859375,88.63999938964844,85.94000244140625,86.26000213623047,85.35016632080078,16775200
WFC,2025-11-13,86.16000366210938,86.88999938964844,84.47000122070312,84.69999694824219,83.80661010742188,15708000
WFC,2025-11-14,84.44999694824219,85.3499984741211,82.95999908447266,85.05000305175781,84.15292358398438,15397300
WFC,2025-11-17,84.69000244140625,85.05000305175781,82.54000091552734,83.41999816894531,82.54011535644531,14457100
WFC,2025-11-18,83.41999816894531,84.76000213623047,82.93000030517578,83.86000061035156,82.97547149658203,14233900
WFC,2025-11-19,83.9800033569336,84.81999969482422,83.61000061035156,84.16000366210938,83.27230834960938,10959600
WFC,2025-11-20,85.05999755859375,86.04000091552734,82.31999969482422,82.4000015258789,81.53087615966797,12135800
WFC,2025-11-21,82.7699966430664,83.62999725341797,81.05000305175781,83.11000061035156,82.23338317871094,16169500
WFC,2025-11-24,83.08999633789062,85.08999633789062,82.41000366210938,84.66000366210938,83.76703643798828,27574500
WFC,2025-11-25,84.52999877929688,85.54000091552734,83.61000061035156,85.0999984741211,84.202392578125,12966400
WFC,2025-11-26,85.41999816894531,86.38999938964844,85.12999725341797,85.55999755859375,84.65753936767578,9304300
WFC,2025-11-28,85.63999938964844,86.5199966430664,85.30999755859375,85.8499984741211,84.9444808959961,6545000
WFC,2025-12-01,85.83000183105469,86.55999755859375,85.16999816894531,85.4000015258789,84.49922943115234,9794000
WFC,2025-12-02,85.69000244140625,86.79000091552734,85.27999877929688,86.31999969482422,85.4095230102539,9484000
WFC,2025-12-03,86.26000213623047,89.38999938964844,86.26000213623047,89.3499984741211,88.40756225585938,14439300
WFC,2025-12-04,89.4000015258789,90.62999725341797,89.31999969482422,90.20999908447266,89.25849151611328,13433000
WFC,2025-12-05,89.98999786376953,91.11000061035156,89.55000305175781,89.83000183105469,88.88250732421875,11210900
WFC,2025-12-08,89.83000183105469,91.0199966430664,89.1500015258789,90.05999755859375,89.11007690429688,13267300
WFC,2025-12-09,90.23999786376953,90.25,88.77999877929688,88.88999938964844,87.9524154663086,17101700
WFC,2025-12-10,88.94000244140625,90.87000274658203,88.19000244140625,90.69000244140625,89.73343658447266,22729100
WFC,2025-12-11,90.54000091552734,93.41999816894531,90.22000122070312,92.58999633789062,91.61338806152344,15505100
WFC,2025-12-12,93.12000274658203,93.41999816894531,92.12000274658203,92.76000213623047,91.78160095214844,12532800
WFC,2025-12-15,93.58000183105469,94.26000213623047,92.48999786376953,92.9000015258789,91.92012023925781,13885200
WFC,2025-12-16,93.08000183105469,93.16999816894531,91.43000030517578,92.19000244140625,91.21761322021484,12981100
WFC,2025-12-17,92.76000213623047,93.33000183105469,92.47000122070312,92.58999633789062,91.61338806152344,14819000
WFC,2025-12-18,93.02999877929688,93.88999938964844,91.29000091552734,91.4800033569336,90.51509857177734,11844100
WFC,2025-12-19,91.61000061035156,93.12999725341797,91.5999984741211,93.01000213623047,92.02896118164062,37783900
WFC,2025-12-22,93.19999694824219,94.38999938964844,93.05000305175781,94.27999877929688,93.28556823730469,9512300
WFC,2025-12-23,94.23999786376953,94.68000030517578,94.02999877929688,94.47000122070312,93.47356414794922,8642100
WFC,2025-12-24,94.6500015258789,95.8499984741211,94.47000122070312,95.30000305175781,94.29481506347656,5506800
WFC,2025-12-26,95.36000061035156,95.47000122070312,94.72000122070312,95.26000213623047,94.25523376464844,5169400
WFC,2025-12-29,95.36000061035156,95.61000061035156,94.37000274658203,94.5199966430664,93.52303314208984,8624200
WFC,2025-12-30,94.7300033569336,94.87999725341797,93.98999786376953,94.30999755859375,93.31524658203125,6417800
WFC,2025-12-31,94.5,94.68000030517578,93.12000274658203,93.19999694824219,92.21695709228516,7919300
WFC,2026-01-02,93.30000305175781,95.3499984741211,92.80999755859375,95.19999694824219,94.19585418701172,9242600
WFC,2026-01-05,95.08999633789062,97.76000213623047,94.9800033569336,96.37999725341797,95.36341094970703,14384000
WFC,2026-01-06,95.4000015258789,96.55000305175781,95.06999969482422,96.38999938964844,95.3733139038086,12329200
WFC,2026-01-07,95.70999908447266,95.88999938964844,93.6500015258789,94.29000091552734,93.29545593261719,14589500
WFC,2026-01-08,94.26000213623047,96.16000366210938,94.19000244140625,95.5999984741211,94.59163665771484,12406000
WFC,2026-01-09,95.80999755859375,96.56999969482422,95.26000213623047,95.94999694824219,94.93795013427734,10261300
WFC,2026-01-12,94.83000183105469,95.54000091552734,93.88999938964844,94.95999908447266,93.95838928222656,15958100
WFC,2026-01-13,95.29000091552734,95.75,93.05999755859375,93.55999755859375,92.57315826416016,21998600
WFC,2026-01-14,90.75,90.80000305175781,88.05999755859375,89.25,88.30862426757812,33803900
WFC,2026-01-15,89.33999633789062,89.91000366210938,88.36000061035156,88.95999908447266,88.02168273925781,21738600
WFC,2026-01-16,88.95999908447266,89.69000244140625,88.08000183105469,88.37999725341797,87.44779205322266,26981600
WFC,2026-01-20,87.26000213623047,88.63999938964844,86.27999877929688,86.66000366210938,85.74594116210938,19353500
WFC,2026-01-21,86.5,87.55999755859375,86.02999877929688,86.12000274658203,85.21163940429688,17606700
WFC,2026-01-22,86.43000030517578,89.0,86.43000030517578,88.04000091552734,87.11138153076172,19668900
WFC,2026-01-23,87.5,87.70999908447266,86.02999877929688,86.95999908447266,86.04277038574219,15227500
WFC,2026-01-26,87.0999984741211,88.29000091552734,87.0999984741211,88.05000305175781,87.12128448486328,13047400
WFC,2026-01-27,88.1500015258789,89.06999969482422,87.4800033569336,88.70999908447266,87.7743148803711,15105000
WFC,2026-01-28,88.62000274658203,89.05999755859375,86.83999633789062,88.02999877929688,87.10148620605469,16395700
WFC,2026-01-29,88.69000244140625,90.63999938964844,88.54000091552734,90.63999938964844,89.6839599609375,21497000
WFC,2026-01-30,90.20999908447266,91.05000305175781,89.75,90.48999786376953,89.53553771972656,18306900
WFC,2026-02-02,90.16000366210938,92.80000305175781,89.9000015258789,92.2699966430664,91.29676055908203,13835200
WFC,2026-02-03,92.70999908447266,94.79000091552734,91.9000015258789,92.30999755859375,91.33634185791016,18099000
WFC,2026-02-04,92.6500015258789,93.91000366210938,92.52999877929688,93.13999938964844,92.15758514404297,12382800
WFC,2026-02-05,92.8499984741211,93.05999755859375,90.91000366210938,92.01000213623047,91.03951263427734,12641300
WFC,2026-02-06,92.75,94.6500015258789,92.55999755859375,93.97000122070312,93.4358139038086,13205700
WFC,2026-02-09,93.75,95.08999633789062,89.0,94.61000061035156,94.07217407226562,20544800
WFC,2026-02-10,94.30999755859375,95.01000213623047,89.75,91.91000366210938,91.38752746582031,20148400
WFC,2026-02-11,92.6500015258789,93.08000183105469,88.5,88.94999694824219,88.44434356689453,15461700
WFC,2026-02-12,89.30999755859375,89.97000122070312,85.83000183105469,86.29000091552734,85.79946899414062,16858200
WFC,2026-02-13,85.68000030517578,87.44999694824219,85.08999633789062,86.9800033569336,86.48554992675781,12425000
WFC,2026-02-17,87.83000183105469,88.83999633789062,87.30999755859375,87.4000015258789,86.90316009521484,12361900
WFC,2026-02-18,87.81999969482422,89.4000015258789,87.6500015258789,88.55999755859375,88.05656433105469,8250900
WFC,2026-02-19,87.83999633789062,88.16000366210938,86.5999984741211,87.56999969482422,87.07218933105469,10427300
WFC,2026-02-20,87.36000061035156,88.70999908447266,86.13999938964844,88.69999694824219,88.19576263427734,14255000
WFC,2026-02-23,88.16999816894531,88.5999984741211,83.77999877929688,85.1500015258789,84.66595458984375,20607000
WFC,2026-02-24,84.4000015258789,85.19000244140625,82.47000122070312,84.56999969482422,84.08924865722656,18817700
WFC,2026-02-25,85.19000244140625,86.91999816894531,84.97000122070312,86.76000213623047,86.26679992675781,16620700
WFC,2026-02-26,86.88999938964844,88.31999969482422,85.58000183105469,86.30000305175781,85.80941772460938,18768400
WFC,2026-02-27,84.66999816894531,84.81999969482422,80.44999694824219,81.44999694824219,80.98697662353516,29145000
WFC,2026-03-02,79.1500015258789,83.06999969482422,78.94000244140625,82.58000183105469,82.11056518554688,21834300
WFC,2026-03-03,81.0,83.48999786376953,79.8499984741211,82.52999877929688,82.06084442138672,19018600
WFC,2026-03-04,82.69000244140625,84.04000091552734,82.02999877929688,83.93000030517578,83.45288848876953,18061200
WFC,2026-03-05,83.6500015258789,83.80000305175781,81.19000244140625,82.11000061035156,81.64323425292969,20939200
WFC,2026-03-06,80.26000213623047,80.56999969482422,77.94000244140625,80.41999816894531,79.96283721923828,16798900
WFC,2026-03-09,79.43000030517578,79.79000091552734,76.86000061035156,78.83000183105469,78.38188171386719,24959500
WFC,2026-03-10,78.94999694824219,79.80000305175781,77.44999694824219,78.30000305175781,77.85489654541016,18481700
WFC,2026-03-11,78.05000305175781,78.2300033569336,76.5,76.87999725341797,76.44296264648438,17497300
WFC,2026-03-12,75.4800033569336,75.54000091552734,74.6500015258789,75.25,74.82222747802734,24794100
WFC,2026-03-13,75.6500015258789,76.20999908447266,74.02999877929688,74.0999984741211,73.67876434326172,15496900
WFC,2026-03-16,74.83000183105469,75.88999938964844,74.37000274658203,75.75,75.31938934326172,17836300
WFC,2026-03-17,76.5,77.16999816894531,75.81999969482422,76.2300033569336,75.79666137695312,18173400
WFC,2026-03-18,75.80999755859375,76.88999938964844,75.80999755859375,76.19000244140625,75.75688934326172,12951200
WFC,2026-03-19,75.68000030517578,76.80000305175781,74.68000030517578,76.38999938964844,75.95574951171875,18744400
WFC,2026-03-20,76.4000015258789,77.91999816894531,76.20999908447266,77.5999984741211,77.15886688232422,40461100
WFC,2026-03-23,79.48999786376953,79.80000305175781,78.12000274658203,78.27999877929688,77.83499908447266,15320800
WFC,2026-03-24,77.62999725341797,80.47000122070312,77.58000183105469,79.61000061035156,79.15744018554688,19134300
WFC,2026-03-25,79.51000213623047,80.79000091552734,79.33000183105469,80.26000213623047,79.80374908447266,17213400
WFC,2026-03-26,79.88999938964844,80.30000305175781,78.72000122070312,79.0199966430664,78.57079315185547,15430500
WFC,2026-03-27,78.62000274658203,78.62999725341797,76.86000061035156,77.19000244140625,76.75120544433594,13674900
WFC,2026-03-30,77.87999725341797,78.22000122070312,76.48999786376953,76.80000305175781,76.36341857910156,14311500
WFC,2026-03-31,77.83000183105469,79.73999786376953,77.44999694824219,79.61000061035156,79.15744018554688,19097600
WFC,2026-04-01,81.19000244140625,81.69999694824219,80.18000030517578,80.56999969482422,80.11198425292969,14979400
WFC,2026-04-02,79.41000366210938,80.83999633789062,78.69000244140625,80.5999984741211,80.14181518554688,10001800
WFC,2026-04-06,80.95999908447266,81.87000274658203,80.76000213623047,81.8499984741211,81.38470458984375,7069200
WFC,2026-04-07,81.41000366210938,82.08999633789062,80.9000015258789,81.75,81.2852783203125,8820900
WFC,2026-04-08,84.5,85.7300033569336,84.25,84.66000366210938,84.17874145507812,15130300
WFC,2026-04-09,84.44999694824219,86.1500015258789,84.44000244140625,86.0199966430664,85.53099822998047,10496100
WFC,2026-04-10,85.83000183105469,85.9000015258789,84.98999786376953,85.4000015258789,84.9145278930664,7946200
WFC,2026-04-13,84.58999633789062,86.69999694824219,84.06999969482422,86.63999938964844,86.14747619628906,14506600
WFC,2026-04-14,83.0199966430664,83.16000366210938,80.31999969482422,81.69999694824219,81.23555755615234,32845600
WFC,2026-04-15,80.91999816894531,81.69000244140625,80.1500015258789,80.29000091552734,79.83358001708984,31494000
WFC,2026-04-16,80.08999633789062,81.87000274658203,80.0,81.25,80.78811645507812,20713300
WFC,2026-04-17,82.12999725341797,82.5999984741211,81.02999877929688,81.41000366210938,80.94721221923828,24033900
WFC,2026-04-20,81.55000305175781,82.41000366210938,81.23999786376953,81.97000122070312,81.5040283203125,14240500
WFC,2026-04-21,82.1500015258789,83.0999984741211,81.19999694824219,81.55000305175781,81.08641815185547,17387300
WFC,2026-04-22,81.55000305175781,81.87999725341797,80.16999816894531,80.58000183105469,80.12193298339844,13724200
WFC,2026-04-23,80.55999755859375,81.37000274658203,79.73999786376953,80.51000213623047,80.05233001708984,13906500
WFC,2026-04-24,80.11000061035156,80.37000274658203,79.25,79.41999816894531,78.96852111816406,15419600
WFC,2026-04-27,79.38999938964844,80.88999938964844,79.33999633789062,80.55999755859375,80.10204315185547,20114400
WFC,2026-04-28,81.31999969482422,81.94999694824219,80.94000244140625,81.5,81.03669738769531,14826700
WFC,2026-04-29,81.23999786376953,82.0,80.69999694824219,81.51000213623047,81.04664611816406,19930700
WFC,2026-04-30,80.81999969482422,82.62999725341797,80.01000213623047,82.2300033569336,81.7625503540039,13535900
WFC,2026-05-01,82.25,82.66000366210938,80.80999755859375,80.80999755859375,80.35061645507812,14632700
WFC,2026-05-04,80.58000183105469,80.87000274658203,79.18000030517578,79.18000030517578,78.72988891601562,12968800
WFC,2026-05-05,79.4000015258789,80.11000061035156,79.01000213623047,79.88999938964844,79.43585205078125,11379900
WFC,2026-05-06,80.79000091552734,81.4800033569336,80.3499984741211,80.41999816894531,79.96283721923828,14347500
WFC,2026-05-07,80.69000244140625,81.01000213623047,78.69000244140625,79.16000366210938,78.71000671386719,19094800
WFC,2026-05-08,79.0,79.02999877929688,75.55000305175781,75.63999938964844,75.63999938964844,31062100
WFC,2026-05-11,75.66999816894531,75.72000122070312,73.19000244140625,73.58000183105469,73.58000183105469,25403900
WFC,2026-05-12,73.9000015258789,75.25,72.87000274658203,75.18000030517578,75.18000030517578,21003400
WFC,2026-05-13,74.1500015258789,74.76000213623047,73.27999877929688,73.52999877929688,73.52999877929688,16343900
WFC,2026-05-14,73.9800033569336,74.48999786376953,73.22000122070312,73.79000091552734,73.79000091552734,19388500
WFC,2026-05-15,73.94000244140625,74.05999755859375,72.77999877929688,73.41999816894531,73.41999816894531,16479000
WFC,2026-05-18,73.33000183105469,74.7699966430664,73.33000183105469,74.37000274658203,74.37000274658203,16934200
WFC,2026-05-19,74.4800033569336,75.3499984741211,73.8499984741211,74.55000305175781,74.55000305175781,18649800
WFC,2026-05-20,74.88999938964844,76.30000305175781,73.9800033569336,75.80999755859375,75.80999755859375,14695300
WFC,2026-05-21,75.58999633789062,76.05999755859375,74.91000366210938,75.91999816894531,75.91999816894531,9433400
WFC,2026-05-22,76.36000061035156,76.8499984741211,76.12000274658203,76.4000015258789,76.4000015258789,8728900
WFC,2026-05-26,76.91000366210938,77.66999816894531,76.7699966430664,77.5199966430664,77.5199966430664,21956700
WFC,2026-05-27,77.12999725341797,77.70999908447266,75.18000030517578,76.11000061035156,76.11000061035156,15575700
WFC,2026-05-28,75.83999633789062,77.62000274658203,75.3499984741211,76.6500015258789,76.6500015258789,14146700
WFC,2026-05-29,76.62000274658203,77.75,76.33999633789062,77.54000091552734,77.54000091552734,22322900
WFC,2026-06-01,76.75,78.0199966430664,76.5,77.16999816894531,77.16999816894531,15566900
WFC,2026-06-02,76.80999755859375,79.54000091552734,76.72000122070312,79.44000244140625,79.44000244140625,19447400
WFC,2026-06-03,78.87999725341797,79.12999725341797,77.4000015258789,78.68000030517578,78.68000030517578,15236600
WFC,2026-06-04,79.97000122070312,81.88999938964844,79.72000122070312,81.62000274658203,81.62000274658203,19452100
WFC,2026-06-05,82.1500015258789,82.44999694824219,81.44999694824219,81.94000244140625,81.94000244140625,15110600
WFC,2026-06-08,81.80999755859375,82.54000091552734,80.83000183105469,80.95999908447266,80.95999908447266,11481200
WFC,2026-06-09,81.25,82.55999755859375,80.93000030517578,82.0,82.0,15565500
WFC,2026-06-10,81.8499984741211,83.18000030517578,81.44999694824219,81.97000122070312,81.97000122070312,12580800
WFC,2026-06-11,82.55000305175781,82.91000366210938,80.83000183105469,82.4000015258789,82.4000015258789,10929900
WFC,2026-06-12,82.93000030517578,84.0999984741211,82.62000274658203,83.7300033569336,83.7300033569336,10526000
WFC,2026-06-15,84.41999816894531,84.93000030517578,83.02999877929688,83.13999938964844,83.13999938964844,14526900
WFC,2026-06-16,84.0,85.05999755859375,83.94000244140625,85.05000305175781,85.05000305175781,12400500
WFC,2026-06-17,85.12999725341797,87.08000183105469,83.58999633789062,83.80999755859375,83.80999755859375,19403500
WFC,2026-06-18,84.93000030517578,85.56999969482422,81.94999694824219,82.19999694824219,82.19999694824219,36738600
