article_id,published_date,publisher,linked_ticker_count,linked_tickers,industry_bucket,broad_article_bucket,article_type,ticker_count_bucket,stratum_initial,stratum,stratum_reason,title,summary,legacy_stratum,legacy_stratum_reason,industry_groups,industry_labels,industry_bucket_reason,article_type_reason,broad_article_bucket_reason,ticker_count_bucket_reason,stratum_stage_one,stratum_collapse_reason,max_strata_collapse_steps,flag_multi_ticker,flag_cross_industry_links,flag_company_specific_shape,flag_industry_wide_shape,flag_earnings,flag_analyst,flag_legal,flag_macro,flag_investment_advice,flag_etf_fund,flag_market_roundup,flag_product_or_technology,flag_partnership_or_contract,flag_management,flag_mna_or_investment,flag_industry_language,flag_autos_ev,flag_semiconductors_ai,flag_airlines_travel,flag_banks_finance,flag_big_tech_cloud,flag_has_summary
e7b9ad10a6b1837936e95f273339fd129f34d825a1c93dc6b7a99dbf1685c5d7,2025-07-10,Yahoo,1,DAL,airlines_travel,analyst_or_earnings,earnings_guidance,single_ticker,airlines_travel__analyst_or_earnings,airlines_travel__analyst_or_earnings,mode=hybrid; industry=airlines_travel; broad_article_bucket=analyst_or_earnings; article_type=earnings_guidance; ticker_count_bucket=single_ticker; Initial stratum met the minimum size threshold.,Why Delta Air Lines Is Flying High Today,"Delta topped Wall Street expectations for the quarter and reinstated full-year guidance.  Delta Air Lines (NYSE: DAL) is feeling a lot more optimistic about the future than it was three months ago, and investors are rallying in.  Shares of Delta are up 13% as of 11 a.m. ET after the company reported better-than-expected earnings and reinstated guidance for the year.",investment_advice_etf_roundup_or_unclear,Advice/ETF/market-roundup language dominates the article text.,airlines,airlines_travel,Linked tickers map cleanly to one competitor group.,Earnings or guidance language is present.,Detailed article type maps into the broad analyst-or-earnings bucket.,Article links to a single tracked ticker.,airlines_travel__analyst_or_earnings,Initial stratum met the minimum size threshold.,macro_market__macro_policy -> macro_market__other_unclear; macro_market__other_unclear -> other_unclear__other_unclear; other_unclear__firm_event -> other_unclear__other_unclear; big_tech_cloud__other_unclear -> other_unclear__other_unclear; other_unclear__analyst_or_earnings -> other_unclear__other_unclear; semiconductors_ai__other_unclear -> other_unclear__other_unclear,False,False,False,True,True,False,False,False,False,False,True,False,False,False,False,False,False,False,False,False,False,True
0f4974200cf358b81db35bacfcf13f0a849ed422ba91f3b9b39e44586e15a7a8,2025-07-30,Yahoo,1,DAL,airlines_travel,analyst_or_earnings,earnings_guidance,single_ticker,airlines_travel__analyst_or_earnings,airlines_travel__analyst_or_earnings,mode=hybrid; industry=airlines_travel; broad_article_bucket=analyst_or_earnings; article_type=earnings_guidance; ticker_count_bucket=single_ticker; Initial stratum met the minimum size threshold.,"Ryder Q2 Earnings & Revenues Beat Estimates, 2025 EPS View Tweaked",R's second-quarter 2025 earnings reflect higher contractual earnings and share repurchases.,firm_specific_earnings_or_guidance,Earnings or guidance language appears tied to one or two linked firms.,airlines,airlines_travel,Linked tickers map cleanly to one competitor group.,Earnings or guidance language is present.,Detailed article type maps into the broad analyst-or-earnings bucket.,Article links to a single tracked ticker.,airlines_travel__analyst_or_earnings,Initial stratum met the minimum size threshold.,macro_market__macro_policy -> macro_market__other_unclear; macro_market__other_unclear -> other_unclear__other_unclear; other_unclear__firm_event -> other_unclear__other_unclear; big_tech_cloud__other_unclear -> other_unclear__other_unclear; other_unclear__analyst_or_earnings -> other_unclear__other_unclear; semiconductors_ai__other_unclear -> other_unclear__other_unclear,False,False,True,False,True,False,False,False,False,False,False,False,False,False,False,False,False,False,False,False,False,True
d96b9715c17d2090f83e29c19eb9e363f60e7e0cf41c60a9c4287920b0ec5b72,2025-08-15,Yahoo,2,DAL;UAL,airlines_travel,analyst_or_earnings,earnings_guidance,multi_ticker,airlines_travel__analyst_or_earnings,airlines_travel__analyst_or_earnings,mode=hybrid; industry=airlines_travel; broad_article_bucket=analyst_or_earnings; article_type=earnings_guidance; ticker_count_bucket=multi_ticker; Initial stratum met the minimum size threshold.,United (UAL) Up 8.7% Since Last Earnings Report: Can It Continue?,United (UAL) reported earnings 30 days ago. What's next for the stock? We take a look at earnings estimates for some clues.,firm_specific_earnings_or_guidance,Earnings or guidance language appears tied to one or two linked firms.,airlines,airlines_travel,Linked tickers map cleanly to one competitor group.,Earnings or guidance language is present.,Detailed article type maps into the broad analyst-or-earnings bucket.,Article links to multiple tracked tickers.,airlines_travel__analyst_or_earnings,Initial stratum met the minimum size threshold.,macro_market__macro_policy -> macro_market__other_unclear; macro_market__other_unclear -> other_unclear__other_unclear; other_unclear__firm_event -> other_unclear__other_unclear; big_tech_cloud__other_unclear -> other_unclear__other_unclear; other_unclear__analyst_or_earnings -> other_unclear__other_unclear; semiconductors_ai__other_unclear -> other_unclear__other_unclear,True,False,False,True,True,False,False,False,False,False,False,False,False,False,False,False,False,False,False,False,False,True
5ab6a0eb7cbb5da98e22c3e6461be3333ad40727a5d51de3b05db68fd04f0afa,2025-09-09,Yahoo,1,LUV,airlines_travel,analyst_or_earnings,earnings_guidance,single_ticker,airlines_travel__analyst_or_earnings,airlines_travel__analyst_or_earnings,mode=hybrid; industry=airlines_travel; broad_article_bucket=analyst_or_earnings; article_type=earnings_guidance; ticker_count_bucket=single_ticker; Initial stratum met the minimum size threshold.,"Southwest Airlines would need different aircraft if launching flights to Europe, CEO says","U.S. low-cost carrier Southwest Airlines would need different aircraft if it were to launch flights to Europe, CEO Bob Jordan told a Washington D.C. gathering of aerospace executives on Tuesday. Southwest, which operates mostly domestic flights with a fleet of Boeing 737 jets, has been struggling to find its footing after the COVID pandemic. Its lackluster earnings have fueled pressure to revamp its business model.",firm_specific_earnings_or_guidance,Earnings or guidance language appears tied to one or two linked firms.,airlines,airlines_travel,Linked tickers map cleanly to one competitor group.,Earnings or guidance language is present.,Detailed article type maps into the broad analyst-or-earnings bucket.,Article links to a single tracked ticker.,airlines_travel__analyst_or_earnings,Initial stratum met the minimum size threshold.,macro_market__macro_policy -> macro_market__other_unclear; macro_market__other_unclear -> other_unclear__other_unclear; other_unclear__firm_event -> other_unclear__other_unclear; big_tech_cloud__other_unclear -> other_unclear__other_unclear; other_unclear__analyst_or_earnings -> other_unclear__other_unclear; semiconductors_ai__other_unclear -> other_unclear__other_unclear,False,False,True,False,True,False,False,False,False,False,False,True,False,True,False,False,False,False,True,False,False,True
179179dd2b59796fa8e46a1962a145f60987aa6951d0c85a2a4ef841a8da0d3e,2025-10-23,Yahoo,1,AAL,airlines_travel,analyst_or_earnings,earnings_guidance,single_ticker,airlines_travel__analyst_or_earnings,airlines_travel__analyst_or_earnings,mode=hybrid; industry=airlines_travel; broad_article_bucket=analyst_or_earnings; article_type=earnings_guidance; ticker_count_bucket=single_ticker; Initial stratum met the minimum size threshold.,"American Airlines, Honeywell, Dow: Latest earnings in focus","Morning Brief host Julie Hyman tracks several of the day's top trending stock tickers, including American Airlines (AAL) reporting a loss in its third quarter while forecasting full-year profits, Honeywell (HON) also raising its full-year outlook after its earnings received a boost from its aerospace division, and Dow Inc. (DOW) sharing a narrower-than-expected loss in its latest quarter. To watch more expert insights and analysis on the latest market action, check out more Morning Brief.",firm_specific_earnings_or_guidance,Earnings or guidance language appears tied to one or two linked firms.,airlines,airlines_travel,Linked tickers map cleanly to one competitor group.,Earnings or guidance language is present.,Detailed article type maps into the broad analyst-or-earnings bucket.,Article links to a single tracked ticker.,airlines_travel__analyst_or_earnings,Initial stratum met the minimum size threshold.,macro_market__macro_policy -> macro_market__other_unclear; macro_market__other_unclear -> other_unclear__other_unclear; other_unclear__firm_event -> other_unclear__other_unclear; big_tech_cloud__other_unclear -> other_unclear__other_unclear; other_unclear__analyst_or_earnings -> other_unclear__other_unclear; semiconductors_ai__other_unclear -> other_unclear__other_unclear,False,False,True,False,True,False,False,False,False,False,False,False,False,False,False,False,False,False,True,False,False,True
fcc3327ec7b51a2e632a13f3cf0d9a78144031c7cd6a5e50b9fc8d87aa70eab6,2025-11-06,Benzinga,1,UAL,airlines_travel,analyst_or_earnings,earnings_guidance,single_ticker,airlines_travel__analyst_or_earnings,airlines_travel__analyst_or_earnings,mode=hybrid; industry=airlines_travel; broad_article_bucket=analyst_or_earnings; article_type=earnings_guidance; ticker_count_bucket=single_ticker; Initial stratum met the minimum size threshold.,"Lyft Remains A 'Show-Me' Story, Analysts Press For Execution","Lyft (LYFT) posts strong Q3 results, beats EPS, misses on revenue. JPM raises price forecast to $22 from $16, maintains Neutral rating.",firm_specific_earnings_or_guidance,Earnings or guidance language appears tied to one or two linked firms.,airlines,airlines_travel,Linked tickers map cleanly to one competitor group.,Earnings or guidance language is present.,Detailed article type maps into the broad analyst-or-earnings bucket.,Article links to a single tracked ticker.,airlines_travel__analyst_or_earnings,Initial stratum met the minimum size threshold.,macro_market__macro_policy -> macro_market__other_unclear; macro_market__other_unclear -> other_unclear__other_unclear; other_unclear__firm_event -> other_unclear__other_unclear; big_tech_cloud__other_unclear -> other_unclear__other_unclear; other_unclear__analyst_or_earnings -> other_unclear__other_unclear; semiconductors_ai__other_unclear -> other_unclear__other_unclear,False,False,True,False,True,True,False,False,False,False,False,False,False,False,False,False,False,False,False,False,False,True
4805aad6933d91c6ba56ea7c6df34a7227803c7cae2b2ff06ce9e05c1cc96059,2026-04-22,Yahoo,1,LUV,airlines_travel,analyst_or_earnings,earnings_guidance,single_ticker,airlines_travel__analyst_or_earnings,airlines_travel__analyst_or_earnings,mode=hybrid; industry=airlines_travel; broad_article_bucket=analyst_or_earnings; article_type=earnings_guidance; ticker_count_bucket=single_ticker; Initial stratum met the minimum size threshold.,"Compared to Estimates, Southwest (LUV) Q1 Earnings: A Look at Key Metrics","While the top- and bottom-line numbers for Southwest (LUV) give a sense of how the business performed in the quarter ended March 2026, it could be worth looking at how some of its key metrics compare to Wall Street estimates and year-ago values.",investment_advice_etf_roundup_or_unclear,Advice/ETF/market-roundup language dominates the article text.,airlines,airlines_travel,Linked tickers map cleanly to one competitor group.,Earnings or guidance language is present.,Detailed article type maps into the broad analyst-or-earnings bucket.,Article links to a single tracked ticker.,airlines_travel__analyst_or_earnings,Initial stratum met the minimum size threshold.,macro_market__macro_policy -> macro_market__other_unclear; macro_market__other_unclear -> other_unclear__other_unclear; other_unclear__firm_event -> other_unclear__other_unclear; big_tech_cloud__other_unclear -> other_unclear__other_unclear; other_unclear__analyst_or_earnings -> other_unclear__other_unclear; semiconductors_ai__other_unclear -> other_unclear__other_unclear,False,False,False,True,True,False,False,False,False,False,True,False,False,False,False,False,False,False,False,False,False,True
e63c67b8b9c9b0f9c60f2440f7827fd657060201d596b9257aae3113d1006517,2026-05-26,Yahoo,1,UAL,airlines_travel,analyst_or_earnings,analyst_valuation,single_ticker,airlines_travel__analyst_or_earnings,airlines_travel__analyst_or_earnings,mode=hybrid; industry=airlines_travel; broad_article_bucket=analyst_or_earnings; article_type=analyst_valuation; ticker_count_bucket=single_ticker; Initial stratum met the minimum size threshold.,A Look At United Airlines (UAL) Valuation As Shares Trade Near US$100 After Recent Momentum,"United Airlines Holdings (UAL) stock has drawn fresh attention after recent trading, with shares closing at US$99.96. Investors are weighing this price in relation to the company’s current fundamentals and recent return pattern. See our latest analysis for United Airlines Holdings. That recent move to US$99.96 comes after a 12.16% 7 day share price return and a 7.48% 30 day share price return, even though the share price is down 11.44% over 90 days. The 1 year total shareholder return of...",firm_specific_analyst_or_valuation,"Analyst, rating, or valuation language appears primarily firm-specific.",airlines,airlines_travel,Linked tickers map cleanly to one competitor group.,"Analyst, rating, or valuation language is present.",Detailed article type maps into the broad analyst-or-earnings bucket.,Article links to a single tracked ticker.,airlines_travel__analyst_or_earnings,Initial stratum met the minimum size threshold.,macro_market__macro_policy -> macro_market__other_unclear; macro_market__other_unclear -> other_unclear__other_unclear; other_unclear__firm_event -> other_unclear__other_unclear; big_tech_cloud__other_unclear -> other_unclear__other_unclear; other_unclear__analyst_or_earnings -> other_unclear__other_unclear; semiconductors_ai__other_unclear -> other_unclear__other_unclear,False,False,True,False,False,True,False,False,False,False,False,False,False,False,False,False,False,False,True,False,False,True
d3bf4ecfdffc9599a2bba19c02118db109604cc50e172f33321530284a5062a1,2025-10-20,Yahoo,1,UAL,airlines_travel,firm_event,product_strategy,single_ticker,airlines_travel__firm_event,airlines_travel__firm_event,mode=hybrid; industry=airlines_travel; broad_article_bucket=firm_event; article_type=product_strategy; ticker_count_bucket=single_ticker; Initial stratum met the minimum size threshold.,"Amazon Web Services Outage Persists, Hindering Major Sites and Apps","A major  Amazon  Web Services outage threw much of the internet into disarray on Monday as popular websites and social-media platforms struggled to recover.  The world’s largest cloud provider said in an update at 1:38 p.m. Eastern time that it was seeing “early signs of recovering” across a few availability zones in the Eastern U.S., adding that it was in the process of “applying mitigations…at which point we expect launch errors and network connectivity issues to subside.”  AWS said in an earlier update that it had narrowed down the source of the network connectivity issues.",firm_specific_product_or_strategy,"The article looks focused on one firm's product, strategy, contract, management, or deal activity.",airlines,airlines_travel,Linked tickers map cleanly to one competitor group.,"Product, strategy, contract, management, or firm-specific execution language is present.",Detailed article type maps into the broad firm-event bucket.,Article links to a single tracked ticker.,airlines_travel__firm_event,Initial stratum met the minimum size threshold.,macro_market__macro_policy -> macro_market__other_unclear; macro_market__other_unclear -> other_unclear__other_unclear; other_unclear__firm_event -> other_unclear__other_unclear; big_tech_cloud__other_unclear -> other_unclear__other_unclear; other_unclear__analyst_or_earnings -> other_unclear__other_unclear; semiconductors_ai__other_unclear -> other_unclear__other_unclear,False,False,True,False,False,False,False,False,False,False,False,True,False,False,False,False,False,False,False,False,True,True
1cda02614c98dc148c9f18866b1a05702c52ab448ea2b7adb06c27e36da14b95,2026-01-13,Benzinga,1,DAL,airlines_travel,firm_event,product_strategy,single_ticker,airlines_travel__firm_event,airlines_travel__firm_event,mode=hybrid; industry=airlines_travel; broad_article_bucket=firm_event; article_type=product_strategy; ticker_count_bucket=single_ticker; Initial stratum met the minimum size threshold.,Why Boeing Shares Are Surging On Tuesday?,"Boeing achieves 600 commercial and 131 defense aircraft deliveries in 2025, including Apache, Chinook, F-15, and F/A-18 units, highlighting robust production and market demand.",firm_specific_product_or_strategy,"The article looks focused on one firm's product, strategy, contract, management, or deal activity.",airlines,airlines_travel,Linked tickers map cleanly to one competitor group.,"Product, strategy, contract, management, or firm-specific execution language is present.",Detailed article type maps into the broad firm-event bucket.,Article links to a single tracked ticker.,airlines_travel__firm_event,Initial stratum met the minimum size threshold.,macro_market__macro_policy -> macro_market__other_unclear; macro_market__other_unclear -> other_unclear__other_unclear; other_unclear__firm_event -> other_unclear__other_unclear; big_tech_cloud__other_unclear -> other_unclear__other_unclear; other_unclear__analyst_or_earnings -> other_unclear__other_unclear; semiconductors_ai__other_unclear -> other_unclear__other_unclear,False,False,True,False,False,False,False,False,False,False,False,False,False,False,False,False,False,False,False,False,False,True
923d7073be1f6874992a572be7da0f24b99bfc9cb114f5475db6f07c454ba209,2026-02-27,Benzinga,1,AAL,airlines_travel,firm_event,product_strategy,single_ticker,airlines_travel__firm_event,airlines_travel__firm_event,mode=hybrid; industry=airlines_travel; broad_article_bucket=firm_event; article_type=product_strategy; ticker_count_bucket=single_ticker; Initial stratum met the minimum size threshold.,Pete Buttigieg Criticizes Trump Admin For Axing Passenger Rights As White House Deputy Decries Delays: '...Then Seriously Enforce Airline Laws',"Pete Buttigieg slams Trump admin for canceling passenger protection laws, urges White House to restore them.",firm_specific_product_or_strategy,"The article looks focused on one firm's product, strategy, contract, management, or deal activity.",airlines,airlines_travel,Linked tickers map cleanly to one competitor group.,"Product, strategy, contract, management, or firm-specific execution language is present.",Detailed article type maps into the broad firm-event bucket.,Article links to a single tracked ticker.,airlines_travel__firm_event,Initial stratum met the minimum size threshold.,macro_market__macro_policy -> macro_market__other_unclear; macro_market__other_unclear -> other_unclear__other_unclear; other_unclear__firm_event -> other_unclear__other_unclear; big_tech_cloud__other_unclear -> other_unclear__other_unclear; other_unclear__analyst_or_earnings -> other_unclear__other_unclear; semiconductors_ai__other_unclear -> other_unclear__other_unclear,False,False,True,False,False,False,False,False,False,False,False,False,False,False,False,False,False,False,True,False,False,True
af1b93839aa0d4cc9f46878b2a5d7e7efc679e38496be14984711bb68551c23a,2026-03-17,SeekingAlpha,1,AAL,airlines_travel,firm_event,product_strategy,single_ticker,airlines_travel__firm_event,airlines_travel__firm_event,mode=hybrid; industry=airlines_travel; broad_article_bucket=firm_event; article_type=product_strategy; ticker_count_bucket=single_ticker; Initial stratum met the minimum size threshold.,American Airlines Group Inc. (AAL) Presents at JPMorgan Industrials Conference 2026 - Slideshow,2026-03-17. The following slide deck was published by American Airlines Group Inc.,firm_specific_product_or_strategy,"The article looks focused on one firm's product, strategy, contract, management, or deal activity.",airlines,airlines_travel,Linked tickers map cleanly to one competitor group.,"Product, strategy, contract, management, or firm-specific execution language is present.",Detailed article type maps into the broad firm-event bucket.,Article links to a single tracked ticker.,airlines_travel__firm_event,Initial stratum met the minimum size threshold.,macro_market__macro_policy -> macro_market__other_unclear; macro_market__other_unclear -> other_unclear__other_unclear; other_unclear__firm_event -> other_unclear__other_unclear; big_tech_cloud__other_unclear -> other_unclear__other_unclear; other_unclear__analyst_or_earnings -> other_unclear__other_unclear; semiconductors_ai__other_unclear -> other_unclear__other_unclear,False,False,True,False,False,False,False,False,False,False,False,False,False,False,False,False,False,False,True,False,False,True
a4721bd2f45b9f3c134c5e30dfb7e3ccbed722aeaed49186a46b87e84bf1f809,2026-03-27,Yahoo,1,UAL,airlines_travel,firm_event,product_strategy,single_ticker,airlines_travel__firm_event,airlines_travel__firm_event,mode=hybrid; industry=airlines_travel; broad_article_bucket=firm_event; article_type=product_strategy; ticker_count_bucket=single_ticker; Initial stratum met the minimum size threshold.,"Compass, WeightWatchers, United Airlines, Caleres, and Red Rock Resorts Stocks Trade Down, What You Need To Know",A number of stocks fell in the afternoon session after the latest University of Michigan survey revealed a sharp drop in consumer sentiment to its lowest level for the year.,firm_specific_product_or_strategy,"The article looks focused on one firm's product, strategy, contract, management, or deal activity.",airlines,airlines_travel,Linked tickers map cleanly to one competitor group.,"Product, strategy, contract, management, or firm-specific execution language is present.",Detailed article type maps into the broad firm-event bucket.,Article links to a single tracked ticker.,airlines_travel__firm_event,Initial stratum met the minimum size threshold.,macro_market__macro_policy -> macro_market__other_unclear; macro_market__other_unclear -> other_unclear__other_unclear; other_unclear__firm_event -> other_unclear__other_unclear; big_tech_cloud__other_unclear -> other_unclear__other_unclear; other_unclear__analyst_or_earnings -> other_unclear__other_unclear; semiconductors_ai__other_unclear -> other_unclear__other_unclear,False,False,True,False,False,False,False,False,False,False,False,False,False,False,False,False,False,False,True,False,False,True
805dce3d662290cfb198e939c77b5cf8ad50c260f33a637efcbc9d8a16d90817,2026-05-04,Finnhub,1,UAL,airlines_travel,firm_event,product_strategy,single_ticker,airlines_travel__firm_event,airlines_travel__firm_event,mode=hybrid; industry=airlines_travel; broad_article_bucket=firm_event; article_type=product_strategy; ticker_count_bucket=single_ticker; Initial stratum met the minimum size threshold.,"United Airlines flight hits truck, light pole on New Jersey Turnpike","A United Airlines flight hit a delivery truck and a light pole on the New Jersey Turnpike on approach to Newark International Airport in New Jersey, where it landed safely and nobody was hurt.The...",firm_specific_product_or_strategy,"The article looks focused on one firm's product, strategy, contract, management, or deal activity.",airlines,airlines_travel,Linked tickers map cleanly to one competitor group.,"Product, strategy, contract, management, or firm-specific execution language is present.",Detailed article type maps into the broad firm-event bucket.,Article links to a single tracked ticker.,airlines_travel__firm_event,Initial stratum met the minimum size threshold.,macro_market__macro_policy -> macro_market__other_unclear; macro_market__other_unclear -> other_unclear__other_unclear; other_unclear__firm_event -> other_unclear__other_unclear; big_tech_cloud__other_unclear -> other_unclear__other_unclear; other_unclear__analyst_or_earnings -> other_unclear__other_unclear; semiconductors_ai__other_unclear -> other_unclear__other_unclear,False,False,True,False,False,False,False,False,False,False,False,False,False,False,False,False,True,False,True,False,False,True
eb80660c0de1f8aad59050b8af78aa82c5957aec2839756e176eb9f38c673ada,2026-05-16,Yahoo,1,DAL,airlines_travel,firm_event,product_strategy,single_ticker,airlines_travel__firm_event,airlines_travel__firm_event,mode=hybrid; industry=airlines_travel; broad_article_bucket=firm_event; article_type=product_strategy; ticker_count_bucket=single_ticker; Initial stratum met the minimum size threshold.,"Elon Musk Chimes In As Delta Picks Amazon Leo Over Starlink: They Wanted To Make It 'Painful, Difficult And Expensive'","Elon Musk said Delta Air Lines Inc. passed on integrating SpaceX's Starlink internet because the carrier wanted passengers to use a branded login portal, while Starlink insisted on a seamless connection that works without one. Musk Says Delta Wanted A...",firm_specific_product_or_strategy,"The article looks focused on one firm's product, strategy, contract, management, or deal activity.",airlines,airlines_travel,Linked tickers map cleanly to one competitor group.,"Product, strategy, contract, management, or firm-specific execution language is present.",Detailed article type maps into the broad firm-event bucket.,Article links to a single tracked ticker.,airlines_travel__firm_event,Initial stratum met the minimum size threshold.,macro_market__macro_policy -> macro_market__other_unclear; macro_market__other_unclear -> other_unclear__other_unclear; other_unclear__firm_event -> other_unclear__other_unclear; big_tech_cloud__other_unclear -> other_unclear__other_unclear; other_unclear__analyst_or_earnings -> other_unclear__other_unclear; semiconductors_ai__other_unclear -> other_unclear__other_unclear,False,False,True,False,False,False,False,False,False,False,False,False,False,False,False,False,False,False,True,False,False,True
5819f65caf269a2ca58a53c44db0c37415c7c870968ca815520f445b9e538b93,2026-05-27,Yahoo,1,AAL,airlines_travel,firm_event,product_strategy,single_ticker,airlines_travel__firm_event,airlines_travel__firm_event,mode=hybrid; industry=airlines_travel; broad_article_bucket=firm_event; article_type=product_strategy; ticker_count_bucket=single_ticker; Initial stratum met the minimum size threshold.,"SpaceX Starship Grounded After Mishap. Pentagon Awards Contract, Debates Starlink Prices.","The FAA grounded Starship after its booster explosion. SpaceX won a $2.3 billion contract, and Firefly landed a NASA award. Starlink inked deals with the Pentagon and American Airlines",firm_specific_product_or_strategy,"The article looks focused on one firm's product, strategy, contract, management, or deal activity.",airlines,airlines_travel,Linked tickers map cleanly to one competitor group.,"Product, strategy, contract, management, or firm-specific execution language is present.",Detailed article type maps into the broad firm-event bucket.,Article links to a single tracked ticker.,airlines_travel__firm_event,Initial stratum met the minimum size threshold.,macro_market__macro_policy -> macro_market__other_unclear; macro_market__other_unclear -> other_unclear__other_unclear; other_unclear__firm_event -> other_unclear__other_unclear; big_tech_cloud__other_unclear -> other_unclear__other_unclear; other_unclear__analyst_or_earnings -> other_unclear__other_unclear; semiconductors_ai__other_unclear -> other_unclear__other_unclear,False,False,True,False,False,False,False,False,False,False,False,False,True,False,False,False,False,False,True,False,False,True
a996262cfc214560d61c6e05396ce8715cd4e7eebb2a5c0e8f45339ba22d1061,2025-10-09,Yahoo,1,DAL,airlines_travel,macro_policy,macro_policy,single_ticker,airlines_travel__macro_policy,airlines_travel__macro_policy,mode=hybrid; industry=airlines_travel; broad_article_bucket=macro_policy; article_type=macro_policy; ticker_count_bucket=single_ticker; Initial stratum met the minimum size threshold.,US Equity Indexes Fall Amid Mixed Messaging From Federal Reserve on Path Ahead for Interest Rates,US equity indexes declined at the close on Thursday as the Federal Reserve's meeting minutes failed,macro_market_rates_tariffs_oil,"Macro or policy language such as rates, tariffs, oil, or inflation is present.",airlines,airlines_travel,Linked tickers map cleanly to one competitor group.,Macro or policy language is present.,Detailed article type stays in the macro-policy bucket.,Article links to a single tracked ticker.,airlines_travel__macro_policy,Initial stratum met the minimum size threshold.,macro_market__macro_policy -> macro_market__other_unclear; macro_market__other_unclear -> other_unclear__other_unclear; other_unclear__firm_event -> other_unclear__other_unclear; big_tech_cloud__other_unclear -> other_unclear__other_unclear; other_unclear__analyst_or_earnings -> other_unclear__other_unclear; semiconductors_ai__other_unclear -> other_unclear__other_unclear,False,False,True,False,False,False,False,True,False,False,False,False,False,False,False,False,False,False,False,False,False,True
3d4aa279eb9d1993174d5e831bf643954c5606ba2b6a0ec9ccc333d281662d3a,2025-12-05,Yahoo,2,DAL;LUV,airlines_travel,macro_policy,macro_policy,multi_ticker,airlines_travel__macro_policy,airlines_travel__macro_policy,mode=hybrid; industry=airlines_travel; broad_article_bucket=macro_policy; article_type=macro_policy; ticker_count_bucket=multi_ticker; Initial stratum met the minimum size threshold.,Century-Old Dow Theory Flashes Bullish Sign for US Equity Rally,"The Dow Jones Transportation Average has gained for nine consecutive days, a winning streak seen just five other times this century.  Truckers, shippers, airline and railroad companies carry goods and services that stock the US economy, and a breakout in their share prices soothes nerves of investors worried that growth will eventually sour.  “If the Dow Jones Industrial Average is climbing, that’s fine, but if the Dow Jones Transportation Average confirms the move, that means something deeper: companies aren’t just producing, they are delivering,” wrote Mark Malek, chief investment officer at Siebert Financial.",macro_market_rates_tariffs_oil,"Macro or policy language such as rates, tariffs, oil, or inflation is present.",airlines,airlines_travel,Linked tickers map cleanly to one competitor group.,Macro or policy language is present.,Detailed article type stays in the macro-policy bucket.,Article links to multiple tracked tickers.,airlines_travel__macro_policy,Initial stratum met the minimum size threshold.,macro_market__macro_policy -> macro_market__other_unclear; macro_market__other_unclear -> other_unclear__other_unclear; other_unclear__firm_event -> other_unclear__other_unclear; big_tech_cloud__other_unclear -> other_unclear__other_unclear; other_unclear__analyst_or_earnings -> other_unclear__other_unclear; semiconductors_ai__other_unclear -> other_unclear__other_unclear,True,False,False,True,False,False,False,True,False,False,True,False,False,False,True,False,False,False,True,False,False,True
c2f1d0b623d15e6b0e793fb3691eb3c1aae0cb39b3665d40deb12b27435a4c45,2026-01-09,Yahoo,1,LUV,airlines_travel,macro_policy,macro_policy,single_ticker,airlines_travel__macro_policy,airlines_travel__macro_policy,mode=hybrid; industry=airlines_travel; broad_article_bucket=macro_policy; article_type=macro_policy; ticker_count_bucket=single_ticker; Initial stratum met the minimum size threshold.,"Here Are Friday’s Top Wall Street Analyst Research Calls: Adobe, Airbnb, Altria, Crowdstrike, GE Vernova, Flutter Entertainment, Robinhood, Southwest Airlines, and More","Pre-Market Stock Futures: The futures are trading modestly higher as we get set to wrap up the first complete trading week of 2026, which could finish with a bang today. With market-moving data on the way this morning in the form of the December non-farm payrolls report, and a slew of economic reports plus the ... Here Are Friday’s Top Wall Street Analyst Research Calls: Adobe, Airbnb, Altria, Crowdstrike, GE Vernova, Flutter Entertainment, Robinhood, Southwest Airlines, and More",macro_market_rates_tariffs_oil,"Macro or policy language such as rates, tariffs, oil, or inflation is present.",airlines,airlines_travel,Linked tickers map cleanly to one competitor group.,Macro or policy language is present.,Detailed article type stays in the macro-policy bucket.,Article links to a single tracked ticker.,airlines_travel__macro_policy,Initial stratum met the minimum size threshold.,macro_market__macro_policy -> macro_market__other_unclear; macro_market__other_unclear -> other_unclear__other_unclear; other_unclear__firm_event -> other_unclear__other_unclear; big_tech_cloud__other_unclear -> other_unclear__other_unclear; other_unclear__analyst_or_earnings -> other_unclear__other_unclear; semiconductors_ai__other_unclear -> other_unclear__other_unclear,False,False,False,True,False,True,False,True,False,False,True,False,False,False,False,False,False,False,True,False,False,True
228f269a5cbd35da0b9bf7602ecf92c820150f133af247eaf8b6379ab13f195c,2026-02-23,Yahoo,1,DAL,airlines_travel,macro_policy,macro_policy,single_ticker,airlines_travel__macro_policy,airlines_travel__macro_policy,mode=hybrid; industry=airlines_travel; broad_article_bucket=macro_policy; article_type=macro_policy; ticker_count_bucket=single_ticker; Initial stratum met the minimum size threshold.,"Wyndham, Malibu Boats, Cushman & Wakefield, H&R Block, and Delta Stocks Trade Down, What You Need To Know","A number of stocks fell in the afternoon session after the Trump administration's announcement of new global tariffs, reignited trade policy uncertainty.",macro_market_rates_tariffs_oil,"Macro or policy language such as rates, tariffs, oil, or inflation is present.",airlines,airlines_travel,Linked tickers map cleanly to one competitor group.,Macro or policy language is present.,Detailed article type stays in the macro-policy bucket.,Article links to a single tracked ticker.,airlines_travel__macro_policy,Initial stratum met the minimum size threshold.,macro_market__macro_policy -> macro_market__other_unclear; macro_market__other_unclear -> other_unclear__other_unclear; other_unclear__firm_event -> other_unclear__other_unclear; big_tech_cloud__other_unclear -> other_unclear__other_unclear; other_unclear__analyst_or_earnings -> other_unclear__other_unclear; semiconductors_ai__other_unclear -> other_unclear__other_unclear,False,False,True,False,False,False,False,True,False,False,False,False,False,False,False,False,False,False,False,False,False,True
a842768dbd8bb9d426f5100b5f30cf4f6455dd9b51a74bd03ddb367fd68b7d7a,2026-02-27,Yahoo,2,AAL;LUV,airlines_travel,macro_policy,macro_policy,multi_ticker,airlines_travel__macro_policy,airlines_travel__macro_policy,mode=hybrid; industry=airlines_travel; broad_article_bucket=macro_policy; article_type=macro_policy; ticker_count_bucket=multi_ticker; Initial stratum met the minimum size threshold.,"United Airlines, Delta Stocks Fall. Why Airlines Are Getting Crushed.","United Airlines, Delta Air Lines, and other air-carrier stocks fall as crude oil prices spook investors.",macro_market_rates_tariffs_oil,"Macro or policy language such as rates, tariffs, oil, or inflation is present.",airlines,airlines_travel,Linked tickers map cleanly to one competitor group.,Macro or policy language is present.,Detailed article type stays in the macro-policy bucket.,Article links to multiple tracked tickers.,airlines_travel__macro_policy,Initial stratum met the minimum size threshold.,macro_market__macro_policy -> macro_market__other_unclear; macro_market__other_unclear -> other_unclear__other_unclear; other_unclear__firm_event -> other_unclear__other_unclear; big_tech_cloud__other_unclear -> other_unclear__other_unclear; other_unclear__analyst_or_earnings -> other_unclear__other_unclear; semiconductors_ai__other_unclear -> other_unclear__other_unclear,True,False,False,True,False,False,False,True,False,False,False,False,False,False,False,False,False,False,True,False,False,True
812d8262945f9ef33609f10a0a3b59cf0cf09167487dbd0397e2a232c1b8b5cd,2026-04-12,Yahoo,1,LUV,airlines_travel,macro_policy,macro_policy,single_ticker,airlines_travel__macro_policy,airlines_travel__macro_policy,mode=hybrid; industry=airlines_travel; broad_article_bucket=macro_policy; article_type=macro_policy; ticker_count_bucket=single_ticker; Initial stratum met the minimum size threshold.,Southwest Airlines (LUV) Valuation Check As Route Changes And Fee Moves Target Profitability,"Southwest Airlines (LUV) is reshaping its route map and fees as fuel and inflation pressures bite, trimming Chicago O’Hare service while adding Santa Rosa flights and adjusting bag charges to support profitability. See our latest analysis for Southwest Airlines. The recent route reshuffle, fee changes and the January earnings reaction have played out against a mixed price backdrop, with short term share price returns weaker but a 1 year total shareholder return of 54.10% pointing to stronger...",macro_market_rates_tariffs_oil,"Macro or policy language such as rates, tariffs, oil, or inflation is present.",airlines,airlines_travel,Linked tickers map cleanly to one competitor group.,Macro or policy language is present.,Detailed article type stays in the macro-policy bucket.,Article links to a single tracked ticker.,airlines_travel__macro_policy,Initial stratum met the minimum size threshold.,macro_market__macro_policy -> macro_market__other_unclear; macro_market__other_unclear -> other_unclear__other_unclear; other_unclear__firm_event -> other_unclear__other_unclear; big_tech_cloud__other_unclear -> other_unclear__other_unclear; other_unclear__analyst_or_earnings -> other_unclear__other_unclear; semiconductors_ai__other_unclear -> other_unclear__other_unclear,False,False,True,False,True,True,False,True,False,False,False,False,False,False,False,False,False,False,True,False,False,True
5130e7c769045aac95607f6e541a0668bd912670646a2087ea43dfcf5f052a7e,2026-05-21,Yahoo,1,UAL,airlines_travel,macro_policy,macro_policy,single_ticker,airlines_travel__macro_policy,airlines_travel__macro_policy,mode=hybrid; industry=airlines_travel; broad_article_bucket=macro_policy; article_type=macro_policy; ticker_count_bucket=single_ticker; Initial stratum met the minimum size threshold.,"Carnival and United Airlines Shares Plummet, What You Need To Know",A number of stocks fell in the afternoon session after the broader market sold-off particularly impacting consumer discretionary stocks amid persistent inflation and concerns over slowing demand.,macro_market_rates_tariffs_oil,"Macro or policy language such as rates, tariffs, oil, or inflation is present.",airlines,airlines_travel,Linked tickers map cleanly to one competitor group.,Macro or policy language is present.,Detailed article type stays in the macro-policy bucket.,Article links to a single tracked ticker.,airlines_travel__macro_policy,Initial stratum met the minimum size threshold.,macro_market__macro_policy -> macro_market__other_unclear; macro_market__other_unclear -> other_unclear__other_unclear; other_unclear__firm_event -> other_unclear__other_unclear; big_tech_cloud__other_unclear -> other_unclear__other_unclear; other_unclear__analyst_or_earnings -> other_unclear__other_unclear; semiconductors_ai__other_unclear -> other_unclear__other_unclear,False,False,True,False,False,False,False,True,False,False,False,False,False,False,False,False,False,False,True,False,False,True
8a99493a3e4cdc18af4eb72563b43a90c359145a638ac5370f746f051a0c1029,2026-05-28,Yahoo,1,UAL,airlines_travel,macro_policy,macro_policy,single_ticker,airlines_travel__macro_policy,airlines_travel__macro_policy,mode=hybrid; industry=airlines_travel; broad_article_bucket=macro_policy; article_type=macro_policy; ticker_count_bucket=single_ticker; Initial stratum met the minimum size threshold.,"Stock Market Today: Indexes Rise On U.S.-Iran Deal Hopes; Snowflake Surges, First Solar Breaks Out (Live Coverage)",Stock Market Today: The Dow Jones index fell Thursday after surprise inflation data. AI stock Snowflake soared on earnings.,macro_market_rates_tariffs_oil,"Macro or policy language such as rates, tariffs, oil, or inflation is present.",airlines,airlines_travel,Linked tickers map cleanly to one competitor group.,Macro or policy language is present.,Detailed article type stays in the macro-policy bucket.,Article links to a single tracked ticker.,airlines_travel__macro_policy,Initial stratum met the minimum size threshold.,macro_market__macro_policy -> macro_market__other_unclear; macro_market__other_unclear -> other_unclear__other_unclear; other_unclear__firm_event -> other_unclear__other_unclear; big_tech_cloud__other_unclear -> other_unclear__other_unclear; other_unclear__analyst_or_earnings -> other_unclear__other_unclear; semiconductors_ai__other_unclear -> other_unclear__other_unclear,False,False,False,True,True,False,False,True,False,False,True,True,False,False,False,False,False,True,False,False,False,True
f530fd34d636b1878994f364c40d109d88429ade550be33055cac0d07103472c,2025-07-11,Yahoo,1,DAL,airlines_travel,market_roundup_or_advice,market_roundup,single_ticker,airlines_travel__market_roundup_or_advice,airlines_travel__market_roundup_or_advice,mode=hybrid; industry=airlines_travel; broad_article_bucket=market_roundup_or_advice; article_type=market_roundup; ticker_count_bucket=single_ticker; Initial stratum met the minimum size threshold.,"The Score: WK Kellogg, Nvidia, Delta Air Lines and More Stocks That Defined the Week","The company behind Ferrero Rocher and Nutella has struck a deal to acquire WK Kellogg for roughly $3 billion to grow its business in North America, a deal that would combine two storied foodmakers.  WK  Kellogg  —whose brands include Froot Loops, Frosted Flakes and Rice Krispies—was spun off from Kellogg in 2023, a move that separated its North American cereal business from its remaining global snacking business, which was named Kellanova.  Then, on Friday, The Wall Street Journal reported that another food giant,  Kraft Heinz is eyeing a spinoff of a large chunk of its grocery business.",investment_advice_etf_roundup_or_unclear,Advice/ETF/market-roundup language dominates the article text.,airlines,airlines_travel,Linked tickers map cleanly to one competitor group.,Market roundup or broad market language is present.,Detailed article type maps into the broad market-roundup-or-advice bucket.,Article links to a single tracked ticker.,airlines_travel__market_roundup_or_advice,Initial stratum met the minimum size threshold.,macro_market__macro_policy -> macro_market__other_unclear; macro_market__other_unclear -> other_unclear__other_unclear; other_unclear__firm_event -> other_unclear__other_unclear; big_tech_cloud__other_unclear -> other_unclear__other_unclear; other_unclear__analyst_or_earnings -> other_unclear__other_unclear; semiconductors_ai__other_unclear -> other_unclear__other_unclear,False,False,False,True,False,False,False,False,False,False,True,False,False,False,True,False,False,False,False,False,False,True
36884743b07020352166a6784871c877c73b12f0f03f6e07f1a1bd84a19d08ac,2025-08-11,SeekingAlpha,1,DAL,airlines_travel,market_roundup_or_advice,investment_advice_etf,single_ticker,airlines_travel__market_roundup_or_advice,airlines_travel__market_roundup_or_advice,mode=hybrid; industry=airlines_travel; broad_article_bucket=market_roundup_or_advice; article_type=investment_advice_etf; ticker_count_bucket=single_ticker; Initial stratum met the minimum size threshold.,Delta Air Lines Could Be Overvalued In Turbulent Times,"Delta Air Lines faces near-term headwinds: flat revenues, margin contraction, and EPS declines despite ongoing expansion initiatives. See why DAL stock is a Sell.",investment_advice_etf_roundup_or_unclear,Advice/ETF/market-roundup language dominates the article text.,airlines,airlines_travel,Linked tickers map cleanly to one competitor group.,Investment-advice or ETF language is present.,Detailed article type maps into the broad market-roundup-or-advice bucket.,Article links to a single tracked ticker.,airlines_travel__market_roundup_or_advice,Initial stratum met the minimum size threshold.,macro_market__macro_policy -> macro_market__other_unclear; macro_market__other_unclear -> other_unclear__other_unclear; other_unclear__firm_event -> other_unclear__other_unclear; big_tech_cloud__other_unclear -> other_unclear__other_unclear; other_unclear__analyst_or_earnings -> other_unclear__other_unclear; semiconductors_ai__other_unclear -> other_unclear__other_unclear,False,False,True,False,True,False,False,False,True,False,False,False,False,False,False,False,False,False,False,False,False,True
d1412edc67ae2d0ed844319338dba59c1128b6b415dab386b6c198df0eb26c52,2025-10-09,Yahoo,1,DAL,airlines_travel,market_roundup_or_advice,investment_advice_etf,single_ticker,airlines_travel__market_roundup_or_advice,airlines_travel__market_roundup_or_advice,mode=hybrid; industry=airlines_travel; broad_article_bucket=market_roundup_or_advice; article_type=investment_advice_etf; ticker_count_bucket=single_ticker; Initial stratum met the minimum size threshold.,Is Delta the Best Airline Stock to Buy After Its Strong Q3 Results?,"As it relates to the three largest airlines in the U.S., Delta (DAL) is making its case as the best one to invest in after delivering strong Q3 results on Thursday morning.",investment_advice_etf_roundup_or_unclear,Advice/ETF/market-roundup language dominates the article text.,airlines,airlines_travel,Linked tickers map cleanly to one competitor group.,Investment-advice or ETF language is present.,Detailed article type maps into the broad market-roundup-or-advice bucket.,Article links to a single tracked ticker.,airlines_travel__market_roundup_or_advice,Initial stratum met the minimum size threshold.,macro_market__macro_policy -> macro_market__other_unclear; macro_market__other_unclear -> other_unclear__other_unclear; other_unclear__firm_event -> other_unclear__other_unclear; big_tech_cloud__other_unclear -> other_unclear__other_unclear; other_unclear__analyst_or_earnings -> other_unclear__other_unclear; semiconductors_ai__other_unclear -> other_unclear__other_unclear,False,False,True,False,False,False,False,False,True,False,False,False,False,False,False,False,False,False,True,False,False,True
719fe6cdc2f82ce13df1f9c37e5559658f8b852891c8daf0baa00b1d98093e21,2025-11-03,Yahoo,1,UAL,airlines_travel,market_roundup_or_advice,market_roundup,single_ticker,airlines_travel__market_roundup_or_advice,airlines_travel__market_roundup_or_advice,mode=hybrid; industry=airlines_travel; broad_article_bucket=market_roundup_or_advice; article_type=market_roundup; ticker_count_bucket=single_ticker; Initial stratum met the minimum size threshold.,3 S&P 500 Stocks We Keep Off Our Radar,"The S&P 500 (^GSPC) is often seen as a benchmark for strong businesses, but that doesn’t mean every stock is worth owning. Some companies face significant challenges, whether it’s stagnating growth, heavy debt, or disruptive new competitors.",investment_advice_etf_roundup_or_unclear,Advice/ETF/market-roundup language dominates the article text.,airlines,airlines_travel,Linked tickers map cleanly to one competitor group.,Market roundup or broad market language is present.,Detailed article type maps into the broad market-roundup-or-advice bucket.,Article links to a single tracked ticker.,airlines_travel__market_roundup_or_advice,Initial stratum met the minimum size threshold.,macro_market__macro_policy -> macro_market__other_unclear; macro_market__other_unclear -> other_unclear__other_unclear; other_unclear__firm_event -> other_unclear__other_unclear; big_tech_cloud__other_unclear -> other_unclear__other_unclear; other_unclear__analyst_or_earnings -> other_unclear__other_unclear; semiconductors_ai__other_unclear -> other_unclear__other_unclear,False,False,False,True,False,False,False,False,False,False,True,False,False,False,False,True,False,False,False,False,False,True
21fa92567afb10aaf1c39fc4cc11ec81294fd1c5971df1ae46e65be7eae9425b,2025-12-13,Yahoo,1,LUV,airlines_travel,market_roundup_or_advice,investment_advice_etf,single_ticker,airlines_travel__market_roundup_or_advice,airlines_travel__market_roundup_or_advice,mode=hybrid; industry=airlines_travel; broad_article_bucket=market_roundup_or_advice; article_type=investment_advice_etf; ticker_count_bucket=single_ticker; Initial stratum met the minimum size threshold.,Goldman Sachs Is Bullish On The Boeing Company (BA),"The Boeing Company (NYSE:BA) is among the 12 Best Performing Dow Stocks in 2025. On December 9, 2025, TheFly reported that Goldman Sachs kept a Buy rating and a $257 price target on The Boeing Company (NYSE:BA). This came after Goldman Sachs reviewed the company’s monthly delivery figures. The firm pointed out that The Boeing […]",investment_advice_etf_roundup_or_unclear,Advice/ETF/market-roundup language dominates the article text.,airlines,airlines_travel,Linked tickers map cleanly to one competitor group.,Investment-advice or ETF language is present.,Detailed article type maps into the broad market-roundup-or-advice bucket.,Article links to a single tracked ticker.,airlines_travel__market_roundup_or_advice,Initial stratum met the minimum size threshold.,macro_market__macro_policy -> macro_market__other_unclear; macro_market__other_unclear -> other_unclear__other_unclear; other_unclear__firm_event -> other_unclear__other_unclear; big_tech_cloud__other_unclear -> other_unclear__other_unclear; other_unclear__analyst_or_earnings -> other_unclear__other_unclear; semiconductors_ai__other_unclear -> other_unclear__other_unclear,False,False,True,False,False,True,False,False,True,False,False,False,False,False,False,False,False,False,False,False,False,True
a9161a566f1bdc57a5f6d210a7f29a41f122257a200d0815d769c3c7fb3aa2ae,2026-02-09,Yahoo,1,DAL,airlines_travel,market_roundup_or_advice,market_roundup,single_ticker,airlines_travel__market_roundup_or_advice,airlines_travel__market_roundup_or_advice,mode=hybrid; industry=airlines_travel; broad_article_bucket=market_roundup_or_advice; article_type=market_roundup; ticker_count_bucket=single_ticker; Initial stratum met the minimum size threshold.,"How Hershey, United Airlines, and Others Unseated AI to Become the New Stock Market Darlings",In July 2024 and early 2025 there were similar moves away from risky assets as the market broadened out. What’s different this time.,investment_advice_etf_roundup_or_unclear,Advice/ETF/market-roundup language dominates the article text.,airlines,airlines_travel,Linked tickers map cleanly to one competitor group.,Market roundup or broad market language is present.,Detailed article type maps into the broad market-roundup-or-advice bucket.,Article links to a single tracked ticker.,airlines_travel__market_roundup_or_advice,Initial stratum met the minimum size threshold.,macro_market__macro_policy -> macro_market__other_unclear; macro_market__other_unclear -> other_unclear__other_unclear; other_unclear__firm_event -> other_unclear__other_unclear; big_tech_cloud__other_unclear -> other_unclear__other_unclear; other_unclear__analyst_or_earnings -> other_unclear__other_unclear; semiconductors_ai__other_unclear -> other_unclear__other_unclear,False,False,False,True,False,False,False,False,False,False,True,True,False,False,False,False,False,True,True,False,False,True
091b546271f7815912dd3f4ce9f499b0a5df0388531b19e51b0211bddcd603f6,2026-04-21,Benzinga,1,UAL,airlines_travel,market_roundup_or_advice,market_roundup,single_ticker,airlines_travel__market_roundup_or_advice,airlines_travel__market_roundup_or_advice,mode=hybrid; industry=airlines_travel; broad_article_bucket=market_roundup_or_advice; article_type=market_roundup; ticker_count_bucket=single_ticker; Initial stratum met the minimum size threshold.,Will S&P 500 Open Up Or Down On April 21?,"The S&amp;P 500 slipped on Monday, falling 0.24% to close at 7,109.14, as renewed tensions between the U.S. and Iran weighed on sentiment and snapped the market&#39;s recent momentum.",investment_advice_etf_roundup_or_unclear,Advice/ETF/market-roundup language dominates the article text.,airlines,airlines_travel,Linked tickers map cleanly to one competitor group.,Market roundup or broad market language is present.,Detailed article type maps into the broad market-roundup-or-advice bucket.,Article links to a single tracked ticker.,airlines_travel__market_roundup_or_advice,Initial stratum met the minimum size threshold.,macro_market__macro_policy -> macro_market__other_unclear; macro_market__other_unclear -> other_unclear__other_unclear; other_unclear__firm_event -> other_unclear__other_unclear; big_tech_cloud__other_unclear -> other_unclear__other_unclear; other_unclear__analyst_or_earnings -> other_unclear__other_unclear; semiconductors_ai__other_unclear -> other_unclear__other_unclear,False,False,False,True,False,False,False,False,False,False,True,False,False,False,False,False,False,False,False,False,False,True
bd151a181b0ca27883e27d9a53d15c5685b5ce5f8dc6b83c41ce6e050feb82b0,2026-06-05,Yahoo,1,LUV,airlines_travel,market_roundup_or_advice,investment_advice_etf,single_ticker,airlines_travel__market_roundup_or_advice,airlines_travel__market_roundup_or_advice,mode=hybrid; industry=airlines_travel; broad_article_bucket=market_roundup_or_advice; article_type=investment_advice_etf; ticker_count_bucket=single_ticker; Initial stratum met the minimum size threshold.,Southwest Airlines (LUV): The Most Undervalued Growth Stock to Buy Right Now,"Southwest Airlines Co. (NYSE:LUV) is one of the 8 Most Undervalued Growth Stocks to Buy Right Now. On June 1, 2026, Morgan Stanley raised the firm’s price target on Southwest Airlines Co. (NYSE:LUV) to $60 from $55 previously and maintained an Overweight rating on the shares. On May 28, 2026, Southwest Airlines Co. (NYSE:LUV) announced […]",investment_advice_etf_roundup_or_unclear,Advice/ETF/market-roundup language dominates the article text.,airlines,airlines_travel,Linked tickers map cleanly to one competitor group.,Investment-advice or ETF language is present.,Detailed article type maps into the broad market-roundup-or-advice bucket.,Article links to a single tracked ticker.,airlines_travel__market_roundup_or_advice,Initial stratum met the minimum size threshold.,macro_market__macro_policy -> macro_market__other_unclear; macro_market__other_unclear -> other_unclear__other_unclear; other_unclear__firm_event -> other_unclear__other_unclear; big_tech_cloud__other_unclear -> other_unclear__other_unclear; other_unclear__analyst_or_earnings -> other_unclear__other_unclear; semiconductors_ai__other_unclear -> other_unclear__other_unclear,False,False,True,False,False,True,False,False,True,False,False,False,False,False,False,False,False,False,True,False,False,True
54117c1e9133dfdd7b01ab894d317343879b63ff78701b2c68b76978c9e2bc27,2025-10-31,Yahoo,4,AAL;DAL;LUV;UAL,airlines_travel,other_unclear,other_unclear,multi_ticker,airlines_travel__other_unclear,airlines_travel__other_unclear,mode=hybrid; industry=airlines_travel; broad_article_bucket=other_unclear; article_type=other_unclear; ticker_count_bucket=multi_ticker; Initial stratum met the minimum size threshold.,Unfriendly skies: Airline CEOs pressure Congress to pass funding bill as flight disruptions mount,"If you are flying anytime soon, you may need to be prepared for some turbulence.",industry_wide_airlines_travel,Industry-linked keywords plus ticker breadth/sector language indicate an industry-wide airline/travel article.,airlines,airlines_travel,Linked tickers map cleanly to one competitor group.,No stronger article-type pattern dominated the text.,Detailed article type falls into the broad other/unclear bucket.,Article links to multiple tracked tickers.,airlines_travel__other_unclear,Initial stratum met the minimum size threshold.,macro_market__macro_policy -> macro_market__other_unclear; macro_market__other_unclear -> other_unclear__other_unclear; other_unclear__firm_event -> other_unclear__other_unclear; big_tech_cloud__other_unclear -> other_unclear__other_unclear; other_unclear__analyst_or_earnings -> other_unclear__other_unclear; semiconductors_ai__other_unclear -> other_unclear__other_unclear,True,False,False,True,False,False,False,False,False,False,False,False,False,False,False,False,False,False,True,False,False,True
f8d426afbdcb0fc5b497b7f262ca688c1aa85037e284f1bf8eae9d5ca3887710,2025-11-06,Yahoo,4,AAL;DAL;LUV;UAL,airlines_travel,other_unclear,other_unclear,multi_ticker,airlines_travel__other_unclear,airlines_travel__other_unclear,mode=hybrid; industry=airlines_travel; broad_article_bucket=other_unclear; article_type=other_unclear; ticker_count_bucket=multi_ticker; Initial stratum met the minimum size threshold.,Airline Stocks: FAA Traffic Cuts Underscore These Winners,"Airline stocks for U.S. carriers all sank on Thursday, continuing a negative trend since the start of the year. International carriers rose.",industry_wide_airlines_travel,Industry-linked keywords plus ticker breadth/sector language indicate an industry-wide airline/travel article.,airlines,airlines_travel,Linked tickers map cleanly to one competitor group.,No stronger article-type pattern dominated the text.,Detailed article type falls into the broad other/unclear bucket.,Article links to multiple tracked tickers.,airlines_travel__other_unclear,Initial stratum met the minimum size threshold.,macro_market__macro_policy -> macro_market__other_unclear; macro_market__other_unclear -> other_unclear__other_unclear; other_unclear__firm_event -> other_unclear__other_unclear; big_tech_cloud__other_unclear -> other_unclear__other_unclear; other_unclear__analyst_or_earnings -> other_unclear__other_unclear; semiconductors_ai__other_unclear -> other_unclear__other_unclear,True,False,False,True,False,False,False,False,False,False,False,False,False,False,False,True,False,False,True,False,False,True
019a0fd26fd25680ad16b41236a34799a4c5b797e6edb49e4a728651ac7ca0f3,2025-12-09,Yahoo,4,AAL;DAL;LUV;UAL,airlines_travel,other_unclear,other_unclear,multi_ticker,airlines_travel__other_unclear,airlines_travel__other_unclear,mode=hybrid; industry=airlines_travel; broad_article_bucket=other_unclear; article_type=other_unclear; ticker_count_bucket=multi_ticker; Initial stratum met the minimum size threshold.,"Airlines set for a smoother 2026, BMO says","Investing.com -- BMO Capital Markets has initiated coverage on the U.S. airline sector with a constructive outlook for 2026, arguing that the industry is finally emerging from “a challenging 2024–2025” marked by excess domestic capacity and weak corporate travel.",industry_wide_airlines_travel,Industry-linked keywords plus ticker breadth/sector language indicate an industry-wide airline/travel article.,airlines,airlines_travel,Linked tickers map cleanly to one competitor group.,No stronger article-type pattern dominated the text.,Detailed article type falls into the broad other/unclear bucket.,Article links to multiple tracked tickers.,airlines_travel__other_unclear,Initial stratum met the minimum size threshold.,macro_market__macro_policy -> macro_market__other_unclear; macro_market__other_unclear -> other_unclear__other_unclear; other_unclear__firm_event -> other_unclear__other_unclear; big_tech_cloud__other_unclear -> other_unclear__other_unclear; other_unclear__analyst_or_earnings -> other_unclear__other_unclear; semiconductors_ai__other_unclear -> other_unclear__other_unclear,True,False,False,True,False,False,False,False,False,False,False,False,False,False,False,True,False,False,True,False,False,True
fe959ed9707e1e67f75203c59051ff480952d58dc4575fa93b4be689c8b05f06,2026-02-18,MarketWatch,1,UAL,airlines_travel,other_unclear,other_unclear,single_ticker,airlines_travel__other_unclear,airlines_travel__other_unclear,mode=hybrid; industry=airlines_travel; broad_article_bucket=other_unclear; article_type=other_unclear; ticker_count_bucket=single_ticker; Initial stratum met the minimum size threshold.,United Airlines Holdings Inc. stock outperforms competitors on strong trading day,United Airlines Holdings Inc. stock outperforms competitors on strong trading day,industry_wide_airlines_travel,Industry-linked keywords plus ticker breadth/sector language indicate an industry-wide airline/travel article.,airlines,airlines_travel,Linked tickers map cleanly to one competitor group.,No stronger article-type pattern dominated the text.,Detailed article type falls into the broad other/unclear bucket.,Article links to a single tracked ticker.,airlines_travel__other_unclear,Initial stratum met the minimum size threshold.,macro_market__macro_policy -> macro_market__other_unclear; macro_market__other_unclear -> other_unclear__other_unclear; other_unclear__firm_event -> other_unclear__other_unclear; big_tech_cloud__other_unclear -> other_unclear__other_unclear; other_unclear__analyst_or_earnings -> other_unclear__other_unclear; semiconductors_ai__other_unclear -> other_unclear__other_unclear,False,False,False,True,False,False,False,False,False,False,False,False,False,False,False,True,False,False,True,False,False,True
7f36a1606f0beb1976cd84f9a2fca8306eecbf1d7b4ebb7e1f933ca2eb6657b8,2026-04-13,CNBC,2,DAL;LUV,airlines_travel,other_unclear,other_unclear,multi_ticker,airlines_travel__other_unclear,airlines_travel__other_unclear,mode=hybrid; industry=airlines_travel; broad_article_bucket=other_unclear; article_type=other_unclear; ticker_count_bucket=multi_ticker; Initial stratum met the minimum size threshold.,"Stocks making the biggest moves midday: Oracle, Conagra, Salesforce, Goldman Sachs & more",Here are some of the stocks making headlines in midday trading.,investment_advice_etf_roundup_or_unclear,"Fallback bucket for articles without a cleaner firm, industry, legal, or macro signal.",airlines,airlines_travel,Linked tickers map cleanly to one competitor group.,No stronger article-type pattern dominated the text.,Detailed article type falls into the broad other/unclear bucket.,Article links to multiple tracked tickers.,airlines_travel__other_unclear,Initial stratum met the minimum size threshold.,macro_market__macro_policy -> macro_market__other_unclear; macro_market__other_unclear -> other_unclear__other_unclear; other_unclear__firm_event -> other_unclear__other_unclear; big_tech_cloud__other_unclear -> other_unclear__other_unclear; other_unclear__analyst_or_earnings -> other_unclear__other_unclear; semiconductors_ai__other_unclear -> other_unclear__other_unclear,True,False,False,True,False,False,False,False,False,False,False,False,False,False,False,False,False,False,False,False,False,True
d82d161ffa9eb2415a6ddfccd9d10b3719d30ece51ebfc68683166a5ae2179dd,2026-04-17,ChartMill,2,LUV;UAL,airlines_travel,other_unclear,other_unclear,multi_ticker,airlines_travel__other_unclear,airlines_travel__other_unclear,mode=hybrid; industry=airlines_travel; broad_article_bucket=other_unclear; article_type=other_unclear; ticker_count_bucket=multi_ticker; Initial stratum met the minimum size threshold.,Friday's session: top gainers and losers in the S&P500 index,Let's have a look at what is happening on the US markets in the middle of the day on Friday. Below you can find the top S&P500 gainers and losers in today's session.,investment_advice_etf_roundup_or_unclear,"Fallback bucket for articles without a cleaner firm, industry, legal, or macro signal.",airlines,airlines_travel,Linked tickers map cleanly to one competitor group.,No stronger article-type pattern dominated the text.,Detailed article type falls into the broad other/unclear bucket.,Article links to multiple tracked tickers.,airlines_travel__other_unclear,Initial stratum met the minimum size threshold.,macro_market__macro_policy -> macro_market__other_unclear; macro_market__other_unclear -> other_unclear__other_unclear; other_unclear__firm_event -> other_unclear__other_unclear; big_tech_cloud__other_unclear -> other_unclear__other_unclear; other_unclear__analyst_or_earnings -> other_unclear__other_unclear; semiconductors_ai__other_unclear -> other_unclear__other_unclear,True,False,False,True,False,False,False,False,False,False,False,False,False,False,False,False,False,False,False,False,False,True
cceff4bc633135dea503ddad19f0b7fadf55d27d0fe89ba7fd02bf01a4105bfa,2026-04-28,CNBC,2,LUV;UAL,airlines_travel,other_unclear,other_unclear,multi_ticker,airlines_travel__other_unclear,airlines_travel__other_unclear,mode=hybrid; industry=airlines_travel; broad_article_bucket=other_unclear; article_type=other_unclear; ticker_count_bucket=multi_ticker; Initial stratum met the minimum size threshold.,U.S. airlines are hiking fares — and travelers keep booking,Executives say travelers keep booking despite big jumps in airfare as they seek to cover the cost of fuel.,industry_wide_airlines_travel,Industry-linked keywords plus ticker breadth/sector language indicate an industry-wide airline/travel article.,airlines,airlines_travel,Linked tickers map cleanly to one competitor group.,No stronger article-type pattern dominated the text.,Detailed article type falls into the broad other/unclear bucket.,Article links to multiple tracked tickers.,airlines_travel__other_unclear,Initial stratum met the minimum size threshold.,macro_market__macro_policy -> macro_market__other_unclear; macro_market__other_unclear -> other_unclear__other_unclear; other_unclear__firm_event -> other_unclear__other_unclear; big_tech_cloud__other_unclear -> other_unclear__other_unclear; other_unclear__analyst_or_earnings -> other_unclear__other_unclear; semiconductors_ai__other_unclear -> other_unclear__other_unclear,True,False,False,True,False,False,False,False,False,False,False,False,False,False,False,False,False,False,True,False,False,True
b604a99c158dbd20de81c41dbd33057568751a766bfa14ffc98f4a8da58ae1c7,2026-05-05,CNBC,3,DAL;LUV;UAL,airlines_travel,other_unclear,other_unclear,multi_ticker,airlines_travel__other_unclear,airlines_travel__other_unclear,mode=hybrid; industry=airlines_travel; broad_article_bucket=other_unclear; article_type=other_unclear; ticker_count_bucket=multi_ticker; Initial stratum met the minimum size threshold.,"Airlines will be cutting capacity in second half of the year, says Jefferies' Sheila Kahyaoglu","Sheila Kahyaoglu, Jefferies, joins 'Fast Money' to talk the impact of rising fuel prices on the airline industry.",industry_wide_airlines_travel,Industry-linked keywords plus ticker breadth/sector language indicate an industry-wide airline/travel article.,airlines,airlines_travel,Linked tickers map cleanly to one competitor group.,No stronger article-type pattern dominated the text.,Detailed article type falls into the broad other/unclear bucket.,Article links to multiple tracked tickers.,airlines_travel__other_unclear,Initial stratum met the minimum size threshold.,macro_market__macro_policy -> macro_market__other_unclear; macro_market__other_unclear -> other_unclear__other_unclear; other_unclear__firm_event -> other_unclear__other_unclear; big_tech_cloud__other_unclear -> other_unclear__other_unclear; other_unclear__analyst_or_earnings -> other_unclear__other_unclear; semiconductors_ai__other_unclear -> other_unclear__other_unclear,True,False,False,True,False,False,False,False,False,False,False,False,False,False,False,True,False,False,True,False,False,True
823b117afb55a55f7b83ab72b7b73a7eca29641a57b285eb2b7cf8800c852075,2025-07-31,SeekingAlpha,1,GM,autos_ev,analyst_or_earnings,analyst_valuation,single_ticker,autos_ev__analyst_or_earnings,autos_ev__analyst_or_earnings,mode=hybrid; industry=autos_ev; broad_article_bucket=analyst_or_earnings; article_type=analyst_valuation; ticker_count_bucket=single_ticker; Initial stratum met the minimum size threshold.,This Makes No Sense,Equities continue to rally and are hitting all-time highs on a consistent basis despite many valuation metrics flashing yellow. Read the latest analysis on stocks and the market here.,firm_specific_analyst_or_valuation,"Analyst, rating, or valuation language appears primarily firm-specific.",ev_autos,autos_ev,Linked tickers map cleanly to one competitor group.,"Analyst, rating, or valuation language is present.",Detailed article type maps into the broad analyst-or-earnings bucket.,Article links to a single tracked ticker.,autos_ev__analyst_or_earnings,Initial stratum met the minimum size threshold.,macro_market__macro_policy -> macro_market__other_unclear; macro_market__other_unclear -> other_unclear__other_unclear; other_unclear__firm_event -> other_unclear__other_unclear; big_tech_cloud__other_unclear -> other_unclear__other_unclear; other_unclear__analyst_or_earnings -> other_unclear__other_unclear; semiconductors_ai__other_unclear -> other_unclear__other_unclear,False,False,True,False,False,True,False,False,False,False,False,False,False,False,False,False,False,False,False,False,False,True
77094f903857f80feaebe73f9eae98cb75d8c592593ffed07c3e35716d6b3cfc,2025-09-05,Yahoo,2,GM;RIVN,autos_ev,analyst_or_earnings,earnings_guidance,multi_ticker,autos_ev__analyst_or_earnings,autos_ev__analyst_or_earnings,mode=hybrid; industry=autos_ev; broad_article_bucket=analyst_or_earnings; article_type=earnings_guidance; ticker_count_bucket=multi_ticker; Initial stratum met the minimum size threshold.,"Rivian lays off 200 workers, joins GM and VW in EV pullback from tax credit repeal","Rivian, along with the rest of the industry, expects lower EV sales in the fourth quarter because of the repeal of the U.S. tax credit on Sept. 30.",firm_specific_earnings_or_guidance,Earnings or guidance language appears tied to one or two linked firms.,ev_autos,autos_ev,Linked tickers map cleanly to one competitor group.,Earnings or guidance language is present.,Detailed article type maps into the broad analyst-or-earnings bucket.,Article links to multiple tracked tickers.,autos_ev__analyst_or_earnings,Initial stratum met the minimum size threshold.,macro_market__macro_policy -> macro_market__other_unclear; macro_market__other_unclear -> other_unclear__other_unclear; other_unclear__firm_event -> other_unclear__other_unclear; big_tech_cloud__other_unclear -> other_unclear__other_unclear; other_unclear__analyst_or_earnings -> other_unclear__other_unclear; semiconductors_ai__other_unclear -> other_unclear__other_unclear,True,False,False,True,True,False,False,False,False,False,False,False,False,False,False,True,True,False,False,False,False,True
8b3b328e8534ee9dd93913e417d4778d430b7e313a9a4cad73c9de9a0e55e9da,2025-09-17,Yahoo,1,TSLA,autos_ev,analyst_or_earnings,analyst_valuation,single_ticker,autos_ev__analyst_or_earnings,autos_ev__analyst_or_earnings,mode=hybrid; industry=autos_ev; broad_article_bucket=analyst_or_earnings; article_type=analyst_valuation; ticker_count_bucket=single_ticker; Initial stratum met the minimum size threshold.,"Wedbush Reiterates Outperform on Tesla (TSLA), Calls Musk a ‘Wartime CEO’","Tesla, Inc. (NASDAQ:TSLA) is one of the Trending AI Stocks on Wall Street. On September 15, Wedbush reiterated the stock as “Outperform” stating that Tesla CEO Elon Musk is a “wartime CEO.” According to analyst Dan Ives, the company is in a prime position to emerge as a clear leader in the autonomous market opportunity, and […]",investment_advice_etf_roundup_or_unclear,Advice/ETF/market-roundup language dominates the article text.,ev_autos,autos_ev,Linked tickers map cleanly to one competitor group.,"Analyst, rating, or valuation language is present.",Detailed article type maps into the broad analyst-or-earnings bucket.,Article links to a single tracked ticker.,autos_ev__analyst_or_earnings,Initial stratum met the minimum size threshold.,macro_market__macro_policy -> macro_market__other_unclear; macro_market__other_unclear -> other_unclear__other_unclear; other_unclear__firm_event -> other_unclear__other_unclear; big_tech_cloud__other_unclear -> other_unclear__other_unclear; other_unclear__analyst_or_earnings -> other_unclear__other_unclear; semiconductors_ai__other_unclear -> other_unclear__other_unclear,False,False,False,True,False,True,False,False,False,False,True,True,False,True,False,False,False,True,False,False,False,True
9834fc341f40f9696aa6fcdd5d97f1d6ba2992d05f2a54254eae72db01f72f84,2025-10-17,Yahoo,1,GM,autos_ev,analyst_or_earnings,earnings_guidance,single_ticker,autos_ev__analyst_or_earnings,autos_ev__analyst_or_earnings,mode=hybrid; industry=autos_ev; broad_article_bucket=analyst_or_earnings; article_type=earnings_guidance; ticker_count_bucket=single_ticker; Initial stratum met the minimum size threshold.,How to Boost Your Portfolio with Top Auto-Tires-Trucks Stocks Set to Beat Earnings,Investors looking for ways to find stocks that are set to beat quarterly earnings estimates should check out the Zacks Earnings ESP.,firm_specific_earnings_or_guidance,Earnings or guidance language appears tied to one or two linked firms.,ev_autos,autos_ev,Linked tickers map cleanly to one competitor group.,Earnings or guidance language is present.,Detailed article type maps into the broad analyst-or-earnings bucket.,Article links to a single tracked ticker.,autos_ev__analyst_or_earnings,Initial stratum met the minimum size threshold.,macro_market__macro_policy -> macro_market__other_unclear; macro_market__other_unclear -> other_unclear__other_unclear; other_unclear__firm_event -> other_unclear__other_unclear; big_tech_cloud__other_unclear -> other_unclear__other_unclear; other_unclear__analyst_or_earnings -> other_unclear__other_unclear; semiconductors_ai__other_unclear -> other_unclear__other_unclear,False,False,True,False,True,False,False,False,False,False,False,False,False,False,False,False,False,False,False,False,False,True
c8e013f4ee62c2d5878583ebd1aaefc4d665ffe20a6ac7919d1d703422f6ee22,2025-10-22,SeekingAlpha,1,TSLA,autos_ev,analyst_or_earnings,earnings_guidance,single_ticker,autos_ev__analyst_or_earnings,autos_ev__analyst_or_earnings,mode=hybrid; industry=autos_ev; broad_article_bucket=analyst_or_earnings; article_type=earnings_guidance; ticker_count_bucket=single_ticker; Initial stratum met the minimum size threshold.,Tesla: Sell The Q3 Earnings Miss,"Discover key insights on Tesla, Inc.'s Q3 earnings, EV tax credit impact, and valuation risks. Click for my updated look at TSLA stock and why I rate it a Sell.",firm_specific_earnings_or_guidance,Earnings or guidance language appears tied to one or two linked firms.,ev_autos,autos_ev,Linked tickers map cleanly to one competitor group.,Earnings or guidance language is present.,Detailed article type maps into the broad analyst-or-earnings bucket.,Article links to a single tracked ticker.,autos_ev__analyst_or_earnings,Initial stratum met the minimum size threshold.,macro_market__macro_policy -> macro_market__other_unclear; macro_market__other_unclear -> other_unclear__other_unclear; other_unclear__firm_event -> other_unclear__other_unclear; big_tech_cloud__other_unclear -> other_unclear__other_unclear; other_unclear__analyst_or_earnings -> other_unclear__other_unclear; semiconductors_ai__other_unclear -> other_unclear__other_unclear,False,False,True,False,True,True,False,False,False,False,False,False,False,False,False,False,True,False,False,False,False,True
5d935b151d2b6ae195ff7702b138c00ae774b8d8d89da8ff4eaeb91b5541e051,2025-11-17,Yahoo,1,RIVN,autos_ev,analyst_or_earnings,analyst_valuation,single_ticker,autos_ev__analyst_or_earnings,autos_ev__analyst_or_earnings,mode=hybrid; industry=autos_ev; broad_article_bucket=analyst_or_earnings; article_type=analyst_valuation; ticker_count_bucket=single_ticker; Initial stratum met the minimum size threshold.,Rivian Gains New Street-High Target as Analyst Sees 65% Upside,Tigress Financial boosts outlook following Rivian's stronger Q3 performance.,firm_specific_analyst_or_valuation,"Analyst, rating, or valuation language appears primarily firm-specific.",ev_autos,autos_ev,Linked tickers map cleanly to one competitor group.,"Analyst, rating, or valuation language is present.",Detailed article type maps into the broad analyst-or-earnings bucket.,Article links to a single tracked ticker.,autos_ev__analyst_or_earnings,Initial stratum met the minimum size threshold.,macro_market__macro_policy -> macro_market__other_unclear; macro_market__other_unclear -> other_unclear__other_unclear; other_unclear__firm_event -> other_unclear__other_unclear; big_tech_cloud__other_unclear -> other_unclear__other_unclear; other_unclear__analyst_or_earnings -> other_unclear__other_unclear; semiconductors_ai__other_unclear -> other_unclear__other_unclear,False,False,True,False,False,True,False,False,False,False,False,False,False,False,False,False,False,False,False,False,False,True
10438a4a80db3b373053ca0777579d50b3a24547f9465636e7888ab4b4206db8,2026-03-10,CNBC,1,F,autos_ev,analyst_or_earnings,earnings_guidance,single_ticker,autos_ev__analyst_or_earnings,autos_ev__analyst_or_earnings,mode=hybrid; industry=autos_ev; broad_article_bucket=analyst_or_earnings; article_type=earnings_guidance; ticker_count_bucket=single_ticker; Initial stratum met the minimum size threshold.,Ford launches new AI to grow multibillion-dollar Pro commercial business,Ford CEO Jim Farley last month said diversifying Pro's revenue — specifically in software — is a crucial growth area for the company.,firm_specific_earnings_or_guidance,Earnings or guidance language appears tied to one or two linked firms.,ev_autos,autos_ev,Linked tickers map cleanly to one competitor group.,Earnings or guidance language is present.,Detailed article type maps into the broad analyst-or-earnings bucket.,Article links to a single tracked ticker.,autos_ev__analyst_or_earnings,Initial stratum met the minimum size threshold.,macro_market__macro_policy -> macro_market__other_unclear; macro_market__other_unclear -> other_unclear__other_unclear; other_unclear__firm_event -> other_unclear__other_unclear; big_tech_cloud__other_unclear -> other_unclear__other_unclear; other_unclear__analyst_or_earnings -> other_unclear__other_unclear; semiconductors_ai__other_unclear -> other_unclear__other_unclear,False,False,True,False,True,False,False,False,False,False,False,True,False,True,False,False,False,True,False,False,False,True
6ab74cfe4a757d2cf6933050ea7cb38d22c87c9ade23a3658e86d3e80e8c7af9,2026-03-25,Yahoo,2,F;GM,autos_ev,analyst_or_earnings,earnings_guidance,multi_ticker,autos_ev__analyst_or_earnings,autos_ev__analyst_or_earnings,mode=hybrid; industry=autos_ev; broad_article_bucket=analyst_or_earnings; article_type=earnings_guidance; ticker_count_bucket=multi_ticker; Initial stratum met the minimum size threshold.,Ford Has Run Out Of Places To Go,"There are many regions worldwide where cars can be sold. However, without success in China, the EU, and the US, global automotive companies get painted into a corner. Ford’s (NYSE: F) US sales often rank third behind (NYSE: GM) and Toyota (NYSE: TM). Ford makes money in China, but exports are critical to its profit ... Ford Has Run Out Of Places To Go",firm_specific_earnings_or_guidance,Earnings or guidance language appears tied to one or two linked firms.,ev_autos,autos_ev,Linked tickers map cleanly to one competitor group.,Earnings or guidance language is present.,Detailed article type maps into the broad analyst-or-earnings bucket.,Article links to multiple tracked tickers.,autos_ev__analyst_or_earnings,Initial stratum met the minimum size threshold.,macro_market__macro_policy -> macro_market__other_unclear; macro_market__other_unclear -> other_unclear__other_unclear; other_unclear__firm_event -> other_unclear__other_unclear; big_tech_cloud__other_unclear -> other_unclear__other_unclear; other_unclear__analyst_or_earnings -> other_unclear__other_unclear; semiconductors_ai__other_unclear -> other_unclear__other_unclear,True,False,False,True,True,False,False,False,False,False,False,False,False,False,False,False,False,False,False,False,False,True
dded8b68c957c9ffd824d49abc7abea59c3e2f578224c8e58827609639978c98,2025-07-04,Yahoo,1,F,autos_ev,firm_event,product_strategy,single_ticker,autos_ev__firm_event,autos_ev__firm_event,mode=hybrid; industry=autos_ev; broad_article_bucket=firm_event; article_type=product_strategy; ticker_count_bucket=single_ticker; Initial stratum met the minimum size threshold.,UK's best-selling cars revealed,These are the top 10 best-selling cars in the UK in June,firm_specific_product_or_strategy,"The article looks focused on one firm's product, strategy, contract, management, or deal activity.",ev_autos,autos_ev,Linked tickers map cleanly to one competitor group.,"Product, strategy, contract, management, or firm-specific execution language is present.",Detailed article type maps into the broad firm-event bucket.,Article links to a single tracked ticker.,autos_ev__firm_event,Initial stratum met the minimum size threshold.,macro_market__macro_policy -> macro_market__other_unclear; macro_market__other_unclear -> other_unclear__other_unclear; other_unclear__firm_event -> other_unclear__other_unclear; big_tech_cloud__other_unclear -> other_unclear__other_unclear; other_unclear__analyst_or_earnings -> other_unclear__other_unclear; semiconductors_ai__other_unclear -> other_unclear__other_unclear,False,False,True,False,False,False,False,False,False,False,False,False,False,False,False,False,False,False,False,False,False,True
2248506a54eefc98511a0f1bf2e4820457e6248e821797d3c093fe1f974ebf03,2025-10-23,MarketWatch,1,TSLA,autos_ev,firm_event,product_strategy,single_ticker,autos_ev__firm_event,autos_ev__firm_event,mode=hybrid; industry=autos_ev; broad_article_bucket=firm_event; article_type=product_strategy; ticker_count_bucket=single_ticker; Initial stratum met the minimum size threshold.,Tesla Stock Depends on Musk’s Robot Army. Why Fierce Competition Is a Problem.,Tesla Stock Depends on Musk’s Robot Army. Why Fierce Competition Is a Problem.,firm_specific_product_or_strategy,"The article looks focused on one firm's product, strategy, contract, management, or deal activity.",ev_autos,autos_ev,Linked tickers map cleanly to one competitor group.,"Product, strategy, contract, management, or firm-specific execution language is present.",Detailed article type maps into the broad firm-event bucket.,Article links to a single tracked ticker.,autos_ev__firm_event,Initial stratum met the minimum size threshold.,macro_market__macro_policy -> macro_market__other_unclear; macro_market__other_unclear -> other_unclear__other_unclear; other_unclear__firm_event -> other_unclear__other_unclear; big_tech_cloud__other_unclear -> other_unclear__other_unclear; other_unclear__analyst_or_earnings -> other_unclear__other_unclear; semiconductors_ai__other_unclear -> other_unclear__other_unclear,False,False,True,False,False,False,False,False,False,False,False,False,False,False,False,False,False,False,False,False,False,True
abc94192af362ffa6535f5c8c11e56c5538e209196962837ba720111b5a26b3c,2025-10-28,Yahoo,1,F,autos_ev,firm_event,product_strategy,single_ticker,autos_ev__firm_event,autos_ev__firm_event,mode=hybrid; industry=autos_ev; broad_article_bucket=firm_event; article_type=product_strategy; ticker_count_bucket=single_ticker; Initial stratum met the minimum size threshold.,L&G concludes $6.1bn buy-ins with Ford pension schemes,The two buy-ins comprise the Ford Hourly Paid Contributory Pension Fund and the Ford Salaried Contributory Pension Fund.,firm_specific_product_or_strategy,"The article looks focused on one firm's product, strategy, contract, management, or deal activity.",ev_autos,autos_ev,Linked tickers map cleanly to one competitor group.,"Product, strategy, contract, management, or firm-specific execution language is present.",Detailed article type maps into the broad firm-event bucket.,Article links to a single tracked ticker.,autos_ev__firm_event,Initial stratum met the minimum size threshold.,macro_market__macro_policy -> macro_market__other_unclear; macro_market__other_unclear -> other_unclear__other_unclear; other_unclear__firm_event -> other_unclear__other_unclear; big_tech_cloud__other_unclear -> other_unclear__other_unclear; other_unclear__analyst_or_earnings -> other_unclear__other_unclear; semiconductors_ai__other_unclear -> other_unclear__other_unclear,False,False,True,False,False,False,False,False,False,False,False,False,False,False,False,False,False,False,False,False,False,True
8892bc44e958aba05f071569f220cf17fc6b332ec03348df4bc5b251c4475fe8,2026-01-15,Benzinga,1,F,autos_ev,firm_event,product_strategy,single_ticker,autos_ev__firm_event,autos_ev__firm_event,mode=hybrid; industry=autos_ev; broad_article_bucket=firm_event; article_type=product_strategy; ticker_count_bucket=single_ticker; Initial stratum met the minimum size threshold.,'Ford Stresses Importance of Trade Pact Trump Doesn't Care About' - Bloomberg,https://www.bloomberg.com/news/articles/2026-01-15/ford-stresses-importance-of-trade-pact-trump-doesn-t-care-about,firm_specific_product_or_strategy,"The article looks focused on one firm's product, strategy, contract, management, or deal activity.",ev_autos,autos_ev,Linked tickers map cleanly to one competitor group.,"Product, strategy, contract, management, or firm-specific execution language is present.",Detailed article type maps into the broad firm-event bucket.,Article links to a single tracked ticker.,autos_ev__firm_event,Initial stratum met the minimum size threshold.,macro_market__macro_policy -> macro_market__other_unclear; macro_market__other_unclear -> other_unclear__other_unclear; other_unclear__firm_event -> other_unclear__other_unclear; big_tech_cloud__other_unclear -> other_unclear__other_unclear; other_unclear__analyst_or_earnings -> other_unclear__other_unclear; semiconductors_ai__other_unclear -> other_unclear__other_unclear,False,False,True,False,False,False,False,False,False,False,False,False,False,False,False,False,False,False,False,False,False,True
c758e47bbc056b6fd12875bd4c6063c261e54b554202f887eb87de87eb4eaeb4,2026-02-18,Yahoo,1,TSLA,autos_ev,firm_event,product_strategy,single_ticker,autos_ev__firm_event,autos_ev__firm_event,mode=hybrid; industry=autos_ev; broad_article_bucket=firm_event; article_type=product_strategy; ticker_count_bucket=single_ticker; Initial stratum met the minimum size threshold.,Heron Power raises $140M to ramp production of grid-altering tech,"Tesla alumni Drew Baglino raises a large round to build a giga-scale factory, this time at his own startup.",firm_specific_product_or_strategy,"The article looks focused on one firm's product, strategy, contract, management, or deal activity.",ev_autos,autos_ev,Linked tickers map cleanly to one competitor group.,"Product, strategy, contract, management, or firm-specific execution language is present.",Detailed article type maps into the broad firm-event bucket.,Article links to a single tracked ticker.,autos_ev__firm_event,Initial stratum met the minimum size threshold.,macro_market__macro_policy -> macro_market__other_unclear; macro_market__other_unclear -> other_unclear__other_unclear; other_unclear__firm_event -> other_unclear__other_unclear; big_tech_cloud__other_unclear -> other_unclear__other_unclear; other_unclear__analyst_or_earnings -> other_unclear__other_unclear; semiconductors_ai__other_unclear -> other_unclear__other_unclear,False,False,True,False,False,False,False,False,False,False,False,False,False,False,False,False,False,False,False,False,False,True
e391e4fc4f654de4080449fd089486f1b0e798b4cb192a46c20a34b3180772c6,2026-02-24,Yahoo,1,TSLA,autos_ev,firm_event,product_strategy,single_ticker,autos_ev__firm_event,autos_ev__firm_event,mode=hybrid; industry=autos_ev; broad_article_bucket=firm_event; article_type=product_strategy; ticker_count_bucket=single_ticker; Initial stratum met the minimum size threshold.,Tesla Challenges California DMV False Advertising Ruling,Automaker seeks to remove false advertiser label tied to self-driving claims.,firm_specific_product_or_strategy,"The article looks focused on one firm's product, strategy, contract, management, or deal activity.",ev_autos,autos_ev,Linked tickers map cleanly to one competitor group.,"Product, strategy, contract, management, or firm-specific execution language is present.",Detailed article type maps into the broad firm-event bucket.,Article links to a single tracked ticker.,autos_ev__firm_event,Initial stratum met the minimum size threshold.,macro_market__macro_policy -> macro_market__other_unclear; macro_market__other_unclear -> other_unclear__other_unclear; other_unclear__firm_event -> other_unclear__other_unclear; big_tech_cloud__other_unclear -> other_unclear__other_unclear; other_unclear__analyst_or_earnings -> other_unclear__other_unclear; semiconductors_ai__other_unclear -> other_unclear__other_unclear,False,False,True,False,False,False,False,False,False,False,False,False,False,False,False,False,True,False,False,False,False,True
e18489d798791708ef9424d78344142c2bbfa59cb471e5c36e2467527a106ab1,2026-04-24,Benzinga,1,TSLA,autos_ev,firm_event,product_strategy,single_ticker,autos_ev__firm_event,autos_ev__firm_event,mode=hybrid; industry=autos_ev; broad_article_bucket=firm_event; article_type=product_strategy; ticker_count_bucket=single_ticker; Initial stratum met the minimum size threshold.,Elon Musk Announces Cybercab Has Entered Production,https://x.com/elonmusk/status/2047574971774611553?s=20,firm_specific_product_or_strategy,"The article looks focused on one firm's product, strategy, contract, management, or deal activity.",ev_autos,autos_ev,Linked tickers map cleanly to one competitor group.,"Product, strategy, contract, management, or firm-specific execution language is present.",Detailed article type maps into the broad firm-event bucket.,Article links to a single tracked ticker.,autos_ev__firm_event,Initial stratum met the minimum size threshold.,macro_market__macro_policy -> macro_market__other_unclear; macro_market__other_unclear -> other_unclear__other_unclear; other_unclear__firm_event -> other_unclear__other_unclear; big_tech_cloud__other_unclear -> other_unclear__other_unclear; other_unclear__analyst_or_earnings -> other_unclear__other_unclear; semiconductors_ai__other_unclear -> other_unclear__other_unclear,False,False,True,False,False,False,False,False,False,False,False,False,False,False,False,False,False,False,False,False,False,True
4a0660b6632545546d179b6303418d8bd581544694d028464ac94446a34f8de5,2026-06-03,Yahoo,2,F;GM,autos_ev,firm_event,product_strategy,multi_ticker,autos_ev__firm_event,autos_ev__firm_event,mode=hybrid; industry=autos_ev; broad_article_bucket=firm_event; article_type=product_strategy; ticker_count_bucket=multi_ticker; Initial stratum met the minimum size threshold.,Can Ford Win More Pickup Buyers With Wider Product Choices?,"F expands pickup choices across sizes, prices and powertrains to attract new buyers, boost fleet demand and defend global truck share.",industry_wide_autos_ev,Industry-linked keywords plus ticker breadth/sector language indicate an industry-wide autos/EV article.,ev_autos,autos_ev,Linked tickers map cleanly to one competitor group.,"Product, strategy, contract, management, or firm-specific execution language is present.",Detailed article type maps into the broad firm-event bucket.,Article links to multiple tracked tickers.,autos_ev__firm_event,Initial stratum met the minimum size threshold.,macro_market__macro_policy -> macro_market__other_unclear; macro_market__other_unclear -> other_unclear__other_unclear; other_unclear__firm_event -> other_unclear__other_unclear; big_tech_cloud__other_unclear -> other_unclear__other_unclear; other_unclear__analyst_or_earnings -> other_unclear__other_unclear; semiconductors_ai__other_unclear -> other_unclear__other_unclear,True,False,False,True,False,False,False,False,False,False,False,True,False,False,False,False,True,False,False,False,False,True
13b906aa7afa2ac6dbe0cace455a77b1b37f421b79840b2acdf8ef12cc1a6f4c,2025-07-09,Yahoo,1,GM,autos_ev,macro_policy,macro_policy,single_ticker,autos_ev__macro_policy,autos_ev__macro_policy,mode=hybrid; industry=autos_ev; broad_article_bucket=macro_policy; article_type=macro_policy; ticker_count_bucket=single_ticker; Initial stratum met the minimum size threshold.,Nvidia’s Run Toward $4 Trillion Fuels Stock Gains,"A big day for  Nvidia  shares helped power a fresh all-time high for the Nasdaq composite on Wednesday, despite new tariff threats from the Trump administration.  All three major U.S. indexes posted gains after President Trump released new letters setting levies on goods from a half-dozen countries including the Philippines, Libya and Iraq.  Wednesday was the original deadline for reaching trade deals with Washington, before Trump extended it to Aug. 1, and many investors have begun wagering the White House won’t ultimately follow through on its harshest threats.",macro_market_rates_tariffs_oil,"Macro or policy language such as rates, tariffs, oil, or inflation is present.",ev_autos,autos_ev,Linked tickers map cleanly to one competitor group.,Macro or policy language is present.,Detailed article type stays in the macro-policy bucket.,Article links to a single tracked ticker.,autos_ev__macro_policy,Initial stratum met the minimum size threshold.,macro_market__macro_policy -> macro_market__other_unclear; macro_market__other_unclear -> other_unclear__other_unclear; other_unclear__firm_event -> other_unclear__other_unclear; big_tech_cloud__other_unclear -> other_unclear__other_unclear; other_unclear__analyst_or_earnings -> other_unclear__other_unclear; semiconductors_ai__other_unclear -> other_unclear__other_unclear,False,False,False,True,False,False,False,True,False,False,True,False,False,False,False,False,False,False,False,False,False,True
6e19951d9d6118049279aadbca7efbc7c191307f50cdd5f9f2f842ea9f6c2301,2025-07-22,Yahoo,1,GM,autos_ev,macro_policy,macro_policy,single_ticker,autos_ev__macro_policy,autos_ev__macro_policy,mode=hybrid; industry=autos_ev; broad_article_bucket=macro_policy; article_type=macro_policy; ticker_count_bucket=single_ticker; Initial stratum met the minimum size threshold.,"GM's Earnings Top Estimates, But Automaker Warns of Larger Tariff Hit in Second Half","General Motors on Tuesday posted second-quarter results above analysts' estimates, but said it expects a bigger hit from tariffs in the second half of the year.",macro_market_rates_tariffs_oil,"Macro or policy language such as rates, tariffs, oil, or inflation is present.",ev_autos,autos_ev,Linked tickers map cleanly to one competitor group.,Macro or policy language is present.,Detailed article type stays in the macro-policy bucket.,Article links to a single tracked ticker.,autos_ev__macro_policy,Initial stratum met the minimum size threshold.,macro_market__macro_policy -> macro_market__other_unclear; macro_market__other_unclear -> other_unclear__other_unclear; other_unclear__firm_event -> other_unclear__other_unclear; big_tech_cloud__other_unclear -> other_unclear__other_unclear; other_unclear__analyst_or_earnings -> other_unclear__other_unclear; semiconductors_ai__other_unclear -> other_unclear__other_unclear,False,False,True,False,True,False,False,True,False,False,False,False,False,False,False,False,True,False,False,False,False,True
658e7ac0d6f62a31a792dabfa16fc97ec284f7909e2b230a5a5d09204088e421,2025-08-15,Yahoo,2,RIVN;TSLA,autos_ev,macro_policy,macro_policy,multi_ticker,autos_ev__macro_policy,autos_ev__macro_policy,mode=hybrid; industry=autos_ev; broad_article_bucket=macro_policy; article_type=macro_policy; ticker_count_bucket=multi_ticker; Initial stratum met the minimum size threshold.,Rivian warns of $100 million revenue hit after Trump eases fuel economy rules,"Investing.com -- Rivian (NASDAQ:RIVN) says a Trump administration rollback of U.S. fuel economy rules has left it unable to collect about $100 million in revenue, underscoring the growing impact of policy changes on electric vehicle (EV) makers.",macro_market_rates_tariffs_oil,"Macro or policy language such as rates, tariffs, oil, or inflation is present.",ev_autos,autos_ev,Linked tickers map cleanly to one competitor group.,Macro or policy language is present.,Detailed article type stays in the macro-policy bucket.,Article links to multiple tracked tickers.,autos_ev__macro_policy,Initial stratum met the minimum size threshold.,macro_market__macro_policy -> macro_market__other_unclear; macro_market__other_unclear -> other_unclear__other_unclear; other_unclear__firm_event -> other_unclear__other_unclear; big_tech_cloud__other_unclear -> other_unclear__other_unclear; other_unclear__analyst_or_earnings -> other_unclear__other_unclear; semiconductors_ai__other_unclear -> other_unclear__other_unclear,True,False,False,True,True,False,False,True,False,False,False,False,False,False,False,False,True,False,False,False,False,True
3ed39927412ea128de42062184bfd98dc6fb3988784e3a9ef51b2cd693187cc1,2025-10-20,Yahoo,1,F,autos_ev,macro_policy,macro_policy,single_ticker,autos_ev__macro_policy,autos_ev__macro_policy,mode=hybrid; industry=autos_ev; broad_article_bucket=macro_policy; article_type=macro_policy; ticker_count_bucket=single_ticker; Initial stratum met the minimum size threshold.,"Tariffs are here to stay — and US manufacturing can't keep up, former Coach CEO says",Former Coach CEO Lew Frankfort isn't betting on tariffs to bring US manufacturing back.,macro_market_rates_tariffs_oil,"Macro or policy language such as rates, tariffs, oil, or inflation is present.",ev_autos,autos_ev,Linked tickers map cleanly to one competitor group.,Macro or policy language is present.,Detailed article type stays in the macro-policy bucket.,Article links to a single tracked ticker.,autos_ev__macro_policy,Initial stratum met the minimum size threshold.,macro_market__macro_policy -> macro_market__other_unclear; macro_market__other_unclear -> other_unclear__other_unclear; other_unclear__firm_event -> other_unclear__other_unclear; big_tech_cloud__other_unclear -> other_unclear__other_unclear; other_unclear__analyst_or_earnings -> other_unclear__other_unclear; semiconductors_ai__other_unclear -> other_unclear__other_unclear,False,False,True,False,False,False,False,True,False,False,False,False,False,True,False,False,False,False,False,False,False,True
ffb9ae02e6de46ffd765f597164329534afed8dece066944d63999a7aa560adf,2025-10-22,Yahoo,1,GM,autos_ev,macro_policy,macro_policy,single_ticker,autos_ev__macro_policy,autos_ev__macro_policy,mode=hybrid; industry=autos_ev; broad_article_bucket=macro_policy; article_type=macro_policy; ticker_count_bucket=single_ticker; Initial stratum met the minimum size threshold.,Early US Earnings Point to Best Corporate Results in Four Years,"About 85% of S&P 500 firms to have reported third-quarter earnings so far have surpassed profit estimates, on course for the best performance since 2021, according to data compiled by Bloomberg Intelligence.  It’s still early in the season, given that less than a fifth of the index’s market capitalization has announced results, but it’s an indication that US profits remain strong in the face of tariffs and an uncertain economy.  A majority of S&P 500 firms typically surpass expectations, but this season stands out considering that analysts had set the bar higher by raising projections heading into the reporting period.",macro_market_rates_tariffs_oil,"Macro or policy language such as rates, tariffs, oil, or inflation is present.",ev_autos,autos_ev,Linked tickers map cleanly to one competitor group.,Macro or policy language is present.,Detailed article type stays in the macro-policy bucket.,Article links to a single tracked ticker.,autos_ev__macro_policy,Initial stratum met the minimum size threshold.,macro_market__macro_policy -> macro_market__other_unclear; macro_market__other_unclear -> other_unclear__other_unclear; other_unclear__firm_event -> other_unclear__other_unclear; big_tech_cloud__other_unclear -> other_unclear__other_unclear; other_unclear__analyst_or_earnings -> other_unclear__other_unclear; semiconductors_ai__other_unclear -> other_unclear__other_unclear,False,False,False,True,True,False,False,True,False,False,True,False,False,False,False,False,False,False,False,False,False,True
d4d22f77fe73c3be0c079e305f768b58058335957947ed88df7d406936fc01b8,2025-12-15,SeekingAlpha,3,F;GM;RIVN,autos_ev,macro_policy,macro_policy,multi_ticker,autos_ev__macro_policy,autos_ev__macro_policy,mode=hybrid; industry=autos_ev; broad_article_bucket=macro_policy; article_type=macro_policy; ticker_count_bucket=multi_ticker; Initial stratum met the minimum size threshold.,What To Expect In November 2025's Inflation Report,"Get key November CPI insights across energy, food, housing & autos. Learn market impacts, 2026 Fed rate cut outlook, and stocks set to benefit.",macro_market_rates_tariffs_oil,"Macro or policy language such as rates, tariffs, oil, or inflation is present.",ev_autos,autos_ev,Linked tickers map cleanly to one competitor group.,Macro or policy language is present.,Detailed article type stays in the macro-policy bucket.,Article links to multiple tracked tickers.,autos_ev__macro_policy,Initial stratum met the minimum size threshold.,macro_market__macro_policy -> macro_market__other_unclear; macro_market__other_unclear -> other_unclear__other_unclear; other_unclear__firm_event -> other_unclear__other_unclear; big_tech_cloud__other_unclear -> other_unclear__other_unclear; other_unclear__analyst_or_earnings -> other_unclear__other_unclear; semiconductors_ai__other_unclear -> other_unclear__other_unclear,True,False,False,True,False,False,False,True,False,False,False,False,False,False,False,False,False,False,False,False,False,True
9da1f95bb45dd701973ad91e485c78243a9f52728372d74692e6718238f3cae1,2026-02-04,MarketWatch,1,GM,autos_ev,macro_policy,macro_policy,single_ticker,autos_ev__macro_policy,autos_ev__macro_policy,mode=hybrid; industry=autos_ev; broad_article_bucket=macro_policy; article_type=macro_policy; ticker_count_bucket=single_ticker; Initial stratum met the minimum size threshold.,Car sales sputtered during an icy January. Weather wasn’t the only problem for auto dealers and the U.S. economy.,Car sales sputtered during an icy January. Weather wasn’t the only problem for auto dealers and the U.S. economy.,macro_market_rates_tariffs_oil,"Macro or policy language such as rates, tariffs, oil, or inflation is present.",ev_autos,autos_ev,Linked tickers map cleanly to one competitor group.,Macro or policy language is present.,Detailed article type stays in the macro-policy bucket.,Article links to a single tracked ticker.,autos_ev__macro_policy,Initial stratum met the minimum size threshold.,macro_market__macro_policy -> macro_market__other_unclear; macro_market__other_unclear -> other_unclear__other_unclear; other_unclear__firm_event -> other_unclear__other_unclear; big_tech_cloud__other_unclear -> other_unclear__other_unclear; other_unclear__analyst_or_earnings -> other_unclear__other_unclear; semiconductors_ai__other_unclear -> other_unclear__other_unclear,False,False,True,False,False,False,False,True,False,False,False,False,False,False,False,False,False,False,False,False,False,True
4e739576a49b02e9088dbf96adc5857b1d31ed9d4608508b8884fc0548a61fbc,2026-02-11,Yahoo,1,F,autos_ev,macro_policy,macro_policy,single_ticker,autos_ev__macro_policy,autos_ev__macro_policy,mode=hybrid; industry=autos_ev; broad_article_bucket=macro_policy; article_type=macro_policy; ticker_count_bucket=single_ticker; Initial stratum met the minimum size threshold.,Ford CEO says 'customer has spoken’ after EV shift drives major quarterly loss,"Ford reported a massive $11.1 billion quarterly loss driven by electric vehicle writedowns and tariff costs, marking the automaker's worst quarter since 2008.",macro_market_rates_tariffs_oil,"Macro or policy language such as rates, tariffs, oil, or inflation is present.",ev_autos,autos_ev,Linked tickers map cleanly to one competitor group.,Macro or policy language is present.,Detailed article type stays in the macro-policy bucket.,Article links to a single tracked ticker.,autos_ev__macro_policy,Initial stratum met the minimum size threshold.,macro_market__macro_policy -> macro_market__other_unclear; macro_market__other_unclear -> other_unclear__other_unclear; other_unclear__firm_event -> other_unclear__other_unclear; big_tech_cloud__other_unclear -> other_unclear__other_unclear; other_unclear__analyst_or_earnings -> other_unclear__other_unclear; semiconductors_ai__other_unclear -> other_unclear__other_unclear,False,False,True,False,True,False,False,True,False,False,False,False,False,True,False,False,True,False,False,False,False,True
1f69d66f587fc3c6419f8173ab972a646319a1cc1feb92312d70fe20015f5ad2,2025-06-29,Yahoo,1,RIVN,autos_ev,market_roundup_or_advice,investment_advice_etf,single_ticker,autos_ev__market_roundup_or_advice,autos_ev__market_roundup_or_advice,mode=hybrid; industry=autos_ev; broad_article_bucket=market_roundup_or_advice; article_type=investment_advice_etf; ticker_count_bucket=single_ticker; Initial stratum met the minimum size threshold.,Rivian Maintains Overweight Rating After $1.25B Green Debt Refinance Announcement,"Rivian Automotive Inc. (NASDAQ:RIVN) is one of the best consumer cyclical stocks to buy. On June 16, Cantor Fitzgerald maintained its Overweight rating and $15 price target on Rivian Automotive Inc. (NASDAQ:RIVN). This follows the company’s recent debt refinance announcement. Rivian Automotive Inc. (NASDAQ:RIVN) stated on June 2 that it would raise $1.25 billion through […]",investment_advice_etf_roundup_or_unclear,Advice/ETF/market-roundup language dominates the article text.,ev_autos,autos_ev,Linked tickers map cleanly to one competitor group.,Investment-advice or ETF language is present.,Detailed article type maps into the broad market-roundup-or-advice bucket.,Article links to a single tracked ticker.,autos_ev__market_roundup_or_advice,Initial stratum met the minimum size threshold.,macro_market__macro_policy -> macro_market__other_unclear; macro_market__other_unclear -> other_unclear__other_unclear; other_unclear__firm_event -> other_unclear__other_unclear; big_tech_cloud__other_unclear -> other_unclear__other_unclear; other_unclear__analyst_or_earnings -> other_unclear__other_unclear; semiconductors_ai__other_unclear -> other_unclear__other_unclear,False,False,True,False,False,True,False,False,True,False,False,False,False,False,False,False,False,False,False,False,False,True
3e1bbd0fc99b70fd6775c866687f1731316e510c63138da0918f78b69b8c185b,2025-09-18,Yahoo,1,TSLA,autos_ev,market_roundup_or_advice,investment_advice_etf,single_ticker,autos_ev__market_roundup_or_advice,autos_ev__market_roundup_or_advice,mode=hybrid; industry=autos_ev; broad_article_bucket=market_roundup_or_advice; article_type=investment_advice_etf; ticker_count_bucket=single_ticker; Initial stratum met the minimum size threshold.,"As Tesla Turns Positive for 2025, Should You Buy TSLA Stock?","After a turbulent start this year and a stunning rebound, should investors trust Tesla’s 2025 rally as a lasting comeback?",investment_advice_etf_roundup_or_unclear,Advice/ETF/market-roundup language dominates the article text.,ev_autos,autos_ev,Linked tickers map cleanly to one competitor group.,Investment-advice or ETF language is present.,Detailed article type maps into the broad market-roundup-or-advice bucket.,Article links to a single tracked ticker.,autos_ev__market_roundup_or_advice,Initial stratum met the minimum size threshold.,macro_market__macro_policy -> macro_market__other_unclear; macro_market__other_unclear -> other_unclear__other_unclear; other_unclear__firm_event -> other_unclear__other_unclear; big_tech_cloud__other_unclear -> other_unclear__other_unclear; other_unclear__analyst_or_earnings -> other_unclear__other_unclear; semiconductors_ai__other_unclear -> other_unclear__other_unclear,False,False,True,False,False,False,False,False,True,False,False,False,False,False,False,False,False,False,False,False,False,True
b28d256dc5afe2cc2833230978f21a3799b5ba434e15a78a282aa6ce6f86b016,2025-09-19,Benzinga,1,TSLA,autos_ev,market_roundup_or_advice,investment_advice_etf,single_ticker,autos_ev__market_roundup_or_advice,autos_ev__market_roundup_or_advice,mode=hybrid; industry=autos_ev; broad_article_bucket=market_roundup_or_advice; article_type=investment_advice_etf; ticker_count_bucket=single_ticker; Initial stratum met the minimum size threshold.,4 ETFs To Buy For A Strong Q4 - And 1 To Avoid,"Four ETFs are moving in the same direction, a pattern indicating the year is shaping up to be very bullish - especially for these ETFs.",investment_advice_etf_roundup_or_unclear,Advice/ETF/market-roundup language dominates the article text.,ev_autos,autos_ev,Linked tickers map cleanly to one competitor group.,Investment-advice or ETF language is present.,Detailed article type maps into the broad market-roundup-or-advice bucket.,Article links to a single tracked ticker.,autos_ev__market_roundup_or_advice,Initial stratum met the minimum size threshold.,macro_market__macro_policy -> macro_market__other_unclear; macro_market__other_unclear -> other_unclear__other_unclear; other_unclear__firm_event -> other_unclear__other_unclear; big_tech_cloud__other_unclear -> other_unclear__other_unclear; other_unclear__analyst_or_earnings -> other_unclear__other_unclear; semiconductors_ai__other_unclear -> other_unclear__other_unclear,False,False,True,False,False,False,False,False,False,True,False,False,False,False,False,False,False,False,False,False,False,True
3450b22ebaf97c1cc0515a4d4b1b18ca66346db46ed36110a1fe3c50e802e776,2025-10-29,Yahoo,1,F,autos_ev,market_roundup_or_advice,market_roundup,single_ticker,autos_ev__market_roundup_or_advice,autos_ev__market_roundup_or_advice,mode=hybrid; industry=autos_ev; broad_article_bucket=market_roundup_or_advice; article_type=market_roundup; ticker_count_bucket=single_ticker; Initial stratum met the minimum size threshold.,Are Wall Street Analysts Bullish on Ford Motor Stock?,"Ford Motor has underperformed the broader market over the past year, and analysts are cautious about the stock’s prospects.",investment_advice_etf_roundup_or_unclear,Advice/ETF/market-roundup language dominates the article text.,ev_autos,autos_ev,Linked tickers map cleanly to one competitor group.,Market roundup or broad market language is present.,Detailed article type maps into the broad market-roundup-or-advice bucket.,Article links to a single tracked ticker.,autos_ev__market_roundup_or_advice,Initial stratum met the minimum size threshold.,macro_market__macro_policy -> macro_market__other_unclear; macro_market__other_unclear -> other_unclear__other_unclear; other_unclear__firm_event -> other_unclear__other_unclear; big_tech_cloud__other_unclear -> other_unclear__other_unclear; other_unclear__analyst_or_earnings -> other_unclear__other_unclear; semiconductors_ai__other_unclear -> other_unclear__other_unclear,False,False,False,True,False,False,False,False,False,False,True,False,False,False,False,False,False,False,False,False,False,True
db7752bd026acd38ac47da46e56b2333e53cd4abcf01309310ff5d2e3f86c5fb,2026-02-20,Yahoo,1,TSLA,autos_ev,market_roundup_or_advice,market_roundup,single_ticker,autos_ev__market_roundup_or_advice,autos_ev__market_roundup_or_advice,mode=hybrid; industry=autos_ev; broad_article_bucket=market_roundup_or_advice; article_type=market_roundup; ticker_count_bucket=single_ticker; Initial stratum met the minimum size threshold.,Tesla Stock Shrugs as Musk Launches Cheaper Cybertruck. There’s a Concern.,"Tesla  stock was flat after the company introduced a new version of its avant-garde Cybertruck.  Shares of the electric vehicle maker were down just 18 cents at $411.53 in premarket trading, while  and  futures were flat and down 0.1%, respectively.  The move came after Tesla unveiled an all-wheel-drive version of the Cybertruck starting under $60,000, $20,000 less than the premium all-wheel-drive version.",investment_advice_etf_roundup_or_unclear,Advice/ETF/market-roundup language dominates the article text.,ev_autos,autos_ev,Linked tickers map cleanly to one competitor group.,Market roundup or broad market language is present.,Detailed article type maps into the broad market-roundup-or-advice bucket.,Article links to a single tracked ticker.,autos_ev__market_roundup_or_advice,Initial stratum met the minimum size threshold.,macro_market__macro_policy -> macro_market__other_unclear; macro_market__other_unclear -> other_unclear__other_unclear; other_unclear__firm_event -> other_unclear__other_unclear; big_tech_cloud__other_unclear -> other_unclear__other_unclear; other_unclear__analyst_or_earnings -> other_unclear__other_unclear; semiconductors_ai__other_unclear -> other_unclear__other_unclear,False,False,False,True,False,False,False,False,False,False,True,False,False,False,False,False,True,False,False,False,False,True
a309aa8692a360cb1cc9e1278aa62597ee63a73dd7f9e049d2c0771ffeabb089,2026-04-14,Yahoo,1,F,autos_ev,market_roundup_or_advice,investment_advice_etf,single_ticker,autos_ev__market_roundup_or_advice,autos_ev__market_roundup_or_advice,mode=hybrid; industry=autos_ev; broad_article_bucket=market_roundup_or_advice; article_type=investment_advice_etf; ticker_count_bucket=single_ticker; Initial stratum met the minimum size threshold.,Ford Gets a Rare Double Upgrade From Goldman Sachs and UBS: Is a Major Comeback in the Cards?,"Ford Motor (NYSE:F) is drawing fresh attention from two major Wall Street firms. UBS upgraded F stock to Buy from Neutral, while Goldman Sachs trimmed its price target but kept a Neutral rating. Together, the calls frame a stock at a crossroads: real earnings power building beneath the surface, with near-term headwinds still in play. ... Ford Gets a Rare Double Upgrade From Goldman Sachs and UBS: Is a Major Comeback in the Cards?",investment_advice_etf_roundup_or_unclear,Advice/ETF/market-roundup language dominates the article text.,ev_autos,autos_ev,Linked tickers map cleanly to one competitor group.,Investment-advice or ETF language is present.,Detailed article type maps into the broad market-roundup-or-advice bucket.,Article links to a single tracked ticker.,autos_ev__market_roundup_or_advice,Initial stratum met the minimum size threshold.,macro_market__macro_policy -> macro_market__other_unclear; macro_market__other_unclear -> other_unclear__other_unclear; other_unclear__firm_event -> other_unclear__other_unclear; big_tech_cloud__other_unclear -> other_unclear__other_unclear; other_unclear__analyst_or_earnings -> other_unclear__other_unclear; semiconductors_ai__other_unclear -> other_unclear__other_unclear,False,False,False,True,True,True,False,False,True,False,True,False,False,False,False,False,False,False,False,False,False,True
1f7c8089bd7df5ef12617cff32b34d2d0cdd507e59c51eedfb1e5a76c18a6c3c,2026-04-17,Yahoo,1,GM,autos_ev,market_roundup_or_advice,market_roundup,single_ticker,autos_ev__market_roundup_or_advice,autos_ev__market_roundup_or_advice,mode=hybrid; industry=autos_ev; broad_article_bucket=market_roundup_or_advice; article_type=market_roundup; ticker_count_bucket=single_ticker; Initial stratum met the minimum size threshold.,1 S&P 500 Stock on Our Watchlist and 2 Facing Challenges,"The S&P 500 (^GSPC) is home to the biggest and most well-known companies in the market, making it a go-to index for investors seeking stability. But not all large-cap stocks are created equal - some are struggling with slowing growth, declining margins, or increased competition.",investment_advice_etf_roundup_or_unclear,Advice/ETF/market-roundup language dominates the article text.,ev_autos,autos_ev,Linked tickers map cleanly to one competitor group.,Market roundup or broad market language is present.,Detailed article type maps into the broad market-roundup-or-advice bucket.,Article links to a single tracked ticker.,autos_ev__market_roundup_or_advice,Initial stratum met the minimum size threshold.,macro_market__macro_policy -> macro_market__other_unclear; macro_market__other_unclear -> other_unclear__other_unclear; other_unclear__firm_event -> other_unclear__other_unclear; big_tech_cloud__other_unclear -> other_unclear__other_unclear; other_unclear__analyst_or_earnings -> other_unclear__other_unclear; semiconductors_ai__other_unclear -> other_unclear__other_unclear,False,False,False,True,False,False,False,False,False,False,True,False,False,False,False,False,False,False,False,False,False,True
3931ac7864ac5350f5c24396d194b345b1bbb55f2d57d974561fd3f123dc89f7,2026-05-21,Yahoo,2,F;GM,autos_ev,market_roundup_or_advice,market_roundup,multi_ticker,autos_ev__market_roundup_or_advice,autos_ev__market_roundup_or_advice,mode=hybrid; industry=autos_ev; broad_article_bucket=market_roundup_or_advice; article_type=market_roundup; ticker_count_bucket=multi_ticker; Initial stratum met the minimum size threshold.,"Stock Market Today, May 21: Stellantis Shares Flat on Investor Day Strategy Unveiling","Stellantis's FaSTLAne 2030’s outline and new modular platform are putting this automaker under scrutiny today, May 21, 2026.",investment_advice_etf_roundup_or_unclear,Advice/ETF/market-roundup language dominates the article text.,ev_autos,autos_ev,Linked tickers map cleanly to one competitor group.,Market roundup or broad market language is present.,Detailed article type maps into the broad market-roundup-or-advice bucket.,Article links to multiple tracked tickers.,autos_ev__market_roundup_or_advice,Initial stratum met the minimum size threshold.,macro_market__macro_policy -> macro_market__other_unclear; macro_market__other_unclear -> other_unclear__other_unclear; other_unclear__firm_event -> other_unclear__other_unclear; big_tech_cloud__other_unclear -> other_unclear__other_unclear; other_unclear__analyst_or_earnings -> other_unclear__other_unclear; semiconductors_ai__other_unclear -> other_unclear__other_unclear,True,False,False,True,False,False,False,False,False,False,True,True,False,False,False,False,True,False,False,False,False,True
885e27f4e6d67c2fad1685d7df0307eae4a9c90c5e6c65838377fce0088ed826,2025-08-20,Yahoo,2,RIVN;TSLA,autos_ev,other_unclear,other_unclear,multi_ticker,autos_ev__other_unclear,autos_ev__other_unclear,mode=hybrid; industry=autos_ev; broad_article_bucket=other_unclear; article_type=other_unclear; ticker_count_bucket=multi_ticker; Initial stratum met the minimum size threshold.,Silent Thunder 2025: Gas vs. Electric Motorsports Showdown Comes to Atlanta,"Silent Thunder Events is bringing the ultimate Gas vs. Electric motorsports battle to Caffeine & Octane's Lanier Raceway for an all-day spectacle of speed, competition, and family fun.",investment_advice_etf_roundup_or_unclear,"Fallback bucket for articles without a cleaner firm, industry, legal, or macro signal.",ev_autos,autos_ev,Linked tickers map cleanly to one competitor group.,No stronger article-type pattern dominated the text.,Detailed article type falls into the broad other/unclear bucket.,Article links to multiple tracked tickers.,autos_ev__other_unclear,Initial stratum met the minimum size threshold.,macro_market__macro_policy -> macro_market__other_unclear; macro_market__other_unclear -> other_unclear__other_unclear; other_unclear__firm_event -> other_unclear__other_unclear; big_tech_cloud__other_unclear -> other_unclear__other_unclear; other_unclear__analyst_or_earnings -> other_unclear__other_unclear; semiconductors_ai__other_unclear -> other_unclear__other_unclear,True,False,False,True,False,False,False,False,False,False,False,False,False,False,False,False,False,False,False,False,False,True
5b60bc7147c5607eadf8f72b3c7993b1c6238d59c724cba0440e8db75418f20c,2026-01-07,Yahoo,1,F,autos_ev,other_unclear,other_unclear,single_ticker,autos_ev__other_unclear,autos_ev__other_unclear,mode=hybrid; industry=autos_ev; broad_article_bucket=other_unclear; article_type=other_unclear; ticker_count_bucket=single_ticker; Initial stratum met the minimum size threshold.,The auto sector’s bumpy road to an electric future,"Welcome back, and a very happy new year. Shareholders in some of the biggest global car groups have been hit by a wave of massive writedowns...",investment_advice_etf_roundup_or_unclear,"Fallback bucket for articles without a cleaner firm, industry, legal, or macro signal.",ev_autos,autos_ev,Linked tickers map cleanly to one competitor group.,No stronger article-type pattern dominated the text.,Detailed article type falls into the broad other/unclear bucket.,Article links to a single tracked ticker.,autos_ev__other_unclear,Initial stratum met the minimum size threshold.,macro_market__macro_policy -> macro_market__other_unclear; macro_market__other_unclear -> other_unclear__other_unclear; other_unclear__firm_event -> other_unclear__other_unclear; big_tech_cloud__other_unclear -> other_unclear__other_unclear; other_unclear__analyst_or_earnings -> other_unclear__other_unclear; semiconductors_ai__other_unclear -> other_unclear__other_unclear,False,False,False,True,False,False,False,False,False,False,False,False,False,False,False,True,False,False,False,False,False,True
bd0d082b5fd88e674c2d414ae372ab824ad2c28313fbebb7170973f0ed929649,2026-02-02,Yahoo,1,GM,autos_ev,other_unclear,other_unclear,single_ticker,autos_ev__other_unclear,autos_ev__other_unclear,mode=hybrid; industry=autos_ev; broad_article_bucket=other_unclear; article_type=other_unclear; ticker_count_bucket=single_ticker; Initial stratum met the minimum size threshold.,"Tesla, US automakers under threat by Chinese joint ventures",Tesla shares dropped in early trade on Monday on the potential of a new threat to its auto business.,industry_wide_autos_ev,Industry-linked keywords plus ticker breadth/sector language indicate an industry-wide autos/EV article.,ev_autos,autos_ev,Linked tickers map cleanly to one competitor group.,No stronger article-type pattern dominated the text.,Detailed article type falls into the broad other/unclear bucket.,Article links to a single tracked ticker.,autos_ev__other_unclear,Initial stratum met the minimum size threshold.,macro_market__macro_policy -> macro_market__other_unclear; macro_market__other_unclear -> other_unclear__other_unclear; other_unclear__firm_event -> other_unclear__other_unclear; big_tech_cloud__other_unclear -> other_unclear__other_unclear; other_unclear__analyst_or_earnings -> other_unclear__other_unclear; semiconductors_ai__other_unclear -> other_unclear__other_unclear,False,False,False,True,False,False,False,False,False,False,False,False,False,False,False,True,True,False,False,False,False,True
2d21c5c107d629d1e323a9d9ea5b8a2f319114ab0ddf33ef0363bc9dfc739ba1,2026-03-24,Yahoo,1,TSLA,autos_ev,other_unclear,other_unclear,single_ticker,autos_ev__other_unclear,autos_ev__other_unclear,mode=hybrid; industry=autos_ev; broad_article_bucket=other_unclear; article_type=other_unclear; ticker_count_bucket=single_ticker; Initial stratum met the minimum size threshold.,Toyota Deploys 7 Humanoid Robots In A Canadian Factory — But Mark Cuban Says The Current Humanoid Robot Push Could Fail Within 5-10 Years,"Toyota Motor (NYSE:TM) is moving humanoid robots onto a factory floor in Canada. At the same time, billionaire entrepreneur Mark Cuban is openly questioning whether the entire idea has staying power. The contrast is hard to ignore. One of the world's largest automakers is scaling up real-world use, while a longtime tech investor is warning the trend could burn out within a decade. Toyota puts humanoid robots to work after a successful trial Last month, Agility Robotics said in a statement that T",industry_wide_autos_ev,Industry-linked keywords plus ticker breadth/sector language indicate an industry-wide autos/EV article.,ev_autos,autos_ev,Linked tickers map cleanly to one competitor group.,No stronger article-type pattern dominated the text.,Detailed article type falls into the broad other/unclear bucket.,Article links to a single tracked ticker.,autos_ev__other_unclear,Initial stratum met the minimum size threshold.,macro_market__macro_policy -> macro_market__other_unclear; macro_market__other_unclear -> other_unclear__other_unclear; other_unclear__firm_event -> other_unclear__other_unclear; big_tech_cloud__other_unclear -> other_unclear__other_unclear; other_unclear__analyst_or_earnings -> other_unclear__other_unclear; semiconductors_ai__other_unclear -> other_unclear__other_unclear,False,False,False,True,False,False,False,False,False,False,False,False,False,False,False,True,True,False,False,False,False,True
2d0ac3f498f14444e1a87b9cc0cc1a8520fa46aa5c358a48f0d0d430ebde556e,2026-04-05,Benzinga,2,GM;RIVN,autos_ev,other_unclear,other_unclear,multi_ticker,autos_ev__other_unclear,autos_ev__other_unclear,mode=hybrid; industry=autos_ev; broad_article_bucket=other_unclear; article_type=other_unclear; ticker_count_bucket=multi_ticker; Initial stratum met the minimum size threshold.,"EXCLUSIVE: Trump's Move To End EV Credit A 'Cruel Irony,' Auto Industry Expert Says As EV Sales Fall, Gas Prices Soar Past $4/Gallon Amid Iran War","The war with Iran has caused fuel prices to soar globally. Despite this, EV demand in the US hasn&#39;t seen an uptick, but could that change?",industry_wide_autos_ev,Industry-linked keywords plus ticker breadth/sector language indicate an industry-wide autos/EV article.,ev_autos,autos_ev,Linked tickers map cleanly to one competitor group.,No stronger article-type pattern dominated the text.,Detailed article type falls into the broad other/unclear bucket.,Article links to multiple tracked tickers.,autos_ev__other_unclear,Initial stratum met the minimum size threshold.,macro_market__macro_policy -> macro_market__other_unclear; macro_market__other_unclear -> other_unclear__other_unclear; other_unclear__firm_event -> other_unclear__other_unclear; big_tech_cloud__other_unclear -> other_unclear__other_unclear; other_unclear__analyst_or_earnings -> other_unclear__other_unclear; semiconductors_ai__other_unclear -> other_unclear__other_unclear,True,False,False,True,False,False,False,False,False,False,False,False,False,False,False,True,True,False,False,False,False,True
37cd5767dee7954c602e082fcd35e9754b1a89fc89c883a515522a3935aaf9ec,2026-04-16,Yahoo,2,F;GM,autos_ev,other_unclear,other_unclear,multi_ticker,autos_ev__other_unclear,autos_ev__other_unclear,mode=hybrid; industry=autos_ev; broad_article_bucket=other_unclear; article_type=other_unclear; ticker_count_bucket=multi_ticker; Initial stratum met the minimum size threshold.,"Market Chatter: General Motors, Ford in Talks With Pentagon to Boost Defense Manufacturing",General Motors (GM) and Ford (F) are among several companies that have held discussions with senior,investment_advice_etf_roundup_or_unclear,"Fallback bucket for articles without a cleaner firm, industry, legal, or macro signal.",ev_autos,autos_ev,Linked tickers map cleanly to one competitor group.,No stronger article-type pattern dominated the text.,Detailed article type falls into the broad other/unclear bucket.,Article links to multiple tracked tickers.,autos_ev__other_unclear,Initial stratum met the minimum size threshold.,macro_market__macro_policy -> macro_market__other_unclear; macro_market__other_unclear -> other_unclear__other_unclear; other_unclear__firm_event -> other_unclear__other_unclear; big_tech_cloud__other_unclear -> other_unclear__other_unclear; other_unclear__analyst_or_earnings -> other_unclear__other_unclear; semiconductors_ai__other_unclear -> other_unclear__other_unclear,True,False,False,True,False,False,False,False,False,False,False,False,False,False,False,False,False,False,False,False,False,True
373d1836ffb6830b81a5196cada9058b588b615f6d5c19f61c72a8ff5d4dfc07,2026-04-19,Yahoo,2,F;GM,autos_ev,other_unclear,other_unclear,multi_ticker,autos_ev__other_unclear,autos_ev__other_unclear,mode=hybrid; industry=autos_ev; broad_article_bucket=other_unclear; article_type=other_unclear; ticker_count_bucket=multi_ticker; Initial stratum met the minimum size threshold.,"General Motors, Ford, Stellantis stocks up for week ending April 17","Detroit Three stock prices all rose for the week ending Friday, April 17.",investment_advice_etf_roundup_or_unclear,"Fallback bucket for articles without a cleaner firm, industry, legal, or macro signal.",ev_autos,autos_ev,Linked tickers map cleanly to one competitor group.,No stronger article-type pattern dominated the text.,Detailed article type falls into the broad other/unclear bucket.,Article links to multiple tracked tickers.,autos_ev__other_unclear,Initial stratum met the minimum size threshold.,macro_market__macro_policy -> macro_market__other_unclear; macro_market__other_unclear -> other_unclear__other_unclear; other_unclear__firm_event -> other_unclear__other_unclear; big_tech_cloud__other_unclear -> other_unclear__other_unclear; other_unclear__analyst_or_earnings -> other_unclear__other_unclear; semiconductors_ai__other_unclear -> other_unclear__other_unclear,True,False,False,True,False,False,False,False,False,False,False,False,False,False,False,False,False,False,False,False,False,True
088dea03a564553800da14f272082dc063db5167b755a94bc99488449786d625,2026-06-11,Yahoo,2,F;GM,autos_ev,other_unclear,other_unclear,multi_ticker,autos_ev__other_unclear,autos_ev__other_unclear,mode=hybrid; industry=autos_ev; broad_article_bucket=other_unclear; article_type=other_unclear; ticker_count_bucket=multi_ticker; Initial stratum met the minimum size threshold.,Tesla Is Worth More Than The Next 10 Car Companies Combined,"Tesla (NASDAQ: TSLA) is not worth more than all the world’s car companies combined, although this is often raised in a “fake news” sort of way. A more accurate way to make the calculation is to note that the figure is close to 10x, or maybe slightly more, in aggregate. The numbers are still staggering. ... Tesla Is Worth More Than The Next 10 Car Companies Combined",investment_advice_etf_roundup_or_unclear,"Fallback bucket for articles without a cleaner firm, industry, legal, or macro signal.",ev_autos,autos_ev,Linked tickers map cleanly to one competitor group.,No stronger article-type pattern dominated the text.,Detailed article type falls into the broad other/unclear bucket.,Article links to multiple tracked tickers.,autos_ev__other_unclear,Initial stratum met the minimum size threshold.,macro_market__macro_policy -> macro_market__other_unclear; macro_market__other_unclear -> other_unclear__other_unclear; other_unclear__firm_event -> other_unclear__other_unclear; big_tech_cloud__other_unclear -> other_unclear__other_unclear; other_unclear__analyst_or_earnings -> other_unclear__other_unclear; semiconductors_ai__other_unclear -> other_unclear__other_unclear,True,False,False,True,False,False,False,False,False,False,False,False,False,False,False,False,False,False,False,False,False,True
fe73e6d9bba8e0859dd2d6aa1a3abdcf71765e81f7cb09a37d8ae6c9a6f9e780,2025-07-07,SeekingAlpha,1,BAC,banks_finance,analyst_or_earnings,earnings_guidance,single_ticker,banks_finance__analyst_or_earnings,banks_finance__analyst_or_earnings,mode=hybrid; industry=banks_finance; broad_article_bucket=analyst_or_earnings; article_type=earnings_guidance; ticker_count_bucket=single_ticker; Initial stratum met the minimum size threshold.,Bank of America: Time To Hold Tight Or Take Profits?,"Bank of America is executing well with solid credit and capital returns, but valuation limits upside near 52-week highs. See why BAC stock is a hold.",firm_specific_earnings_or_guidance,Earnings or guidance language appears tied to one or two linked firms.,banks,banks_finance,Linked tickers map cleanly to one competitor group.,Earnings or guidance language is present.,Detailed article type maps into the broad analyst-or-earnings bucket.,Article links to a single tracked ticker.,banks_finance__analyst_or_earnings,Initial stratum met the minimum size threshold.,macro_market__macro_policy -> macro_market__other_unclear; macro_market__other_unclear -> other_unclear__other_unclear; other_unclear__firm_event -> other_unclear__other_unclear; big_tech_cloud__other_unclear -> other_unclear__other_unclear; other_unclear__analyst_or_earnings -> other_unclear__other_unclear; semiconductors_ai__other_unclear -> other_unclear__other_unclear,False,False,True,False,True,True,False,False,False,False,False,False,False,False,False,False,False,False,False,True,False,True
43d98de8fee1111098111e6439f1d203295e569146488bca04e6fbd873e49a69,2025-08-05,Yahoo,1,BAC,banks_finance,analyst_or_earnings,earnings_guidance,single_ticker,banks_finance__analyst_or_earnings,banks_finance__analyst_or_earnings,mode=hybrid; industry=banks_finance; broad_article_bucket=analyst_or_earnings; article_type=earnings_guidance; ticker_count_bucket=single_ticker; Initial stratum met the minimum size threshold.,Diversified Banks Stocks Q2 Recap: Benchmarking Bank of America (NYSE:BAC),"Quarterly earnings results are a good time to check in on a company’s progress, especially compared to its peers in the same sector. Today we are looking at Bank of America (NYSE:BAC) and the best and worst performers in the diversified banks industry.",firm_specific_earnings_or_guidance,Earnings or guidance language appears tied to one or two linked firms.,banks,banks_finance,Linked tickers map cleanly to one competitor group.,Earnings or guidance language is present.,Detailed article type maps into the broad analyst-or-earnings bucket.,Article links to a single tracked ticker.,banks_finance__analyst_or_earnings,Initial stratum met the minimum size threshold.,macro_market__macro_policy -> macro_market__other_unclear; macro_market__other_unclear -> other_unclear__other_unclear; other_unclear__firm_event -> other_unclear__other_unclear; big_tech_cloud__other_unclear -> other_unclear__other_unclear; other_unclear__analyst_or_earnings -> other_unclear__other_unclear; semiconductors_ai__other_unclear -> other_unclear__other_unclear,False,False,False,True,True,False,False,False,False,False,False,False,False,False,False,True,False,False,False,True,False,True
372472d8cd72eb02dcf2be2134b1f655687ffc00331df9aacbdb0ece7a37553a,2025-10-30,Yahoo,1,WFC,banks_finance,analyst_or_earnings,earnings_guidance,single_ticker,banks_finance__analyst_or_earnings,banks_finance__analyst_or_earnings,mode=hybrid; industry=banks_finance; broad_article_bucket=analyst_or_earnings; article_type=earnings_guidance; ticker_count_bucket=single_ticker; Initial stratum met the minimum size threshold.,Buy the Spike in Alphabet Stock After Its First $100 Billion Quarter?,"Spiking as much as +6% in Thursday's trading session, Alphabet (GOOGL) stock has started to challenge Nvidia (NVDA) for the most year-to-date gains from the Mag 7.",firm_specific_earnings_or_guidance,Earnings or guidance language appears tied to one or two linked firms.,banks,banks_finance,Linked tickers map cleanly to one competitor group.,Earnings or guidance language is present.,Detailed article type maps into the broad analyst-or-earnings bucket.,Article links to a single tracked ticker.,banks_finance__analyst_or_earnings,Initial stratum met the minimum size threshold.,macro_market__macro_policy -> macro_market__other_unclear; macro_market__other_unclear -> other_unclear__other_unclear; other_unclear__firm_event -> other_unclear__other_unclear; big_tech_cloud__other_unclear -> other_unclear__other_unclear; other_unclear__analyst_or_earnings -> other_unclear__other_unclear; semiconductors_ai__other_unclear -> other_unclear__other_unclear,False,False,True,False,True,False,False,False,False,False,False,False,False,False,False,False,False,False,False,False,False,True
78fc46ae5c1a5a177cabe0a70ccf428a463ea7feafdc262df5ab22eec10900b9,2026-01-19,Yahoo,4,BAC;C;JPM;WFC,banks_finance,analyst_or_earnings,earnings_guidance,multi_ticker,banks_finance__analyst_or_earnings,banks_finance__analyst_or_earnings,mode=hybrid; industry=banks_finance; broad_article_bucket=analyst_or_earnings; article_type=earnings_guidance; ticker_count_bucket=multi_ticker; Initial stratum met the minimum size threshold.,Bank earnings prove there's another leg in this credit cycle,"S&P Global Market Intelligence director of financial institutions research Nathan Stovall elaborates on how he envisions earnings growth for the banking sector in 2026 and what President Trump's proposed 10% rate cap on credit cards could mean for these earnings forecasts. Also watch Nathan Stovall comment on why bank stocks may be slipping despite generally positive earnings results. To watch more expert insights and analysis on the latest market action, check out more Market Domination.",industry_wide_banks_finance,Industry-linked keywords plus ticker breadth/sector language indicate an industry-wide bank/finance article.,banks,banks_finance,Linked tickers map cleanly to one competitor group.,Earnings or guidance language is present.,Detailed article type maps into the broad analyst-or-earnings bucket.,Article links to multiple tracked tickers.,banks_finance__analyst_or_earnings,Initial stratum met the minimum size threshold.,macro_market__macro_policy -> macro_market__other_unclear; macro_market__other_unclear -> other_unclear__other_unclear; other_unclear__firm_event -> other_unclear__other_unclear; big_tech_cloud__other_unclear -> other_unclear__other_unclear; other_unclear__analyst_or_earnings -> other_unclear__other_unclear; semiconductors_ai__other_unclear -> other_unclear__other_unclear,True,False,False,True,True,False,False,False,False,False,False,False,False,True,False,True,False,False,False,True,False,True
c466dac766203127ae37a4d6adfb610f4fd9b45f31b958d1e28fdb45c1dfd2bb,2026-02-12,Yahoo,1,C,banks_finance,analyst_or_earnings,analyst_valuation,single_ticker,banks_finance__analyst_or_earnings,banks_finance__analyst_or_earnings,mode=hybrid; industry=banks_finance; broad_article_bucket=analyst_or_earnings; article_type=analyst_valuation; ticker_count_bucket=single_ticker; Initial stratum met the minimum size threshold.,Citigroup Reshapes Capital And Asia Pacific Leadership As Valuation Lags,"Citigroup redeemed $2.3 billion of Series X Preferred Stock as part of a capital and funding rework. The bank also named new senior leaders across Australia, New Zealand, India, Bangladesh, and Sri Lanka in its Asia Pacific franchise. These moves come as Citigroup (NYSE: C) continues a broad transformation of its structure and governance. Citigroup (NYSE: C) is in the spotlight after this mix of capital actions and leadership changes, with shares recently at $117.39. The company has seen a...",firm_specific_analyst_or_valuation,"Analyst, rating, or valuation language appears primarily firm-specific.",banks,banks_finance,Linked tickers map cleanly to one competitor group.,"Analyst, rating, or valuation language is present.",Detailed article type maps into the broad analyst-or-earnings bucket.,Article links to a single tracked ticker.,banks_finance__analyst_or_earnings,Initial stratum met the minimum size threshold.,macro_market__macro_policy -> macro_market__other_unclear; macro_market__other_unclear -> other_unclear__other_unclear; other_unclear__firm_event -> other_unclear__other_unclear; big_tech_cloud__other_unclear -> other_unclear__other_unclear; other_unclear__analyst_or_earnings -> other_unclear__other_unclear; semiconductors_ai__other_unclear -> other_unclear__other_unclear,False,False,True,False,False,True,False,False,False,False,False,False,False,True,False,False,False,False,False,True,False,True
ce2b9a3d79d5fa57a2f9ae8d0afda6681cb8024a34825d75561009b4e8aa114c,2026-02-17,Benzinga,1,JPM,banks_finance,analyst_or_earnings,analyst_valuation,single_ticker,banks_finance__analyst_or_earnings,banks_finance__analyst_or_earnings,mode=hybrid; industry=banks_finance; broad_article_bucket=analyst_or_earnings; article_type=analyst_valuation; ticker_count_bucket=single_ticker; Initial stratum met the minimum size threshold.,"Wells Fargo Maintains Overweight on JPMorgan Chase, Lowers Price Target to $350",Wells Fargo  analyst Mike Mayo   maintains JPMorgan Chase (NYSE:JPM) with a Overweight and lowers the price target from $360 to $350.,firm_specific_analyst_or_valuation,"Analyst, rating, or valuation language appears primarily firm-specific.",banks,banks_finance,Linked tickers map cleanly to one competitor group.,"Analyst, rating, or valuation language is present.",Detailed article type maps into the broad analyst-or-earnings bucket.,Article links to a single tracked ticker.,banks_finance__analyst_or_earnings,Initial stratum met the minimum size threshold.,macro_market__macro_policy -> macro_market__other_unclear; macro_market__other_unclear -> other_unclear__other_unclear; other_unclear__firm_event -> other_unclear__other_unclear; big_tech_cloud__other_unclear -> other_unclear__other_unclear; other_unclear__analyst_or_earnings -> other_unclear__other_unclear; semiconductors_ai__other_unclear -> other_unclear__other_unclear,False,False,True,False,False,True,False,False,False,False,False,False,False,False,False,False,False,False,False,False,False,True
90b259260e65a438722e7265da69c829f35cbd2e305f13eccef0ddf54120300e,2026-02-25,Yahoo,1,WFC,banks_finance,analyst_or_earnings,analyst_valuation,single_ticker,banks_finance__analyst_or_earnings,banks_finance__analyst_or_earnings,mode=hybrid; industry=banks_finance; broad_article_bucket=analyst_or_earnings; article_type=analyst_valuation; ticker_count_bucket=single_ticker; Initial stratum met the minimum size threshold.,How The Workday (WDAY) Investment Story Is Shifting With AI Questions And Leadership Change,"Workday’s fair value estimate has been trimmed from US$263.60 to US$231.17, a reduction of around 12% that reflects updated views on the company’s risk and growth profile. This shift lines up with a broader reset across the analyst community, where many firms are lowering price targets and reassessing their stance in light of AI related uncertainty, slower bookings trends, and leadership changes. As you read on, you will see how these moving parts fit together and what to watch as the Workday...",firm_specific_analyst_or_valuation,"Analyst, rating, or valuation language appears primarily firm-specific.",banks,banks_finance,Linked tickers map cleanly to one competitor group.,"Analyst, rating, or valuation language is present.",Detailed article type maps into the broad analyst-or-earnings bucket.,Article links to a single tracked ticker.,banks_finance__analyst_or_earnings,Initial stratum met the minimum size threshold.,macro_market__macro_policy -> macro_market__other_unclear; macro_market__other_unclear -> other_unclear__other_unclear; other_unclear__firm_event -> other_unclear__other_unclear; big_tech_cloud__other_unclear -> other_unclear__other_unclear; other_unclear__analyst_or_earnings -> other_unclear__other_unclear; semiconductors_ai__other_unclear -> other_unclear__other_unclear,False,False,True,False,False,True,False,False,False,False,False,True,False,True,True,False,False,True,False,False,False,True
a37deaa3c2a24665ffb71c6a4e29db9cad7479bf9056b90f25a2bd581add749a,2026-04-15,Yahoo,1,BAC,banks_finance,analyst_or_earnings,earnings_guidance,single_ticker,banks_finance__analyst_or_earnings,banks_finance__analyst_or_earnings,mode=hybrid; industry=banks_finance; broad_article_bucket=analyst_or_earnings; article_type=earnings_guidance; ticker_count_bucket=single_ticker; Initial stratum met the minimum size threshold.,"WEX, Corpay Poised for Q1 Lift From Higher Fuel-Transaction Revenue, BofA Says","WEX (WEX) and Corpay (CPAY) are positioned to benefit in Q1 from the jump in US fuel prices, which b",firm_specific_earnings_or_guidance,Earnings or guidance language appears tied to one or two linked firms.,banks,banks_finance,Linked tickers map cleanly to one competitor group.,Earnings or guidance language is present.,Detailed article type maps into the broad analyst-or-earnings bucket.,Article links to a single tracked ticker.,banks_finance__analyst_or_earnings,Initial stratum met the minimum size threshold.,macro_market__macro_policy -> macro_market__other_unclear; macro_market__other_unclear -> other_unclear__other_unclear; other_unclear__firm_event -> other_unclear__other_unclear; big_tech_cloud__other_unclear -> other_unclear__other_unclear; other_unclear__analyst_or_earnings -> other_unclear__other_unclear; semiconductors_ai__other_unclear -> other_unclear__other_unclear,False,False,True,False,True,False,False,False,False,False,False,False,False,False,False,False,False,False,False,False,False,True
c31fb25453346bdb96f7c91d30e88b8f8cba7ef87abf48e403106a54f7f9fd75,2025-07-30,Yahoo,1,C,banks_finance,firm_event,product_strategy,single_ticker,banks_finance__firm_event,banks_finance__firm_event,mode=hybrid; industry=banks_finance; broad_article_bucket=firm_event; article_type=product_strategy; ticker_count_bucket=single_ticker; Initial stratum met the minimum size threshold.,Samsung’s Tesla Order Fuels Recovery Bets Despite Chip Woes,(Bloomberg) -- Samsung Electronics Co.’s surprise $16.5 billion chipmaking deal with Tesla Inc. has breathed new life into a foundry business all but written off by many investors.Most Read from BloombergThe World’s Data Center Capital Has Residents SurroundedAn Abandoned Art-Deco Landmark in Buffalo Awaits RevivalBudapest’s Most Historic Site Gets a Controversial RebuildSan Francisco in Talks With Vanderbilt for Downtown CampusBoston’s Dumpsters Overflow as Trash-Strike Summer Drags OnIts stock,firm_specific_product_or_strategy,"The article looks focused on one firm's product, strategy, contract, management, or deal activity.",banks,banks_finance,Linked tickers map cleanly to one competitor group.,"Product, strategy, contract, management, or firm-specific execution language is present.",Detailed article type maps into the broad firm-event bucket.,Article links to a single tracked ticker.,banks_finance__firm_event,Initial stratum met the minimum size threshold.,macro_market__macro_policy -> macro_market__other_unclear; macro_market__other_unclear -> other_unclear__other_unclear; other_unclear__firm_event -> other_unclear__other_unclear; big_tech_cloud__other_unclear -> other_unclear__other_unclear; other_unclear__analyst_or_earnings -> other_unclear__other_unclear; semiconductors_ai__other_unclear -> other_unclear__other_unclear,False,False,True,False,False,False,False,False,False,False,False,True,True,False,False,False,False,True,False,False,False,True
2d8e4eb52a3de69e8ce65280565e4d455f8366472b5006beb424f81a4033a0c4,2025-12-06,Yahoo,1,C,banks_finance,firm_event,product_strategy,single_ticker,banks_finance__firm_event,banks_finance__firm_event,mode=hybrid; industry=banks_finance; broad_article_bucket=firm_event; article_type=product_strategy; ticker_count_bucket=single_ticker; Initial stratum met the minimum size threshold.,How are luxury homebuyers holding up amid macro uncertainty?,"Investing.com -- Luxury homebuyers are showing clearer signs of resilience even as broad housing demand softens under persistent macro uncertainty, according to Citi’s latest read on high-end market trends.",firm_specific_product_or_strategy,"The article looks focused on one firm's product, strategy, contract, management, or deal activity.",banks,banks_finance,Linked tickers map cleanly to one competitor group.,"Product, strategy, contract, management, or firm-specific execution language is present.",Detailed article type maps into the broad firm-event bucket.,Article links to a single tracked ticker.,banks_finance__firm_event,Initial stratum met the minimum size threshold.,macro_market__macro_policy -> macro_market__other_unclear; macro_market__other_unclear -> other_unclear__other_unclear; other_unclear__firm_event -> other_unclear__other_unclear; big_tech_cloud__other_unclear -> other_unclear__other_unclear; other_unclear__analyst_or_earnings -> other_unclear__other_unclear; semiconductors_ai__other_unclear -> other_unclear__other_unclear,False,False,True,False,False,False,False,False,False,False,False,False,False,False,False,False,False,False,False,False,False,True
f69b9878a54f68c895fb78045b9961c42a85edd36f7de26fcc8c8eb429606896,2025-12-22,Benzinga,1,C,banks_finance,firm_event,product_strategy,single_ticker,banks_finance__firm_event,banks_finance__firm_event,mode=hybrid; industry=banks_finance; broad_article_bucket=firm_event; article_type=product_strategy; ticker_count_bucket=single_ticker; Initial stratum met the minimum size threshold.,'Citigroup to Boost Japan Investment Banking Team on Deal Boom'- Bloomberg,https://www.bloomberg.com/news/articles/2025-12-22/citigroup-to-boost-japan-investment-banking-team-on-deal-boom,firm_specific_product_or_strategy,"The article looks focused on one firm's product, strategy, contract, management, or deal activity.",banks,banks_finance,Linked tickers map cleanly to one competitor group.,"Product, strategy, contract, management, or firm-specific execution language is present.",Detailed article type maps into the broad firm-event bucket.,Article links to a single tracked ticker.,banks_finance__firm_event,Initial stratum met the minimum size threshold.,macro_market__macro_policy -> macro_market__other_unclear; macro_market__other_unclear -> other_unclear__other_unclear; other_unclear__firm_event -> other_unclear__other_unclear; big_tech_cloud__other_unclear -> other_unclear__other_unclear; other_unclear__analyst_or_earnings -> other_unclear__other_unclear; semiconductors_ai__other_unclear -> other_unclear__other_unclear,False,False,True,False,False,False,False,False,False,False,False,False,False,False,True,False,False,False,False,False,False,True
42b45249309346cf21eb0ab1a1a21b37c0b39ce85157918e2226ff77e308b02e,2026-02-23,Benzinga,1,JPM,banks_finance,firm_event,legal_regulatory,single_ticker,banks_finance__firm_event,banks_finance__firm_event,mode=hybrid; industry=banks_finance; broad_article_bucket=firm_event; article_type=legal_regulatory; ticker_count_bucket=single_ticker; Initial stratum met the minimum size threshold.,"Banks, Asset Manager Stocks Plunge On Private Credit Panic: What's Moving Markets Monday?",Wall Street opened the week under heavy pressure as risk sentiment deteriorated on AI-related credit concerns and fresh trade uncertainty amid the feud between President Donald Trump and the Supreme Court.,investment_advice_etf_roundup_or_unclear,Advice/ETF/market-roundup language dominates the article text.,banks,banks_finance,Linked tickers map cleanly to one competitor group.,Legal or regulatory language is present.,Detailed article type maps into the broad firm-event bucket.,Article links to a single tracked ticker.,banks_finance__firm_event,Initial stratum met the minimum size threshold.,macro_market__macro_policy -> macro_market__other_unclear; macro_market__other_unclear -> other_unclear__other_unclear; other_unclear__firm_event -> other_unclear__other_unclear; big_tech_cloud__other_unclear -> other_unclear__other_unclear; other_unclear__analyst_or_earnings -> other_unclear__other_unclear; semiconductors_ai__other_unclear -> other_unclear__other_unclear,False,False,False,True,False,False,True,False,False,False,True,True,False,False,False,False,False,True,False,True,False,True
28b90e2ed77a875851915cdb62ffa748075909bde8f6985b8c5dac7fed4cea32,2026-02-26,CNBC,1,WFC,banks_finance,firm_event,product_strategy,single_ticker,banks_finance__firm_event,banks_finance__firm_event,mode=hybrid; industry=banks_finance; broad_article_bucket=firm_event; article_type=product_strategy; ticker_count_bucket=single_ticker; Initial stratum met the minimum size threshold.,"Trump accounts aren't exactly 'tax-free,' as the president said. Here's how they work","Trump accounts are an investment account for kids, but the funds aren't tax-free. Here's what families need to know.",firm_specific_product_or_strategy,"The article looks focused on one firm's product, strategy, contract, management, or deal activity.",banks,banks_finance,Linked tickers map cleanly to one competitor group.,"Product, strategy, contract, management, or firm-specific execution language is present.",Detailed article type maps into the broad firm-event bucket.,Article links to a single tracked ticker.,banks_finance__firm_event,Initial stratum met the minimum size threshold.,macro_market__macro_policy -> macro_market__other_unclear; macro_market__other_unclear -> other_unclear__other_unclear; other_unclear__firm_event -> other_unclear__other_unclear; big_tech_cloud__other_unclear -> other_unclear__other_unclear; other_unclear__analyst_or_earnings -> other_unclear__other_unclear; semiconductors_ai__other_unclear -> other_unclear__other_unclear,False,False,True,False,False,False,False,False,False,False,False,False,False,False,True,False,False,False,False,False,False,True
5ddeea28af4c0845c5a15359bee5b6837970f1f4e5d81c79455612f7e71a594e,2026-03-16,Benzinga,1,BAC,banks_finance,firm_event,product_strategy,single_ticker,banks_finance__firm_event,banks_finance__firm_event,mode=hybrid; industry=banks_finance; broad_article_bucket=firm_event; article_type=product_strategy; ticker_count_bucket=single_ticker; Initial stratum met the minimum size threshold.,'BofA Agrees to Settle Claims It Aided Epstein Sex-Trafficking' - Bloomberg,https://www.bloomberg.com/news/articles/2026-03-16/bofa-agrees-to-settle-claims-it-aided-epstein-sex-trafficking,firm_specific_product_or_strategy,"The article looks focused on one firm's product, strategy, contract, management, or deal activity.",banks,banks_finance,Linked tickers map cleanly to one competitor group.,"Product, strategy, contract, management, or firm-specific execution language is present.",Detailed article type maps into the broad firm-event bucket.,Article links to a single tracked ticker.,banks_finance__firm_event,Initial stratum met the minimum size threshold.,macro_market__macro_policy -> macro_market__other_unclear; macro_market__other_unclear -> other_unclear__other_unclear; other_unclear__firm_event -> other_unclear__other_unclear; big_tech_cloud__other_unclear -> other_unclear__other_unclear; other_unclear__analyst_or_earnings -> other_unclear__other_unclear; semiconductors_ai__other_unclear -> other_unclear__other_unclear,False,False,True,False,False,False,False,False,False,False,False,False,False,False,False,False,False,False,False,False,False,True
0a84362af6bf8712988246bbac03a193909abb18e06e260ad0250c699920ba32,2026-06-08,Yahoo,1,C,banks_finance,firm_event,product_strategy,single_ticker,banks_finance__firm_event,banks_finance__firm_event,mode=hybrid; industry=banks_finance; broad_article_bucket=firm_event; article_type=product_strategy; ticker_count_bucket=single_ticker; Initial stratum met the minimum size threshold.,"Why Did Solidion, Eli Lilly, Citigroup Stocks Hit 52-Week Highs Last Week?","Solidion Technology, Eli Lilly, and Citigroup clocked fresh yearly highs amid breakthrough technology announcements, clinical data expectations, and broader market optimism.",firm_specific_product_or_strategy,"The article looks focused on one firm's product, strategy, contract, management, or deal activity.",banks,banks_finance,Linked tickers map cleanly to one competitor group.,"Product, strategy, contract, management, or firm-specific execution language is present.",Detailed article type maps into the broad firm-event bucket.,Article links to a single tracked ticker.,banks_finance__firm_event,Initial stratum met the minimum size threshold.,macro_market__macro_policy -> macro_market__other_unclear; macro_market__other_unclear -> other_unclear__other_unclear; other_unclear__firm_event -> other_unclear__other_unclear; big_tech_cloud__other_unclear -> other_unclear__other_unclear; other_unclear__analyst_or_earnings -> other_unclear__other_unclear; semiconductors_ai__other_unclear -> other_unclear__other_unclear,False,False,True,False,False,False,False,False,False,False,False,True,False,False,False,False,False,False,False,False,False,True
9e35a54c1dca67fddf863e5efd0b63305a708616f3334c45658222603f7dd5c4,2026-06-19,Yahoo,1,JPM,banks_finance,firm_event,product_strategy,single_ticker,banks_finance__firm_event,banks_finance__firm_event,mode=hybrid; industry=banks_finance; broad_article_bucket=firm_event; article_type=product_strategy; ticker_count_bucket=single_ticker; Initial stratum met the minimum size threshold.,BGC Taps AI Boom With Compute Infrastructure Business Launch,"BGC launches a compute infrastructure unit to trade AI capacity, aiming to bring pricing, liquidity and hedging to a fast-growing market.",firm_specific_product_or_strategy,"The article looks focused on one firm's product, strategy, contract, management, or deal activity.",banks,banks_finance,Linked tickers map cleanly to one competitor group.,"Product, strategy, contract, management, or firm-specific execution language is present.",Detailed article type maps into the broad firm-event bucket.,Article links to a single tracked ticker.,banks_finance__firm_event,Initial stratum met the minimum size threshold.,macro_market__macro_policy -> macro_market__other_unclear; macro_market__other_unclear -> other_unclear__other_unclear; other_unclear__firm_event -> other_unclear__other_unclear; big_tech_cloud__other_unclear -> other_unclear__other_unclear; other_unclear__analyst_or_earnings -> other_unclear__other_unclear; semiconductors_ai__other_unclear -> other_unclear__other_unclear,False,False,True,False,False,False,False,False,False,False,False,True,False,False,False,False,False,True,False,False,False,True
86ace732f3529447a83fda58f0150864cb112dc88008b25f06b2b1e830cdf7df,2025-07-16,Benzinga,3,BAC;JPM;WFC,banks_finance,macro_policy,macro_policy,multi_ticker,banks_finance__macro_policy,banks_finance__macro_policy,mode=hybrid; industry=banks_finance; broad_article_bucket=macro_policy; article_type=macro_policy; ticker_count_bucket=multi_ticker; Initial stratum met the minimum size threshold.,"US Futures Trade Mixed As June Inflation Ticks Up: ASML, Morgan Stanley, Goldman Sachs, BofA Earnings In Focus",U.S. stock futures swung between gains and losses on Wednesday after ending on a mixed note on Tuesday. Futures of major benchmark indices were mixed.,macro_market_rates_tariffs_oil,"Macro or policy language such as rates, tariffs, oil, or inflation is present.",banks,banks_finance,Linked tickers map cleanly to one competitor group.,Macro or policy language is present.,Detailed article type stays in the macro-policy bucket.,Article links to multiple tracked tickers.,banks_finance__macro_policy,Initial stratum met the minimum size threshold.,macro_market__macro_policy -> macro_market__other_unclear; macro_market__other_unclear -> other_unclear__other_unclear; other_unclear__firm_event -> other_unclear__other_unclear; big_tech_cloud__other_unclear -> other_unclear__other_unclear; other_unclear__analyst_or_earnings -> other_unclear__other_unclear; semiconductors_ai__other_unclear -> other_unclear__other_unclear,True,False,False,True,True,False,False,True,False,False,True,False,False,False,False,False,False,False,False,False,False,True
e967857a0ce9a2b14a5894e6169aefbd2200cdf148a8ad71ebe61e42c4655ca2,2026-01-14,Yahoo,1,C,banks_finance,macro_policy,macro_policy,single_ticker,banks_finance__macro_policy,banks_finance__macro_policy,mode=hybrid; industry=banks_finance; broad_article_bucket=macro_policy; article_type=macro_policy; ticker_count_bucket=single_ticker; Initial stratum met the minimum size threshold.,Financial Stocks Have Had a Wild Week. Citi and 9 More That Look Promising.,"Between a Truth Social post from President Donald Trump and fourth-quarter earnings, financial stocks have had a crazy week.  The first reason is that Trump posted that he wants to cap interest rates on credit cards at 10% for a year, which would slash rates roughly in half and devastate earnings for card issuers.  JPMorgan Chase  stock fell Monday in response to its results, while  Bank of America Citi  group, and  Wells Fargo  all lost ground after reporting on Tuesday.",macro_market_rates_tariffs_oil,"Macro or policy language such as rates, tariffs, oil, or inflation is present.",banks,banks_finance,Linked tickers map cleanly to one competitor group.,Macro or policy language is present.,Detailed article type stays in the macro-policy bucket.,Article links to a single tracked ticker.,banks_finance__macro_policy,Initial stratum met the minimum size threshold.,macro_market__macro_policy -> macro_market__other_unclear; macro_market__other_unclear -> other_unclear__other_unclear; other_unclear__firm_event -> other_unclear__other_unclear; big_tech_cloud__other_unclear -> other_unclear__other_unclear; other_unclear__analyst_or_earnings -> other_unclear__other_unclear; semiconductors_ai__other_unclear -> other_unclear__other_unclear,False,False,True,False,True,False,False,True,False,False,False,False,False,False,False,False,False,False,False,True,False,True
42e65261072644950fa66b06c23ebcdc5c08d639d58bb433fad69731d7ad9aaa,2026-02-22,Benzinga,1,JPM,banks_finance,macro_policy,macro_policy,single_ticker,banks_finance__macro_policy,banks_finance__macro_policy,mode=hybrid; industry=banks_finance; broad_article_bucket=macro_policy; article_type=macro_policy; ticker_count_bucket=single_ticker; Initial stratum met the minimum size threshold.,"Trump's Global Tariffs, GDP Slump, Recession Warning And More: This Week In Economy","The week had major economic and political events, including a Supreme Court ruling on trade authority and a recession warning.",macro_market_rates_tariffs_oil,"Macro or policy language such as rates, tariffs, oil, or inflation is present.",banks,banks_finance,Linked tickers map cleanly to one competitor group.,Macro or policy language is present.,Detailed article type stays in the macro-policy bucket.,Article links to a single tracked ticker.,banks_finance__macro_policy,Initial stratum met the minimum size threshold.,macro_market__macro_policy -> macro_market__other_unclear; macro_market__other_unclear -> other_unclear__other_unclear; other_unclear__firm_event -> other_unclear__other_unclear; big_tech_cloud__other_unclear -> other_unclear__other_unclear; other_unclear__analyst_or_earnings -> other_unclear__other_unclear; semiconductors_ai__other_unclear -> other_unclear__other_unclear,False,False,True,False,False,False,True,True,False,False,False,False,False,False,False,False,False,False,False,False,False,True
fe69f400d8c3e9da2c45be3517dd8905406c93895c3231abd6ed7db02f41674b,2026-03-19,CNBC,1,JPM,banks_finance,macro_policy,macro_policy,single_ticker,banks_finance__macro_policy,banks_finance__macro_policy,mode=hybrid; industry=banks_finance; broad_article_bucket=macro_policy; article_type=macro_policy; ticker_count_bucket=single_ticker; Initial stratum met the minimum size threshold.,"The Fed decision, Micron earnings, Amazon's USPS contract and more in Morning Squawk",Here are five key things investors need to know to start the trading day.,macro_market_rates_tariffs_oil,"Macro or policy language such as rates, tariffs, oil, or inflation is present.",banks,banks_finance,Linked tickers map cleanly to one competitor group.,Macro or policy language is present.,Detailed article type stays in the macro-policy bucket.,Article links to a single tracked ticker.,banks_finance__macro_policy,Initial stratum met the minimum size threshold.,macro_market__macro_policy -> macro_market__other_unclear; macro_market__other_unclear -> other_unclear__other_unclear; other_unclear__firm_event -> other_unclear__other_unclear; big_tech_cloud__other_unclear -> other_unclear__other_unclear; other_unclear__analyst_or_earnings -> other_unclear__other_unclear; semiconductors_ai__other_unclear -> other_unclear__other_unclear,False,False,True,False,True,False,False,True,False,False,False,False,True,False,False,False,False,False,False,False,False,True
b7dc74ecb749d76b41392bdf5bb10d5c7ab07859e6bb2e9dc70cf487a27ba182,2026-04-15,Finnhub,1,BAC,banks_finance,macro_policy,macro_policy,single_ticker,banks_finance__macro_policy,banks_finance__macro_policy,mode=hybrid; industry=banks_finance; broad_article_bucket=macro_policy; article_type=macro_policy; ticker_count_bucket=single_ticker; Initial stratum met the minimum size threshold.,"S&P 500 stocks gain, oil steadies as markets eye resolution to war",Wall Street'sstock benchmark S&P 500 followed world shares higher andoil prices stayed well below $100 a barrel on Wednesday afterU.S. President Donald Trump said talks to end a war with Irancould...,macro_market_rates_tariffs_oil,"Macro or policy language such as rates, tariffs, oil, or inflation is present.",banks,banks_finance,Linked tickers map cleanly to one competitor group.,Macro or policy language is present.,Detailed article type stays in the macro-policy bucket.,Article links to a single tracked ticker.,banks_finance__macro_policy,Initial stratum met the minimum size threshold.,macro_market__macro_policy -> macro_market__other_unclear; macro_market__other_unclear -> other_unclear__other_unclear; other_unclear__firm_event -> other_unclear__other_unclear; big_tech_cloud__other_unclear -> other_unclear__other_unclear; other_unclear__analyst_or_earnings -> other_unclear__other_unclear; semiconductors_ai__other_unclear -> other_unclear__other_unclear,False,False,False,True,False,False,False,True,False,False,True,False,False,False,False,False,False,False,False,False,False,True
472fe24ccda6c4ef1b0a9fed4688289b0f53e5f86382787f6a5dba80299eb2ec,2026-05-15,Yahoo,1,C,banks_finance,macro_policy,macro_policy,single_ticker,banks_finance__macro_policy,banks_finance__macro_policy,mode=hybrid; industry=banks_finance; broad_article_bucket=macro_policy; article_type=macro_policy; ticker_count_bucket=single_ticker; Initial stratum met the minimum size threshold.,"Trump Traded Nvidia, Boeing, Intel in Flurry of Transactions","(Bloomberg) -- President Donald Trump’s latest financial disclosures show that he made a slew of stock and bond purchases with major American companies in the first quarter of the year totaling in the tens of millions of dollars and possibly more. Most Read from BloombergHormuz Oil Flows Creep Higher as More Supertankers ExitIran’s Kharg Island Oil Jetties Empty Again Yesterday, Satellite ShowsWhat Is The Thucydides Trap and Why Did Xi Raise It With Trump?Xi Tells US CEOs on Trump Visit That Chi",macro_market_rates_tariffs_oil,"Macro or policy language such as rates, tariffs, oil, or inflation is present.",banks,banks_finance,Linked tickers map cleanly to one competitor group.,Macro or policy language is present.,Detailed article type stays in the macro-policy bucket.,Article links to a single tracked ticker.,banks_finance__macro_policy,Initial stratum met the minimum size threshold.,macro_market__macro_policy -> macro_market__other_unclear; macro_market__other_unclear -> other_unclear__other_unclear; other_unclear__firm_event -> other_unclear__other_unclear; big_tech_cloud__other_unclear -> other_unclear__other_unclear; other_unclear__analyst_or_earnings -> other_unclear__other_unclear; semiconductors_ai__other_unclear -> other_unclear__other_unclear,False,False,True,False,True,False,False,True,False,False,False,False,False,False,False,False,False,False,False,False,False,True
e758e64a87f00ac64ff36f2da1c92ee650e8f9d7eb1cc4314e02ed1d5dfbcfbc,2026-06-08,Yahoo,1,BAC,banks_finance,macro_policy,macro_policy,single_ticker,banks_finance__macro_policy,banks_finance__macro_policy,mode=hybrid; industry=banks_finance; broad_article_bucket=macro_policy; article_type=macro_policy; ticker_count_bucket=single_ticker; Initial stratum met the minimum size threshold.,BofA Warns It’s Time to ‘Take Profits’ as Red Flags Multiply,"(Bloomberg) -- Investors should exercise caution regarding US stocks as an increasing number of “bear market signposts” point to an approaching top, according to Bank of America Securities.Most Read from BloombergHouse Republican Says Hegseth’s D-Day Remarks ‘Inappropriate’Trump Says He, Not Congress, Is in Charge of Kennedy Center in ReversalLA Mayor Race Flips as Socialist Beats Reality TV Star PrattWhy Oil’s Not at $200 After the Biggest Supply Shock in HistoryIsrael Strikes Iran After Missil",macro_market_rates_tariffs_oil,"Macro or policy language such as rates, tariffs, oil, or inflation is present.",banks,banks_finance,Linked tickers map cleanly to one competitor group.,Macro or policy language is present.,Detailed article type stays in the macro-policy bucket.,Article links to a single tracked ticker.,banks_finance__macro_policy,Initial stratum met the minimum size threshold.,macro_market__macro_policy -> macro_market__other_unclear; macro_market__other_unclear -> other_unclear__other_unclear; other_unclear__firm_event -> other_unclear__other_unclear; big_tech_cloud__other_unclear -> other_unclear__other_unclear; other_unclear__analyst_or_earnings -> other_unclear__other_unclear; semiconductors_ai__other_unclear -> other_unclear__other_unclear,False,False,True,False,True,False,False,True,False,False,False,False,False,False,False,False,False,False,False,True,False,True
bb83159856051a30a200b871285c8431867cec8de89fe589aed81a5b48b68fa5,2026-06-16,CNBC,1,BAC,banks_finance,macro_policy,macro_policy,single_ticker,banks_finance__macro_policy,banks_finance__macro_policy,mode=hybrid; industry=banks_finance; broad_article_bucket=macro_policy; article_type=macro_policy; ticker_count_bucket=single_ticker; Initial stratum met the minimum size threshold.,Fed Chair Warsh expected to withhold 'dot' from central bank's interest rate outlook,The central bank's Federal Open Market Committee is set to release its quarterly update of where individual officials expect interest rates to head.,macro_market_rates_tariffs_oil,"Macro or policy language such as rates, tariffs, oil, or inflation is present.",banks,banks_finance,Linked tickers map cleanly to one competitor group.,Macro or policy language is present.,Detailed article type stays in the macro-policy bucket.,Article links to a single tracked ticker.,banks_finance__macro_policy,Initial stratum met the minimum size threshold.,macro_market__macro_policy -> macro_market__other_unclear; macro_market__other_unclear -> other_unclear__other_unclear; other_unclear__firm_event -> other_unclear__other_unclear; big_tech_cloud__other_unclear -> other_unclear__other_unclear; other_unclear__analyst_or_earnings -> other_unclear__other_unclear; semiconductors_ai__other_unclear -> other_unclear__other_unclear,False,False,True,False,True,False,False,True,False,False,False,False,False,True,False,False,False,False,False,True,False,True
9a18c1ff3c7067a227eeb3d64b0edbf1aa9cb5e04b4fdd07da3c06773a4c7ae0,2025-07-11,Yahoo,2,C;WFC,banks_finance,market_roundup_or_advice,investment_advice_etf,multi_ticker,banks_finance__market_roundup_or_advice,banks_finance__market_roundup_or_advice,mode=hybrid; industry=banks_finance; broad_article_bucket=market_roundup_or_advice; article_type=investment_advice_etf; ticker_count_bucket=multi_ticker; Initial stratum met the minimum size threshold.,"3 Finance Stocks to Buy Ahead of Q2 Earnings: BLK, BK, STT","The financial sector will take center stage next Tuesday, July 15, with Q2 results from most of the major domestic banks set to be released.",investment_advice_etf_roundup_or_unclear,Advice/ETF/market-roundup language dominates the article text.,banks,banks_finance,Linked tickers map cleanly to one competitor group.,Investment-advice or ETF language is present.,Detailed article type maps into the broad market-roundup-or-advice bucket.,Article links to multiple tracked tickers.,banks_finance__market_roundup_or_advice,Initial stratum met the minimum size threshold.,macro_market__macro_policy -> macro_market__other_unclear; macro_market__other_unclear -> other_unclear__other_unclear; other_unclear__firm_event -> other_unclear__other_unclear; big_tech_cloud__other_unclear -> other_unclear__other_unclear; other_unclear__analyst_or_earnings -> other_unclear__other_unclear; semiconductors_ai__other_unclear -> other_unclear__other_unclear,True,False,False,True,True,False,False,False,True,False,False,False,False,False,False,True,False,False,False,True,False,True
a7d01e5241a200c29ac2f1f6d20fd7cad7101f2e15bdc48fe0615e9572683226,2025-07-21,Yahoo,1,WFC,banks_finance,market_roundup_or_advice,market_roundup,single_ticker,banks_finance__market_roundup_or_advice,banks_finance__market_roundup_or_advice,mode=hybrid; industry=banks_finance; broad_article_bucket=market_roundup_or_advice; article_type=market_roundup; ticker_count_bucket=single_ticker; Initial stratum met the minimum size threshold.,Wells Fargo Just Unlocked a $4.8 Billion Credit Goldmine--And Almost No One's Watching,Big banks and private lenders are teaming up to target a hidden market Wall Street's been ignoring for years.,investment_advice_etf_roundup_or_unclear,Advice/ETF/market-roundup language dominates the article text.,banks,banks_finance,Linked tickers map cleanly to one competitor group.,Market roundup or broad market language is present.,Detailed article type maps into the broad market-roundup-or-advice bucket.,Article links to a single tracked ticker.,banks_finance__market_roundup_or_advice,Initial stratum met the minimum size threshold.,macro_market__macro_policy -> macro_market__other_unclear; macro_market__other_unclear -> other_unclear__other_unclear; other_unclear__firm_event -> other_unclear__other_unclear; big_tech_cloud__other_unclear -> other_unclear__other_unclear; other_unclear__analyst_or_earnings -> other_unclear__other_unclear; semiconductors_ai__other_unclear -> other_unclear__other_unclear,False,False,False,True,False,False,False,False,False,False,True,False,False,False,False,False,False,False,False,True,False,True
c4bcb926f7e278b87a80097ebbeb0f744e7b170e659beecfd1fbd95dc513bfce,2025-09-11,Yahoo,1,C,banks_finance,market_roundup_or_advice,investment_advice_etf,single_ticker,banks_finance__market_roundup_or_advice,banks_finance__market_roundup_or_advice,mode=hybrid; industry=banks_finance; broad_article_bucket=market_roundup_or_advice; article_type=investment_advice_etf; ticker_count_bucket=single_ticker; Initial stratum met the minimum size threshold.,This Dividend Stock Has More Than Doubled in 2 Years. Is There More Gas Left in the Tank?,Citigroup stock has more than doubled over the last 2 years as markets give a thumbs-up to its turnaround. It has a healthy dividend yield of 2.5% and should continue outperforming large-cap banking peers over the medium term.,investment_advice_etf_roundup_or_unclear,Advice/ETF/market-roundup language dominates the article text.,banks,banks_finance,Linked tickers map cleanly to one competitor group.,Investment-advice or ETF language is present.,Detailed article type maps into the broad market-roundup-or-advice bucket.,Article links to a single tracked ticker.,banks_finance__market_roundup_or_advice,Initial stratum met the minimum size threshold.,macro_market__macro_policy -> macro_market__other_unclear; macro_market__other_unclear -> other_unclear__other_unclear; other_unclear__firm_event -> other_unclear__other_unclear; big_tech_cloud__other_unclear -> other_unclear__other_unclear; other_unclear__analyst_or_earnings -> other_unclear__other_unclear; semiconductors_ai__other_unclear -> other_unclear__other_unclear,False,False,False,True,False,False,False,False,True,False,False,False,False,False,False,True,False,False,False,False,False,True
cd8e7d96babbf03eebd14870b02e0bdd9677a32d70b20f4f1026e099f5da310e,2025-09-18,Yahoo,1,C,banks_finance,market_roundup_or_advice,investment_advice_etf,single_ticker,banks_finance__market_roundup_or_advice,banks_finance__market_roundup_or_advice,mode=hybrid; industry=banks_finance; broad_article_bucket=market_roundup_or_advice; article_type=investment_advice_etf; ticker_count_bucket=single_ticker; Initial stratum met the minimum size threshold.,Citigroup’s (C) Dividend Policy and its Role in Being Best Performing in 2025,"Citigroup Inc. (NYSE:C) is included among the 15 Best Performing Dividend Stocks So Far in 2025. Citigroup Inc. (NYSE:C) is an American multinational financial services and investment banking company. The company faced major challenges during the recession from 2007 to 2009, forcing management to implement significant changes. It was a difficult time for both the […]",investment_advice_etf_roundup_or_unclear,Advice/ETF/market-roundup language dominates the article text.,banks,banks_finance,Linked tickers map cleanly to one competitor group.,Investment-advice or ETF language is present.,Detailed article type maps into the broad market-roundup-or-advice bucket.,Article links to a single tracked ticker.,banks_finance__market_roundup_or_advice,Initial stratum met the minimum size threshold.,macro_market__macro_policy -> macro_market__other_unclear; macro_market__other_unclear -> other_unclear__other_unclear; other_unclear__firm_event -> other_unclear__other_unclear; big_tech_cloud__other_unclear -> other_unclear__other_unclear; other_unclear__analyst_or_earnings -> other_unclear__other_unclear; semiconductors_ai__other_unclear -> other_unclear__other_unclear,False,False,True,False,False,False,False,True,True,False,False,False,False,False,True,False,False,False,False,False,False,True
14ee5ad60663e7130821c56e600ef7b3fc32854cab5e2931c9c8f2d676cd2a68,2025-11-20,Yahoo,1,C,banks_finance,market_roundup_or_advice,market_roundup,single_ticker,banks_finance__market_roundup_or_advice,banks_finance__market_roundup_or_advice,mode=hybrid; industry=banks_finance; broad_article_bucket=market_roundup_or_advice; article_type=market_roundup; ticker_count_bucket=single_ticker; Initial stratum met the minimum size threshold.,Citigroup names new CFO as part of business overhaul,Citigroup has named a new chief financial officer as part of a leadership shake-up and overhaul of its business lines as the Wall Street bank...,investment_advice_etf_roundup_or_unclear,Advice/ETF/market-roundup language dominates the article text.,banks,banks_finance,Linked tickers map cleanly to one competitor group.,Market roundup or broad market language is present.,Detailed article type maps into the broad market-roundup-or-advice bucket.,Article links to a single tracked ticker.,banks_finance__market_roundup_or_advice,Initial stratum met the minimum size threshold.,macro_market__macro_policy -> macro_market__other_unclear; macro_market__other_unclear -> other_unclear__other_unclear; other_unclear__firm_event -> other_unclear__other_unclear; big_tech_cloud__other_unclear -> other_unclear__other_unclear; other_unclear__analyst_or_earnings -> other_unclear__other_unclear; semiconductors_ai__other_unclear -> other_unclear__other_unclear,False,False,False,True,False,False,False,False,False,False,True,False,False,True,False,False,False,False,False,True,False,True
038f5ea2c308a5ddb50551af65966b1edf6426b8efb26c5531e22662e984ca79,2025-12-23,Yahoo,1,WFC,banks_finance,market_roundup_or_advice,investment_advice_etf,single_ticker,banks_finance__market_roundup_or_advice,banks_finance__market_roundup_or_advice,mode=hybrid; industry=banks_finance; broad_article_bucket=market_roundup_or_advice; article_type=investment_advice_etf; ticker_count_bucket=single_ticker; Initial stratum met the minimum size threshold.,"Wells Fargo Sees Prolonged Trough Conditions for Chemicals, Downgrades EMN","Eastman Chemical Company (NYSE:EMN) is included among the Best Stocks for a Dividend Achievers List. On December 19, Wells Fargo downgraded Eastman Chemical Company (NYSE:EMN) to Equal Weight from Overweight. The firm kept its price target unchanged at $70. The move was part of a broader reset across the chemicals sector. Wells Fargo downgraded four […]",investment_advice_etf_roundup_or_unclear,Advice/ETF/market-roundup language dominates the article text.,banks,banks_finance,Linked tickers map cleanly to one competitor group.,Investment-advice or ETF language is present.,Detailed article type maps into the broad market-roundup-or-advice bucket.,Article links to a single tracked ticker.,banks_finance__market_roundup_or_advice,Initial stratum met the minimum size threshold.,macro_market__macro_policy -> macro_market__other_unclear; macro_market__other_unclear -> other_unclear__other_unclear; other_unclear__firm_event -> other_unclear__other_unclear; big_tech_cloud__other_unclear -> other_unclear__other_unclear; other_unclear__analyst_or_earnings -> other_unclear__other_unclear; semiconductors_ai__other_unclear -> other_unclear__other_unclear,False,False,False,True,False,True,False,False,True,False,False,False,False,False,False,True,False,False,False,False,False,True
20d042b2a6e6882f63696143f88cfea858ce4b18295e89c5b5fada27b9d402fb,2026-01-14,Yahoo,1,WFC,banks_finance,market_roundup_or_advice,investment_advice_etf,single_ticker,banks_finance__market_roundup_or_advice,banks_finance__market_roundup_or_advice,mode=hybrid; industry=banks_finance; broad_article_bucket=market_roundup_or_advice; article_type=investment_advice_etf; ticker_count_bucket=single_ticker; Initial stratum met the minimum size threshold.,Microsoft (MSFT) Announces Agentic AI Solutions Focused on Bringing Intelligent Automation to Retail Business,"Microsoft Corporation (NASDAQ:MSFT) is one of the Best Fundamental Stocks to Buy According to Analysts. On January 8, the company announced agentic AI solutions, which are designed to bring intelligent automation to the retail business. Microsoft Corporation (NASDAQ:MSFT) believes that such new capabilities are expected to help retailers move faster, serve shoppers with greater relevance, and […]",investment_advice_etf_roundup_or_unclear,Advice/ETF/market-roundup language dominates the article text.,banks,banks_finance,Linked tickers map cleanly to one competitor group.,Investment-advice or ETF language is present.,Detailed article type maps into the broad market-roundup-or-advice bucket.,Article links to a single tracked ticker.,banks_finance__market_roundup_or_advice,Initial stratum met the minimum size threshold.,macro_market__macro_policy -> macro_market__other_unclear; macro_market__other_unclear -> other_unclear__other_unclear; other_unclear__firm_event -> other_unclear__other_unclear; big_tech_cloud__other_unclear -> other_unclear__other_unclear; other_unclear__analyst_or_earnings -> other_unclear__other_unclear; semiconductors_ai__other_unclear -> other_unclear__other_unclear,False,False,True,False,False,False,False,False,True,False,False,True,False,False,False,False,False,True,False,False,False,True
d907869e52757cf931dc8c97c95d8d8bd3c441260fb4f97d0678912b58600b36,2026-03-23,Yahoo,1,C,banks_finance,market_roundup_or_advice,investment_advice_etf,single_ticker,banks_finance__market_roundup_or_advice,banks_finance__market_roundup_or_advice,mode=hybrid; industry=banks_finance; broad_article_bucket=market_roundup_or_advice; article_type=investment_advice_etf; ticker_count_bucket=single_ticker; Initial stratum met the minimum size threshold.,Citi Resumes Coverage of Netflix (NFLX) Stock,"Netflix, Inc. (NASDAQ:NFLX) is one of the Top Wide Moat Stocks to Buy for Long Term Growth. On March 18, Citi resumed coverage of the company’s stock with a price objective of $115, reiterating a “Buy” rating. The firm believes that the upside is backed by improvement in profitability, pricing power, and enhanced capital returns. The […]",investment_advice_etf_roundup_or_unclear,Advice/ETF/market-roundup language dominates the article text.,banks,banks_finance,Linked tickers map cleanly to one competitor group.,Investment-advice or ETF language is present.,Detailed article type maps into the broad market-roundup-or-advice bucket.,Article links to a single tracked ticker.,banks_finance__market_roundup_or_advice,Initial stratum met the minimum size threshold.,macro_market__macro_policy -> macro_market__other_unclear; macro_market__other_unclear -> other_unclear__other_unclear; other_unclear__firm_event -> other_unclear__other_unclear; big_tech_cloud__other_unclear -> other_unclear__other_unclear; other_unclear__analyst_or_earnings -> other_unclear__other_unclear; semiconductors_ai__other_unclear -> other_unclear__other_unclear,False,False,True,False,False,True,False,False,True,False,False,False,False,False,False,False,False,False,False,False,False,True
d19fd6fc5cca582c6f44256c4e7d4c4ceb45eb9cf39a6c2fc8715a0ec7718bd3,2025-07-27,SeekingAlpha,2,BAC;WFC,banks_finance,other_unclear,other_unclear,multi_ticker,banks_finance__other_unclear,banks_finance__other_unclear,mode=hybrid; industry=banks_finance; broad_article_bucket=other_unclear; article_type=other_unclear; ticker_count_bucket=multi_ticker; Initial stratum met the minimum size threshold.,Fidelity Value Discovery Fund Q2 2025 Commentary,"Fidelity Investments reviews Q2 results for its Value Discovery Fund, spotlighting key stock moves and sector shifts. See how theyâre targeting long-term value.",investment_advice_etf_roundup_or_unclear,"Fallback bucket for articles without a cleaner firm, industry, legal, or macro signal.",banks,banks_finance,Linked tickers map cleanly to one competitor group.,No stronger article-type pattern dominated the text.,Detailed article type falls into the broad other/unclear bucket.,Article links to multiple tracked tickers.,banks_finance__other_unclear,Initial stratum met the minimum size threshold.,macro_market__macro_policy -> macro_market__other_unclear; macro_market__other_unclear -> other_unclear__other_unclear; other_unclear__firm_event -> other_unclear__other_unclear; big_tech_cloud__other_unclear -> other_unclear__other_unclear; other_unclear__analyst_or_earnings -> other_unclear__other_unclear; semiconductors_ai__other_unclear -> other_unclear__other_unclear,True,False,False,True,False,False,False,False,False,False,False,False,False,False,False,True,False,False,False,False,False,True
d34454744758040dd9cd5586987d9639eb35193120273d718be2164671e5fbaa,2025-09-03,Yahoo,2,BAC;JPM,banks_finance,other_unclear,other_unclear,multi_ticker,banks_finance__other_unclear,banks_finance__other_unclear,mode=hybrid; industry=banks_finance; broad_article_bucket=other_unclear; article_type=other_unclear; ticker_count_bucket=multi_ticker; Initial stratum met the minimum size threshold.,Flood insurer Neptune files for IPO,"Investing.com -- Flood insurance provider Neptune filed for an initial public offering on Wednesday, planning to list on the New York Stock Exchange under the ticker symbol ’NP’.",investment_advice_etf_roundup_or_unclear,"Fallback bucket for articles without a cleaner firm, industry, legal, or macro signal.",banks,banks_finance,Linked tickers map cleanly to one competitor group.,No stronger article-type pattern dominated the text.,Detailed article type falls into the broad other/unclear bucket.,Article links to multiple tracked tickers.,banks_finance__other_unclear,Initial stratum met the minimum size threshold.,macro_market__macro_policy -> macro_market__other_unclear; macro_market__other_unclear -> other_unclear__other_unclear; other_unclear__firm_event -> other_unclear__other_unclear; big_tech_cloud__other_unclear -> other_unclear__other_unclear; other_unclear__analyst_or_earnings -> other_unclear__other_unclear; semiconductors_ai__other_unclear -> other_unclear__other_unclear,True,False,False,True,False,False,False,False,False,False,False,False,False,False,False,False,False,False,False,False,False,True
958d67f28622a13b30f98ccc7aefb8b4ec125bcd624809b2da60a4daaed486c4,2025-10-17,MarketWatch,3,BAC;C;JPM,banks_finance,other_unclear,other_unclear,multi_ticker,banks_finance__other_unclear,banks_finance__other_unclear,mode=hybrid; industry=banks_finance; broad_article_bucket=other_unclear; article_type=other_unclear; ticker_count_bucket=multi_ticker; Initial stratum met the minimum size threshold.,Worried About a Crash? Here’s What You Should Be Worried About Instead.,Worried About a Crash? Here’s What You Should Be Worried About Instead.,investment_advice_etf_roundup_or_unclear,"Fallback bucket for articles without a cleaner firm, industry, legal, or macro signal.",banks,banks_finance,Linked tickers map cleanly to one competitor group.,No stronger article-type pattern dominated the text.,Detailed article type falls into the broad other/unclear bucket.,Article links to multiple tracked tickers.,banks_finance__other_unclear,Initial stratum met the minimum size threshold.,macro_market__macro_policy -> macro_market__other_unclear; macro_market__other_unclear -> other_unclear__other_unclear; other_unclear__firm_event -> other_unclear__other_unclear; big_tech_cloud__other_unclear -> other_unclear__other_unclear; other_unclear__analyst_or_earnings -> other_unclear__other_unclear; semiconductors_ai__other_unclear -> other_unclear__other_unclear,True,False,False,True,False,False,False,False,False,False,False,False,False,False,False,False,False,False,False,False,False,True
f8f65e954c69e9fd5d866c043b87e701eb88c532cee6be6d9d19a4e4c968cb53,2025-10-21,Yahoo,3,BAC;C;JPM,banks_finance,other_unclear,other_unclear,multi_ticker,banks_finance__other_unclear,banks_finance__other_unclear,mode=hybrid; industry=banks_finance; broad_article_bucket=other_unclear; article_type=other_unclear; ticker_count_bucket=multi_ticker; Initial stratum met the minimum size threshold.,"Market Chatter: JPMorgan, Bank of America, Goldman Sachs Hesitate on $20 Billion Loan to Argentina Without Guarantees","JPMorgan Chase (JPM), Bank of America (BAC) and Goldman Sachs (GS) are hesitant to finalize a $20 bi",industry_wide_banks_finance,Industry-linked keywords plus ticker breadth/sector language indicate an industry-wide bank/finance article.,banks,banks_finance,Linked tickers map cleanly to one competitor group.,No stronger article-type pattern dominated the text.,Detailed article type falls into the broad other/unclear bucket.,Article links to multiple tracked tickers.,banks_finance__other_unclear,Initial stratum met the minimum size threshold.,macro_market__macro_policy -> macro_market__other_unclear; macro_market__other_unclear -> other_unclear__other_unclear; other_unclear__firm_event -> other_unclear__other_unclear; big_tech_cloud__other_unclear -> other_unclear__other_unclear; other_unclear__analyst_or_earnings -> other_unclear__other_unclear; semiconductors_ai__other_unclear -> other_unclear__other_unclear,True,False,False,True,False,False,False,False,False,False,False,False,False,False,False,False,False,False,False,True,False,True
766290fcb0ae839ba52bcad39fc04ac74ad7ee8106134233af3e275a60720cbb,2025-12-18,MarketWatch,1,WFC,banks_finance,other_unclear,other_unclear,single_ticker,banks_finance__other_unclear,banks_finance__other_unclear,mode=hybrid; industry=banks_finance; broad_article_bucket=other_unclear; article_type=other_unclear; ticker_count_bucket=single_ticker; Initial stratum met the minimum size threshold.,Wells Fargo & Co. stock underperforms Thursday when compared to competitors,Wells Fargo & Co. stock underperforms Thursday when compared to competitors,investment_advice_etf_roundup_or_unclear,"Fallback bucket for articles without a cleaner firm, industry, legal, or macro signal.",banks,banks_finance,Linked tickers map cleanly to one competitor group.,No stronger article-type pattern dominated the text.,Detailed article type falls into the broad other/unclear bucket.,Article links to a single tracked ticker.,banks_finance__other_unclear,Initial stratum met the minimum size threshold.,macro_market__macro_policy -> macro_market__other_unclear; macro_market__other_unclear -> other_unclear__other_unclear; other_unclear__firm_event -> other_unclear__other_unclear; big_tech_cloud__other_unclear -> other_unclear__other_unclear; other_unclear__analyst_or_earnings -> other_unclear__other_unclear; semiconductors_ai__other_unclear -> other_unclear__other_unclear,False,False,False,True,False,False,False,False,False,False,False,False,False,False,False,True,False,False,False,False,False,True
80fb954a9dd4dc34239f6b7cdfefabfb188cfbcc6c142e48b029e82f1aa51a9d,2026-05-20,Benzinga,2,BAC;JPM,banks_finance,other_unclear,other_unclear,multi_ticker,banks_finance__other_unclear,banks_finance__other_unclear,mode=hybrid; industry=banks_finance; broad_article_bucket=other_unclear; article_type=other_unclear; ticker_count_bucket=multi_ticker; Initial stratum met the minimum size threshold.,Elon Musk's SpaceX Hopes To Raise $80 Billion In IPO With Goldman Sachs's Help: What Do Prediction Markets Say?,"SpaceX is targeting $80 billion or more in its IPO, which would make it the largest ever, with Goldman Sachs reportedly winning the lead role over Morgan Stanley.",investment_advice_etf_roundup_or_unclear,"Fallback bucket for articles without a cleaner firm, industry, legal, or macro signal.",banks,banks_finance,Linked tickers map cleanly to one competitor group.,No stronger article-type pattern dominated the text.,Detailed article type falls into the broad other/unclear bucket.,Article links to multiple tracked tickers.,banks_finance__other_unclear,Initial stratum met the minimum size threshold.,macro_market__macro_policy -> macro_market__other_unclear; macro_market__other_unclear -> other_unclear__other_unclear; other_unclear__firm_event -> other_unclear__other_unclear; big_tech_cloud__other_unclear -> other_unclear__other_unclear; other_unclear__analyst_or_earnings -> other_unclear__other_unclear; semiconductors_ai__other_unclear -> other_unclear__other_unclear,True,False,False,True,False,False,False,False,False,False,False,False,False,False,False,False,False,False,False,False,False,True
f1735d0ccfb404b02fc07ce2f1a59a7a52493dfdf4710426716409f98f26c798,2026-05-28,CNBC,2,F;GM,banks_finance,other_unclear,other_unclear,multi_ticker,banks_finance__other_unclear,banks_finance__other_unclear,mode=hybrid; industry=banks_finance; broad_article_bucket=other_unclear; article_type=other_unclear; ticker_count_bucket=multi_ticker; Initial stratum met the minimum size threshold.,"More monthly auto loan payments are above $1,000, and most are not for luxury models",CNBC's Phil LeBeau reports on the latest data on auto loans.,investment_advice_etf_roundup_or_unclear,"Fallback bucket for articles without a cleaner firm, industry, legal, or macro signal.",ev_autos,autos_ev,Article keywords point to one clear industry bucket.,No stronger article-type pattern dominated the text.,Detailed article type falls into the broad other/unclear bucket.,Article links to multiple tracked tickers.,banks_finance__other_unclear,Initial stratum met the minimum size threshold.,macro_market__macro_policy -> macro_market__other_unclear; macro_market__other_unclear -> other_unclear__other_unclear; other_unclear__firm_event -> other_unclear__other_unclear; big_tech_cloud__other_unclear -> other_unclear__other_unclear; other_unclear__analyst_or_earnings -> other_unclear__other_unclear; semiconductors_ai__other_unclear -> other_unclear__other_unclear,True,False,False,True,False,False,False,False,False,False,False,False,False,False,False,False,False,False,False,True,False,True
78ee75571fd120ac37e1fba9c658f3ad41185fb7f3c2ca43ed6caef3055652b9,2026-06-04,Yahoo,2,BAC;C,banks_finance,other_unclear,other_unclear,multi_ticker,banks_finance__other_unclear,banks_finance__other_unclear,mode=hybrid; industry=banks_finance; broad_article_bucket=other_unclear; article_type=other_unclear; ticker_count_bucket=multi_ticker; Initial stratum met the minimum size threshold.,"Banking On Breakouts: UBS, Citi Charts Shape Up",UBS and Citigroup stocks are both close to emerging from cup bases. The two stocks advanced on Thursday.,investment_advice_etf_roundup_or_unclear,"Fallback bucket for articles without a cleaner firm, industry, legal, or macro signal.",banks,banks_finance,Linked tickers map cleanly to one competitor group.,No stronger article-type pattern dominated the text.,Detailed article type falls into the broad other/unclear bucket.,Article links to multiple tracked tickers.,banks_finance__other_unclear,Initial stratum met the minimum size threshold.,macro_market__macro_policy -> macro_market__other_unclear; macro_market__other_unclear -> other_unclear__other_unclear; other_unclear__firm_event -> other_unclear__other_unclear; big_tech_cloud__other_unclear -> other_unclear__other_unclear; other_unclear__analyst_or_earnings -> other_unclear__other_unclear; semiconductors_ai__other_unclear -> other_unclear__other_unclear,True,False,False,True,False,False,False,False,False,False,False,False,False,False,False,False,False,False,False,False,False,True
3c8c9b4c35a7d9e00dfad811008436b73550b1910818046d86ef272891526c2f,2025-10-16,Yahoo,1,AAPL,big_tech_cloud,analyst_or_earnings,earnings_guidance,single_ticker,big_tech_cloud__analyst_or_earnings,big_tech_cloud__analyst_or_earnings,mode=hybrid; industry=big_tech_cloud; broad_article_bucket=analyst_or_earnings; article_type=earnings_guidance; ticker_count_bucket=single_ticker; Initial stratum met the minimum size threshold.,Nearly 40% jump in net profit: Chipmaker TSMC capitalises on AI boom,"Taiwan Semiconductor Manufacturing Corp., the world’s biggest semiconductor manufacturer, reported an unexpected jump in its net profit for the July-September quarter.View on euronews",firm_specific_earnings_or_guidance,Earnings or guidance language appears tied to one or two linked firms.,big_tech,big_tech_cloud,Linked tickers map cleanly to one competitor group.,Earnings or guidance language is present.,Detailed article type maps into the broad analyst-or-earnings bucket.,Article links to a single tracked ticker.,big_tech_cloud__analyst_or_earnings,Initial stratum met the minimum size threshold.,macro_market__macro_policy -> macro_market__other_unclear; macro_market__other_unclear -> other_unclear__other_unclear; other_unclear__firm_event -> other_unclear__other_unclear; big_tech_cloud__other_unclear -> other_unclear__other_unclear; other_unclear__analyst_or_earnings -> other_unclear__other_unclear; semiconductors_ai__other_unclear -> other_unclear__other_unclear,False,False,True,False,True,False,False,False,False,False,False,True,False,False,False,False,False,True,False,False,False,True
6ea5906146fc4262d1fb6e9e225ec4498bda4253c08b2763dbcb291129dc3c2f,2025-11-17,Yahoo,1,AAPL,big_tech_cloud,analyst_or_earnings,analyst_valuation,single_ticker,big_tech_cloud__analyst_or_earnings,big_tech_cloud__analyst_or_earnings,mode=hybrid; industry=big_tech_cloud; broad_article_bucket=analyst_or_earnings; article_type=analyst_valuation; ticker_count_bucket=single_ticker; Initial stratum met the minimum size threshold.,Is Apple's Valuation Justified After AI Product Launches and a 22% Share Price Gain?,"Ever find yourself wondering if Apple stock is actually a smart buy at today's price, or if the market buzz has gotten ahead of itself? Apple's share price has gained 8.0% over the last month and is up a robust 21.6% in the past year, hinting at strong growth momentum and a possible shift in how investors see the company's risks and rewards. Apple has made headlines this month with new product launches, including an upgrade to its iPad lineup and continuous innovations in AI. These...",firm_specific_analyst_or_valuation,"Analyst, rating, or valuation language appears primarily firm-specific.",big_tech,big_tech_cloud,Linked tickers map cleanly to one competitor group.,"Analyst, rating, or valuation language is present.",Detailed article type maps into the broad analyst-or-earnings bucket.,Article links to a single tracked ticker.,big_tech_cloud__analyst_or_earnings,Initial stratum met the minimum size threshold.,macro_market__macro_policy -> macro_market__other_unclear; macro_market__other_unclear -> other_unclear__other_unclear; other_unclear__firm_event -> other_unclear__other_unclear; big_tech_cloud__other_unclear -> other_unclear__other_unclear; other_unclear__analyst_or_earnings -> other_unclear__other_unclear; semiconductors_ai__other_unclear -> other_unclear__other_unclear,False,False,True,False,False,True,False,False,False,False,False,True,False,False,False,False,False,True,False,False,False,True
736b232ceb6a9a5e1733f3b862bbf36863753dc6893f3d988e555fb2243b3277,2025-12-21,Yahoo,2,AMZN;GOOGL,big_tech_cloud,analyst_or_earnings,analyst_valuation,multi_ticker,big_tech_cloud__analyst_or_earnings,big_tech_cloud__analyst_or_earnings,mode=hybrid; industry=big_tech_cloud; broad_article_bucket=analyst_or_earnings; article_type=analyst_valuation; ticker_count_bucket=multi_ticker; Initial stratum met the minimum size threshold.,Alphabet vs. Amazon: Which Stock Will Outperform in 2026?,Amazon and Alphabet are two market leaders in cloud computing.,firm_specific_analyst_or_valuation,"Analyst, rating, or valuation language appears primarily firm-specific.",big_tech,big_tech_cloud,Linked tickers map cleanly to one competitor group.,"Analyst, rating, or valuation language is present.",Detailed article type maps into the broad analyst-or-earnings bucket.,Article links to multiple tracked tickers.,big_tech_cloud__analyst_or_earnings,Initial stratum met the minimum size threshold.,macro_market__macro_policy -> macro_market__other_unclear; macro_market__other_unclear -> other_unclear__other_unclear; other_unclear__firm_event -> other_unclear__other_unclear; big_tech_cloud__other_unclear -> other_unclear__other_unclear; other_unclear__analyst_or_earnings -> other_unclear__other_unclear; semiconductors_ai__other_unclear -> other_unclear__other_unclear,True,False,False,True,False,True,False,False,False,False,False,True,False,False,False,False,False,False,False,False,True,True
649a806f37db494e1340bed541932933ecdf3888edd5f569017b26cd2ff9e68f,2026-03-24,Yahoo,1,AAPL,big_tech_cloud,analyst_or_earnings,analyst_valuation,single_ticker,big_tech_cloud__analyst_or_earnings,big_tech_cloud__analyst_or_earnings,mode=hybrid; industry=big_tech_cloud; broad_article_bucket=analyst_or_earnings; article_type=analyst_valuation; ticker_count_bucket=single_ticker; Initial stratum met the minimum size threshold.,Did AirPods Max 2’s Apple Intelligence Push Just Shift Apple’s (AAPL) Investment Narrative?,"Earlier in March, Apple announced AirPods Max 2, an upgraded over-ear headset with stronger noise cancellation, lossless USB-C audio, creator-focused tools, and new AI-enabled features powered by its H2 chip. The launch extends Apple Intelligence beyond iPhone and Mac into premium audio, reinforcing Apple’s ecosystem and adding fresh use cases for professionals and everyday users. We’ll now examine how this extension of Apple Intelligence into AirPods Max 2 could influence the company’s...",firm_specific_analyst_or_valuation,"Analyst, rating, or valuation language appears primarily firm-specific.",big_tech,big_tech_cloud,Linked tickers map cleanly to one competitor group.,"Analyst, rating, or valuation language is present.",Detailed article type maps into the broad analyst-or-earnings bucket.,Article links to a single tracked ticker.,big_tech_cloud__analyst_or_earnings,Initial stratum met the minimum size threshold.,macro_market__macro_policy -> macro_market__other_unclear; macro_market__other_unclear -> other_unclear__other_unclear; other_unclear__firm_event -> other_unclear__other_unclear; big_tech_cloud__other_unclear -> other_unclear__other_unclear; other_unclear__analyst_or_earnings -> other_unclear__other_unclear; semiconductors_ai__other_unclear -> other_unclear__other_unclear,False,False,True,False,False,True,False,False,False,False,False,True,False,False,True,False,False,True,False,False,True,True
a76541355749efc33ecf7b685e35d4bd126e11072b1d12caa4beba8ef652e7dc,2026-03-25,Benzinga,1,AMZN,big_tech_cloud,analyst_or_earnings,analyst_valuation,single_ticker,big_tech_cloud__analyst_or_earnings,big_tech_cloud__analyst_or_earnings,mode=hybrid; industry=big_tech_cloud; broad_article_bucket=analyst_or_earnings; article_type=analyst_valuation; ticker_count_bucket=single_ticker; Initial stratum met the minimum size threshold.,"Tigress Financial Maintains Buy on Amazon.com, Raises Price Target to $315",Tigress Financial  analyst Ivan Feinseth   maintains Amazon.com (NASDAQ:AMZN) with a Buy and raises the price target from $305 to $315.,firm_specific_analyst_or_valuation,"Analyst, rating, or valuation language appears primarily firm-specific.",big_tech,big_tech_cloud,Linked tickers map cleanly to one competitor group.,"Analyst, rating, or valuation language is present.",Detailed article type maps into the broad analyst-or-earnings bucket.,Article links to a single tracked ticker.,big_tech_cloud__analyst_or_earnings,Initial stratum met the minimum size threshold.,macro_market__macro_policy -> macro_market__other_unclear; macro_market__other_unclear -> other_unclear__other_unclear; other_unclear__firm_event -> other_unclear__other_unclear; big_tech_cloud__other_unclear -> other_unclear__other_unclear; other_unclear__analyst_or_earnings -> other_unclear__other_unclear; semiconductors_ai__other_unclear -> other_unclear__other_unclear,False,False,True,False,False,True,False,False,False,False,False,False,False,False,False,False,False,False,False,False,False,True
72554d872d46420ff2078ce75f7586eff190018150a0410bc7a2dd71cfa77f9e,2026-04-24,Yahoo,1,GOOGL,big_tech_cloud,analyst_or_earnings,analyst_valuation,single_ticker,big_tech_cloud__analyst_or_earnings,big_tech_cloud__analyst_or_earnings,mode=hybrid; industry=big_tech_cloud; broad_article_bucket=analyst_or_earnings; article_type=analyst_valuation; ticker_count_bucket=single_ticker; Initial stratum met the minimum size threshold.,"Nvidia stock clinches record close, pushing market cap over $5 trillion once again",Nvidia was on pace for a record-high close as the AI leader and most valuable company in the world crossed the $5 trillion valuation mark again.,firm_specific_analyst_or_valuation,"Analyst, rating, or valuation language appears primarily firm-specific.",big_tech,big_tech_cloud,Linked tickers map cleanly to one competitor group.,"Analyst, rating, or valuation language is present.",Detailed article type maps into the broad analyst-or-earnings bucket.,Article links to a single tracked ticker.,big_tech_cloud__analyst_or_earnings,Initial stratum met the minimum size threshold.,macro_market__macro_policy -> macro_market__other_unclear; macro_market__other_unclear -> other_unclear__other_unclear; other_unclear__firm_event -> other_unclear__other_unclear; big_tech_cloud__other_unclear -> other_unclear__other_unclear; other_unclear__analyst_or_earnings -> other_unclear__other_unclear; semiconductors_ai__other_unclear -> other_unclear__other_unclear,False,False,True,False,False,True,False,False,False,False,False,True,False,False,False,False,False,True,False,False,False,True
d319a43953e459a18f34e4e1baa195c52ab8cfa02b2778ba1d0ad88206e4e076,2026-05-27,SeekingAlpha,1,META,big_tech_cloud,analyst_or_earnings,earnings_guidance,single_ticker,big_tech_cloud__analyst_or_earnings,big_tech_cloud__analyst_or_earnings,mode=hybrid; industry=big_tech_cloud; broad_article_bucket=analyst_or_earnings; article_type=earnings_guidance; ticker_count_bucket=single_ticker; Initial stratum met the minimum size threshold.,Meta Platforms: A Tech Bargain To 'Buy' Now,"Meta Platforms stock remains a ""Buy"" given its recent strong quarter and pile of cash. Here's what investors need to know about META.",firm_specific_earnings_or_guidance,Earnings or guidance language appears tied to one or two linked firms.,big_tech,big_tech_cloud,Linked tickers map cleanly to one competitor group.,Earnings or guidance language is present.,Detailed article type maps into the broad analyst-or-earnings bucket.,Article links to a single tracked ticker.,big_tech_cloud__analyst_or_earnings,Initial stratum met the minimum size threshold.,macro_market__macro_policy -> macro_market__other_unclear; macro_market__other_unclear -> other_unclear__other_unclear; other_unclear__firm_event -> other_unclear__other_unclear; big_tech_cloud__other_unclear -> other_unclear__other_unclear; other_unclear__analyst_or_earnings -> other_unclear__other_unclear; semiconductors_ai__other_unclear -> other_unclear__other_unclear,False,False,True,False,True,False,False,False,False,False,False,False,False,False,False,False,False,False,False,False,False,True
3ba098dd31668de33ce0d0048898a9664034ccbd5fdadf0ab68462be36cb6bbf,2026-05-28,SeekingAlpha,1,MSFT,big_tech_cloud,analyst_or_earnings,earnings_guidance,single_ticker,big_tech_cloud__analyst_or_earnings,big_tech_cloud__analyst_or_earnings,mode=hybrid; industry=big_tech_cloud; broad_article_bucket=analyst_or_earnings; article_type=earnings_guidance; ticker_count_bucket=single_ticker; Initial stratum met the minimum size threshold.,"Microsoft: Not Cheap, But Shares Can Still Move Higher","Microsoft stock remains a ""Buy"" given its Intelligent Cloud and AI-driven growth, strong cash flow, and its 2026 profit outlook. Click to read more on MSFT.",firm_specific_earnings_or_guidance,Earnings or guidance language appears tied to one or two linked firms.,big_tech,big_tech_cloud,Linked tickers map cleanly to one competitor group.,Earnings or guidance language is present.,Detailed article type maps into the broad analyst-or-earnings bucket.,Article links to a single tracked ticker.,big_tech_cloud__analyst_or_earnings,Initial stratum met the minimum size threshold.,macro_market__macro_policy -> macro_market__other_unclear; macro_market__other_unclear -> other_unclear__other_unclear; other_unclear__firm_event -> other_unclear__other_unclear; big_tech_cloud__other_unclear -> other_unclear__other_unclear; other_unclear__analyst_or_earnings -> other_unclear__other_unclear; semiconductors_ai__other_unclear -> other_unclear__other_unclear,False,False,True,False,True,False,False,False,False,False,False,True,False,False,False,False,False,True,False,False,True,True
7c59eaf2259de40c47ac4dc836126ee53995bb474150ccafea0bfdb85eea9886,2025-07-17,Benzinga,2,AAPL;GOOGL,big_tech_cloud,firm_event,product_strategy,multi_ticker,big_tech_cloud__firm_event,big_tech_cloud__firm_event,mode=hybrid; industry=big_tech_cloud; broad_article_bucket=firm_event; article_type=product_strategy; ticker_count_bucket=multi_ticker; Initial stratum met the minimum size threshold.,"Made By Google 2025 Confirmed For August 20: Pixel 10 Lineup, AI-Powered Android 16 And Pixel Watch 4 Set To Headline","Google has confirmed its Made by Google 2025 event for August 20 in NYC, where it will unveil the Pixel 10 lineup, Pixel Watch 4, Android 16.",industry_wide_semiconductors_ai,Industry-linked keywords plus ticker breadth/sector language indicate an industry-wide semiconductors/AI article.,big_tech,big_tech_cloud,Linked tickers map cleanly to one competitor group.,"Product, strategy, contract, management, or firm-specific execution language is present.",Detailed article type maps into the broad firm-event bucket.,Article links to multiple tracked tickers.,big_tech_cloud__firm_event,Initial stratum met the minimum size threshold.,macro_market__macro_policy -> macro_market__other_unclear; macro_market__other_unclear -> other_unclear__other_unclear; other_unclear__firm_event -> other_unclear__other_unclear; big_tech_cloud__other_unclear -> other_unclear__other_unclear; other_unclear__analyst_or_earnings -> other_unclear__other_unclear; semiconductors_ai__other_unclear -> other_unclear__other_unclear,True,False,False,True,False,False,False,False,False,False,False,True,False,False,False,False,False,True,False,False,True,True
57a70b4a1076818f9a060efc361a5852e06ae12923488d069887d18985eba9b0,2025-08-19,Yahoo,4,AAPL;AMZN;GOOGL;META,big_tech_cloud,firm_event,legal_regulatory,multi_ticker,big_tech_cloud__firm_event,big_tech_cloud__firm_event,mode=hybrid; industry=big_tech_cloud; broad_article_bucket=firm_event; article_type=legal_regulatory; ticker_count_bucket=multi_ticker; Initial stratum met the minimum size threshold.,Court should reject HPE-Juniper merger: Former DOJ antitrust deputy,"In a Monday address at the Tech Policy Institute Aspen Forum, ousted DOJ antitrust deputy Roger Alford said lobbyists were allowed to prevail over the rule of law in the review that green-lighted the HPE-Juniper merger.",legal_regulatory_policy,"Legal, court, regulatory, or investigation language is present.",big_tech,big_tech_cloud,Linked tickers map cleanly to one competitor group.,Legal or regulatory language is present.,Detailed article type maps into the broad firm-event bucket.,Article links to multiple tracked tickers.,big_tech_cloud__firm_event,Initial stratum met the minimum size threshold.,macro_market__macro_policy -> macro_market__other_unclear; macro_market__other_unclear -> other_unclear__other_unclear; other_unclear__firm_event -> other_unclear__other_unclear; big_tech_cloud__other_unclear -> other_unclear__other_unclear; other_unclear__analyst_or_earnings -> other_unclear__other_unclear; semiconductors_ai__other_unclear -> other_unclear__other_unclear,True,False,False,True,False,False,True,False,False,False,False,False,False,False,True,False,False,False,False,False,False,True
3931f27497a281e72d86a500673c27c2fafbfe65ebc4e092d7648f07671770d1,2025-09-18,Yahoo,1,META,big_tech_cloud,firm_event,product_strategy,single_ticker,big_tech_cloud__firm_event,big_tech_cloud__firm_event,mode=hybrid; industry=big_tech_cloud; broad_article_bucket=firm_event; article_type=product_strategy; ticker_count_bucket=single_ticker; Initial stratum met the minimum size threshold.,"Meta in talks with Axel Springer, Fox and others on AI news licensing, WSJ reports","The discussions have centred on licensing news and other material for use in Meta's AI products, though some talks remain preliminary and may not result in deals, the report said, citing people familiar with the matter.  A spokesperson for Axel Springer declined to comment while Meta, News Corp, and Fox did not immediately respond to Reuters requests for comment.",firm_specific_product_or_strategy,"The article looks focused on one firm's product, strategy, contract, management, or deal activity.",big_tech,big_tech_cloud,Linked tickers map cleanly to one competitor group.,"Product, strategy, contract, management, or firm-specific execution language is present.",Detailed article type maps into the broad firm-event bucket.,Article links to a single tracked ticker.,big_tech_cloud__firm_event,Initial stratum met the minimum size threshold.,macro_market__macro_policy -> macro_market__other_unclear; macro_market__other_unclear -> other_unclear__other_unclear; other_unclear__firm_event -> other_unclear__other_unclear; big_tech_cloud__other_unclear -> other_unclear__other_unclear; other_unclear__analyst_or_earnings -> other_unclear__other_unclear; semiconductors_ai__other_unclear -> other_unclear__other_unclear,False,False,True,False,False,False,False,False,False,False,False,True,False,False,False,False,False,True,False,False,False,True
da3cb85c183b0a028a8bc5c1573351cd548d0491fbccaa6077ffd786799ec7ca,2025-10-17,Yahoo,1,AAPL,big_tech_cloud,firm_event,product_strategy,single_ticker,big_tech_cloud__firm_event,big_tech_cloud__firm_event,mode=hybrid; industry=big_tech_cloud; broad_article_bucket=firm_event; article_type=product_strategy; ticker_count_bucket=single_ticker; Initial stratum met the minimum size threshold.,Apple Secures Formula One’s U.S. Streaming Rights,"Apple  has signed a five-year deal with Formula One for the U.S. rights to air its races, broadening its menu of live sporting events it will offer on its streaming platform.  Apple TV will begin airing races in 2026.  F1 TV Premium, F1’s own streaming service, will be available to subscribers in the U.S. through Apple TV.",firm_specific_product_or_strategy,"The article looks focused on one firm's product, strategy, contract, management, or deal activity.",big_tech,big_tech_cloud,Linked tickers map cleanly to one competitor group.,"Product, strategy, contract, management, or firm-specific execution language is present.",Detailed article type maps into the broad firm-event bucket.,Article links to a single tracked ticker.,big_tech_cloud__firm_event,Initial stratum met the minimum size threshold.,macro_market__macro_policy -> macro_market__other_unclear; macro_market__other_unclear -> other_unclear__other_unclear; other_unclear__firm_event -> other_unclear__other_unclear; big_tech_cloud__other_unclear -> other_unclear__other_unclear; other_unclear__analyst_or_earnings -> other_unclear__other_unclear; semiconductors_ai__other_unclear -> other_unclear__other_unclear,False,False,True,False,False,False,False,False,False,False,False,True,True,False,False,False,False,False,False,False,False,True
5bd2b51cb35371fdc020b444a0848b89843588ac791d68953e8f53abd967ea73,2025-11-21,Yahoo,1,MSFT,big_tech_cloud,firm_event,product_strategy,single_ticker,big_tech_cloud__firm_event,big_tech_cloud__firm_event,mode=hybrid; industry=big_tech_cloud; broad_article_bucket=firm_event; article_type=product_strategy; ticker_count_bucket=single_ticker; Initial stratum met the minimum size threshold.,How Database Vendor MongoDB Aims To Capitalize On Artificial Intelligence,"As AI redefines what it means to be a database firm, MongoDB stock could get a boost from the software maker's ""nonrelational"" DNA.",firm_specific_product_or_strategy,"The article looks focused on one firm's product, strategy, contract, management, or deal activity.",big_tech,big_tech_cloud,Linked tickers map cleanly to one competitor group.,"Product, strategy, contract, management, or firm-specific execution language is present.",Detailed article type maps into the broad firm-event bucket.,Article links to a single tracked ticker.,big_tech_cloud__firm_event,Initial stratum met the minimum size threshold.,macro_market__macro_policy -> macro_market__other_unclear; macro_market__other_unclear -> other_unclear__other_unclear; other_unclear__firm_event -> other_unclear__other_unclear; big_tech_cloud__other_unclear -> other_unclear__other_unclear; other_unclear__analyst_or_earnings -> other_unclear__other_unclear; semiconductors_ai__other_unclear -> other_unclear__other_unclear,False,False,True,False,False,False,False,False,False,False,False,True,False,False,False,False,False,True,False,False,False,True
deea158891e8c983c882d9563f6ff0006d9a2d2e50fbe12ca0f690a111abf6e3,2026-01-22,Yahoo,1,AMZN,big_tech_cloud,firm_event,product_strategy,single_ticker,big_tech_cloud__firm_event,big_tech_cloud__firm_event,mode=hybrid; industry=big_tech_cloud; broad_article_bucket=firm_event; article_type=product_strategy; ticker_count_bucket=single_ticker; Initial stratum met the minimum size threshold.,Brazil B2C Ecommerce Business Report 2025: Market to Grow by 9.9% to Reach $64.09 Billion - Forecasts to 2029,"Key opportunities in Brazil's ecommerce market include the rise of Pix for instant payments, driving a shift from cards and boletos. Large ecosystems like Mercado Livre and Amazon dominate, focusing on logistics and payment innovations. Cross-border and social commerce offer growth, amid tightening customs regulations. Brazilian B2C Ecommerce Market Brazilian B2C Ecommerce Market Dublin, Jan. 22, 2026 (GLOBE NEWSWIRE) -- The ""Brazil B2C Ecommerce Market Size & Forecast by Value and Volume Across",firm_specific_product_or_strategy,"The article looks focused on one firm's product, strategy, contract, management, or deal activity.",big_tech,big_tech_cloud,Linked tickers map cleanly to one competitor group.,"Product, strategy, contract, management, or firm-specific execution language is present.",Detailed article type maps into the broad firm-event bucket.,Article links to a single tracked ticker.,big_tech_cloud__firm_event,Initial stratum met the minimum size threshold.,macro_market__macro_policy -> macro_market__other_unclear; macro_market__other_unclear -> other_unclear__other_unclear; other_unclear__firm_event -> other_unclear__other_unclear; big_tech_cloud__other_unclear -> other_unclear__other_unclear; other_unclear__analyst_or_earnings -> other_unclear__other_unclear; semiconductors_ai__other_unclear -> other_unclear__other_unclear,False,False,True,False,False,False,False,False,False,False,False,False,False,False,False,False,False,False,False,False,False,True
a44abbcfb28f9e4406b7c65284222a625a7e97c3ee53052b0a5232f0a24d60a2,2026-03-26,Yahoo,1,GOOGL,big_tech_cloud,firm_event,product_strategy,single_ticker,big_tech_cloud__firm_event,big_tech_cloud__firm_event,mode=hybrid; industry=big_tech_cloud; broad_article_bucket=firm_event; article_type=product_strategy; ticker_count_bucket=single_ticker; Initial stratum met the minimum size threshold.,"Sandisk Falls 8%, Micron Drops 5%: Are Analysts Right to Stay Bullish on Memory Stocks?","Sandisk (NASDAQ:SNDK) stock is down 8% in Thursday trading, with shares falling to around $623. Meanwhile, Micron Technology (NASDAQ:MU) stock is sliding roughly 5% to near $364, extending a brutal week for the memory sector. Both stocks have been under pressure all week. Sandisk stock has dropped 18% over the past five trading days, while ... Sandisk Falls 8%, Micron Drops 5%: Are Analysts Right to Stay Bullish on Memory Stocks?",firm_specific_product_or_strategy,"The article looks focused on one firm's product, strategy, contract, management, or deal activity.",big_tech,big_tech_cloud,Linked tickers map cleanly to one competitor group.,"Product, strategy, contract, management, or firm-specific execution language is present.",Detailed article type maps into the broad firm-event bucket.,Article links to a single tracked ticker.,big_tech_cloud__firm_event,Initial stratum met the minimum size threshold.,macro_market__macro_policy -> macro_market__other_unclear; macro_market__other_unclear -> other_unclear__other_unclear; other_unclear__firm_event -> other_unclear__other_unclear; big_tech_cloud__other_unclear -> other_unclear__other_unclear; other_unclear__analyst_or_earnings -> other_unclear__other_unclear; semiconductors_ai__other_unclear -> other_unclear__other_unclear,False,False,False,True,False,False,False,False,False,False,False,True,False,False,False,True,False,False,False,False,False,True
aee1713e8d04220aacc1a86e50a27e1d51623a9788d75b30d5c4ae5dc8c6ebe8,2026-06-17,Yahoo,1,AMZN,big_tech_cloud,firm_event,legal_regulatory,single_ticker,big_tech_cloud__firm_event,big_tech_cloud__firm_event,mode=hybrid; industry=big_tech_cloud; broad_article_bucket=firm_event; article_type=legal_regulatory; ticker_count_bucket=single_ticker; Initial stratum met the minimum size threshold.,Amazon Faces Possible FTC Lawsuit as $68.6 Billion Ad Business Draws Scrutiny,The FTC and state attorneys general are investigating Amazon's advertising disclosures and pricing practices.,legal_regulatory_policy,"Legal, court, regulatory, or investigation language is present.",big_tech,big_tech_cloud,Linked tickers map cleanly to one competitor group.,Legal or regulatory language is present.,Detailed article type maps into the broad firm-event bucket.,Article links to a single tracked ticker.,big_tech_cloud__firm_event,Initial stratum met the minimum size threshold.,macro_market__macro_policy -> macro_market__other_unclear; macro_market__other_unclear -> other_unclear__other_unclear; other_unclear__firm_event -> other_unclear__other_unclear; big_tech_cloud__other_unclear -> other_unclear__other_unclear; other_unclear__analyst_or_earnings -> other_unclear__other_unclear; semiconductors_ai__other_unclear -> other_unclear__other_unclear,False,False,True,False,False,False,True,False,False,False,False,False,False,False,False,False,False,False,False,False,False,True
2faa7c55a7c14d501a6a3330c93d8ee2f9f332c5f0803ba0ff16983cea3b2f40,2025-07-16,Yahoo,1,AAPL,big_tech_cloud,macro_policy,macro_policy,single_ticker,big_tech_cloud__macro_policy,big_tech_cloud__macro_policy,mode=hybrid; industry=big_tech_cloud; broad_article_bucket=macro_policy; article_type=macro_policy; ticker_count_bucket=single_ticker; Initial stratum met the minimum size threshold.,"Indonesia to Face 19% Tariff and Buy 50 Boeing Jets, Trump Says","(Bloomberg) -- President Donald Trump said he reached a deal with Indonesia that will tariff its goods at 19%, adding that the Southeast Asian nation agreed to erase all duties on US imports and buy more than $19 billion of American products including 50 Boeing Co. jets.Most Read from BloombergThe Dutch Intersection Is Coming to Save Your LifeAdvocates Fear US Agents Are Using ‘Wellness Checks’ on Children as a Prelude to ArrestsLA Homelessness Drops for Second YearManhattan, Chicago Murder Rate",macro_market_rates_tariffs_oil,"Macro or policy language such as rates, tariffs, oil, or inflation is present.",big_tech,big_tech_cloud,Linked tickers map cleanly to one competitor group.,Macro or policy language is present.,Detailed article type stays in the macro-policy bucket.,Article links to a single tracked ticker.,big_tech_cloud__macro_policy,Initial stratum met the minimum size threshold.,macro_market__macro_policy -> macro_market__other_unclear; macro_market__other_unclear -> other_unclear__other_unclear; other_unclear__firm_event -> other_unclear__other_unclear; big_tech_cloud__other_unclear -> other_unclear__other_unclear; other_unclear__analyst_or_earnings -> other_unclear__other_unclear; semiconductors_ai__other_unclear -> other_unclear__other_unclear,False,False,True,False,False,False,False,True,False,False,False,False,True,False,False,False,False,False,False,False,False,True
cc8512ed4b3f15cee0f97aa27f177ab55a7655ef2ddd61c5967d20831186034d,2025-07-16,Yahoo,1,GOOGL,big_tech_cloud,macro_policy,macro_policy,single_ticker,big_tech_cloud__macro_policy,big_tech_cloud__macro_policy,mode=hybrid; industry=big_tech_cloud; broad_article_bucket=macro_policy; article_type=macro_policy; ticker_count_bucket=single_ticker; Initial stratum met the minimum size threshold.,Huawei Tops China Smartphone Market for First Time in Years,"(Bloomberg) -- Huawei Technologies Co. took the top spot in China’s smartphone market for the first time in more than four years, a comeback fueled by new designs and software that appealed to users in a slowing market.Most Read from BloombergThe Dutch Intersection Is Coming to Save Your LifeAdvocates Fear US Agents Are Using ‘Wellness Checks’ on Children as a Prelude to ArrestsLA Homelessness Drops for Second YearManhattan, Chicago Murder Rates Drop in 2025, Officials SayThe hardware giant held",macro_market_rates_tariffs_oil,"Macro or policy language such as rates, tariffs, oil, or inflation is present.",big_tech,big_tech_cloud,Linked tickers map cleanly to one competitor group.,Macro or policy language is present.,Detailed article type stays in the macro-policy bucket.,Article links to a single tracked ticker.,big_tech_cloud__macro_policy,Initial stratum met the minimum size threshold.,macro_market__macro_policy -> macro_market__other_unclear; macro_market__other_unclear -> other_unclear__other_unclear; other_unclear__firm_event -> other_unclear__other_unclear; big_tech_cloud__other_unclear -> other_unclear__other_unclear; other_unclear__analyst_or_earnings -> other_unclear__other_unclear; semiconductors_ai__other_unclear -> other_unclear__other_unclear,False,False,True,False,False,False,False,True,False,False,False,True,False,False,False,False,False,False,False,False,False,True
1217492e18f3332fb9e7bfe106b7d90e3966bad349761886ad441e222ecff4d2,2025-07-19,Yahoo,1,AAPL,big_tech_cloud,macro_policy,macro_policy,single_ticker,big_tech_cloud__macro_policy,big_tech_cloud__macro_policy,mode=hybrid; industry=big_tech_cloud; broad_article_bucket=macro_policy; article_type=macro_policy; ticker_count_bucket=single_ticker; Initial stratum met the minimum size threshold.,"If You Buy Apple With $10,000 in 2025, Will You Become a Millionaire in 10 Years?","Apple's ability to introduce inventive products and easy-to-use software has created a loyal following among consumers across the globe.  Worries about tariffs and slow progress with artificial intelligence (AI) might be the key factors on the minds of investors these days.  If you buy Apple shares today with $10,000, will that starting sum turn into $1 million by 2035?",macro_market_rates_tariffs_oil,"Macro or policy language such as rates, tariffs, oil, or inflation is present.",big_tech,big_tech_cloud,Linked tickers map cleanly to one competitor group.,Macro or policy language is present.,Detailed article type stays in the macro-policy bucket.,Article links to a single tracked ticker.,big_tech_cloud__macro_policy,Initial stratum met the minimum size threshold.,macro_market__macro_policy -> macro_market__other_unclear; macro_market__other_unclear -> other_unclear__other_unclear; other_unclear__firm_event -> other_unclear__other_unclear; big_tech_cloud__other_unclear -> other_unclear__other_unclear; other_unclear__analyst_or_earnings -> other_unclear__other_unclear; semiconductors_ai__other_unclear -> other_unclear__other_unclear,False,False,True,False,False,False,False,True,False,False,False,True,False,False,False,False,False,True,False,False,False,True
e61b6b117259ea6d1caf540476ad866ef4b289a0eebc2ceb1ce0255644b9a429,2025-09-15,Yahoo,1,AMZN,big_tech_cloud,macro_policy,macro_policy,single_ticker,big_tech_cloud__macro_policy,big_tech_cloud__macro_policy,mode=hybrid; industry=big_tech_cloud; broad_article_bucket=macro_policy; article_type=macro_policy; ticker_count_bucket=single_ticker; Initial stratum met the minimum size threshold.,Can a Fed Rate Cut Boost the Magnificent Seven to New Heights?,"In a note last week, JPMorgan’s Andrew Tyler wrote that macro conditions could turn a widely-expected rate cut into a ""sell the news"" event.",macro_market_rates_tariffs_oil,"Macro or policy language such as rates, tariffs, oil, or inflation is present.",big_tech,big_tech_cloud,Linked tickers map cleanly to one competitor group.,Macro or policy language is present.,Detailed article type stays in the macro-policy bucket.,Article links to a single tracked ticker.,big_tech_cloud__macro_policy,Initial stratum met the minimum size threshold.,macro_market__macro_policy -> macro_market__other_unclear; macro_market__other_unclear -> other_unclear__other_unclear; other_unclear__firm_event -> other_unclear__other_unclear; big_tech_cloud__other_unclear -> other_unclear__other_unclear; other_unclear__analyst_or_earnings -> other_unclear__other_unclear; semiconductors_ai__other_unclear -> other_unclear__other_unclear,False,False,True,False,False,False,False,True,False,False,False,False,False,False,False,False,False,False,False,False,False,True
f90f1b4fabee0539bcc86e1cd2249399800e8908b8b63cf1a271213c3123577a,2026-01-20,CNBC,1,META,big_tech_cloud,macro_policy,macro_policy,single_ticker,big_tech_cloud__macro_policy,big_tech_cloud__macro_policy,mode=hybrid; industry=big_tech_cloud; broad_article_bucket=macro_policy; article_type=macro_policy; ticker_count_bucket=single_ticker; Initial stratum met the minimum size threshold.,Meta’s Nicola Mendelsohn on AI race and Australia’s social media ban,"The Head of Global Business Group sits down with CNBC’s Tania Bryer at the World Economic Forum in Davos to talk about how the tech giant is ‘all-in’ on AI, the latest on the metaverse and her thoughts on the social media ban for teens.",macro_market_rates_tariffs_oil,"Macro or policy language such as rates, tariffs, oil, or inflation is present.",big_tech,big_tech_cloud,Linked tickers map cleanly to one competitor group.,Macro or policy language is present.,Detailed article type stays in the macro-policy bucket.,Article links to a single tracked ticker.,big_tech_cloud__macro_policy,Initial stratum met the minimum size threshold.,macro_market__macro_policy -> macro_market__other_unclear; macro_market__other_unclear -> other_unclear__other_unclear; other_unclear__firm_event -> other_unclear__other_unclear; big_tech_cloud__other_unclear -> other_unclear__other_unclear; other_unclear__analyst_or_earnings -> other_unclear__other_unclear; semiconductors_ai__other_unclear -> other_unclear__other_unclear,False,False,True,False,False,False,False,True,False,False,False,True,False,False,False,False,False,True,False,False,False,True
e9c5de52e834e6f652a0e2088d7e14ef30c8b99703bfacca4fcf4456a427fcdd,2026-01-22,Yahoo,1,AAPL,big_tech_cloud,macro_policy,macro_policy,single_ticker,big_tech_cloud__macro_policy,big_tech_cloud__macro_policy,mode=hybrid; industry=big_tech_cloud; broad_article_bucket=macro_policy; article_type=macro_policy; ticker_count_bucket=single_ticker; Initial stratum met the minimum size threshold.,"Gold price to hit $5,400 this year, says Goldman Sachs",Gold prices stabilised after US president Donald Trump retreated from using tariffs to pressure Denmark over Greenland.,macro_market_rates_tariffs_oil,"Macro or policy language such as rates, tariffs, oil, or inflation is present.",big_tech,big_tech_cloud,Linked tickers map cleanly to one competitor group.,Macro or policy language is present.,Detailed article type stays in the macro-policy bucket.,Article links to a single tracked ticker.,big_tech_cloud__macro_policy,Initial stratum met the minimum size threshold.,macro_market__macro_policy -> macro_market__other_unclear; macro_market__other_unclear -> other_unclear__other_unclear; other_unclear__firm_event -> other_unclear__other_unclear; big_tech_cloud__other_unclear -> other_unclear__other_unclear; other_unclear__analyst_or_earnings -> other_unclear__other_unclear; semiconductors_ai__other_unclear -> other_unclear__other_unclear,False,False,True,False,False,False,False,True,False,False,False,False,False,False,False,False,False,False,False,False,False,True
3adb3c1dbebfc5d4c5441912369ae2e1bc4cf3b204b7c06152769edd49e5df30,2026-01-23,Yahoo,2,AAPL;GOOGL,big_tech_cloud,macro_policy,macro_policy,multi_ticker,big_tech_cloud__macro_policy,big_tech_cloud__macro_policy,mode=hybrid; industry=big_tech_cloud; broad_article_bucket=macro_policy; article_type=macro_policy; ticker_count_bucket=multi_ticker; Initial stratum met the minimum size threshold.,"Lenovo looking to partner with multiple AI models, CFO says","Lenovo is seeking partnerships with multiple large language models around the world to power its ​devices as it aims to establish itself as a global AI ‌player, the company's chief financial officer said.  Lenovo, the world's largest personal computer maker, plans to equip its ‌broad range of products - from PCs to smartphones and wearables - with AI technology.  ""We are the only company besides Apple with significant market share across both ⁠PCs and mobiles, and in ‌the open Android and Windows ecosystems,"" Lenovo CFO Winston Cheng told Reuters on the sidelines of the World Economic Forum in ‍Davos.",macro_market_rates_tariffs_oil,"Macro or policy language such as rates, tariffs, oil, or inflation is present.",big_tech,big_tech_cloud,Linked tickers map cleanly to one competitor group.,Macro or policy language is present.,Detailed article type stays in the macro-policy bucket.,Article links to multiple tracked tickers.,big_tech_cloud__macro_policy,Initial stratum met the minimum size threshold.,macro_market__macro_policy -> macro_market__other_unclear; macro_market__other_unclear -> other_unclear__other_unclear; other_unclear__firm_event -> other_unclear__other_unclear; big_tech_cloud__other_unclear -> other_unclear__other_unclear; other_unclear__analyst_or_earnings -> other_unclear__other_unclear; semiconductors_ai__other_unclear -> other_unclear__other_unclear,True,False,False,True,False,False,False,True,False,False,False,True,False,True,False,True,False,True,False,False,True,True
a61b09cf4fced0ebf4fada8d832931e8507efa6086188ce524e52b2149178da4,2026-05-27,Yahoo,1,MSFT,big_tech_cloud,macro_policy,macro_policy,single_ticker,big_tech_cloud__macro_policy,big_tech_cloud__macro_policy,mode=hybrid; industry=big_tech_cloud; broad_article_bucket=macro_policy; article_type=macro_policy; ticker_count_bucket=single_ticker; Initial stratum met the minimum size threshold.,"Juneteenth Event Connects CUNY, HBCUs and Big Tech on Black Economic Power and Ownership","The Excellence in Leadership Tour: Juneteenth will focus on ""Black Innovation. Collective Power. Generational Wealth."" NEW YORK CITY, NY / ACCESS Newswire / May 27, 2026 / The Excellence in Leadership Tour: Juneteenth is an immersive convening that ...",macro_market_rates_tariffs_oil,"Macro or policy language such as rates, tariffs, oil, or inflation is present.",big_tech,big_tech_cloud,Linked tickers map cleanly to one competitor group.,Macro or policy language is present.,Detailed article type stays in the macro-policy bucket.,Article links to a single tracked ticker.,big_tech_cloud__macro_policy,Initial stratum met the minimum size threshold.,macro_market__macro_policy -> macro_market__other_unclear; macro_market__other_unclear -> other_unclear__other_unclear; other_unclear__firm_event -> other_unclear__other_unclear; big_tech_cloud__other_unclear -> other_unclear__other_unclear; other_unclear__analyst_or_earnings -> other_unclear__other_unclear; semiconductors_ai__other_unclear -> other_unclear__other_unclear,False,False,True,False,False,False,False,True,False,False,False,False,False,True,False,False,False,False,False,False,False,True
f14cf1755ee7eb7ba97f9aed48402eb524de4a06c90d86fbdf0dee8e378cc807,2025-09-18,Yahoo,3,AMZN;GOOGL;MSFT,big_tech_cloud,market_roundup_or_advice,market_roundup,multi_ticker,big_tech_cloud__market_roundup_or_advice,big_tech_cloud__market_roundup_or_advice,mode=hybrid; industry=big_tech_cloud; broad_article_bucket=market_roundup_or_advice; article_type=market_roundup; ticker_count_bucket=multi_ticker; Initial stratum met the minimum size threshold.,Wall Street Sees Oracle Taking Run At Cloud's 'Big Three' With AI Growth Targets,"The cloud-computing era for enterprise tech has been dominated by a ""Big Three"" of tech giants: Amazon, Microsoft and Google parent company Alphabet.  With AI demand supercharging growth for Oracle's cloud business, some stock analysts predict that the database tech stalwart will soon disrupt the status quo.  Oracle stock posted its best single-day this century on Sept. 10, a day after reporting its fiscal Q1 results.",investment_advice_etf_roundup_or_unclear,Advice/ETF/market-roundup language dominates the article text.,big_tech,big_tech_cloud,Linked tickers map cleanly to one competitor group.,Market roundup or broad market language is present.,Detailed article type maps into the broad market-roundup-or-advice bucket.,Article links to multiple tracked tickers.,big_tech_cloud__market_roundup_or_advice,Initial stratum met the minimum size threshold.,macro_market__macro_policy -> macro_market__other_unclear; macro_market__other_unclear -> other_unclear__other_unclear; other_unclear__firm_event -> other_unclear__other_unclear; big_tech_cloud__other_unclear -> other_unclear__other_unclear; other_unclear__analyst_or_earnings -> other_unclear__other_unclear; semiconductors_ai__other_unclear -> other_unclear__other_unclear,True,False,False,True,False,False,False,False,False,False,True,True,False,False,False,False,False,True,False,False,True,True
ee0d2aaa243cbde4c6f54c7d42790100c246a605a02da7b7c9e6201ab05c8c45,2025-09-21,Yahoo,1,META,big_tech_cloud,market_roundup_or_advice,investment_advice_etf,single_ticker,big_tech_cloud__market_roundup_or_advice,big_tech_cloud__market_roundup_or_advice,mode=hybrid; industry=big_tech_cloud; broad_article_bucket=market_roundup_or_advice; article_type=investment_advice_etf; ticker_count_bucket=single_ticker; Initial stratum met the minimum size threshold.,Meta Platforms (META) Highlights AI and Superintelligence Investments at Goldman Sachs Conference,"Meta Platforms, Inc. (NASDAQ:META) ranks among the best fundamental stocks to buy right now. On September 9, Meta Platforms, Inc. (NASDAQ:META) became the central draw at the Goldman Sachs Communicopia + Technology Conference 2025. A strategic picture of Meta’s future was provided at the conference, which highlighted both possible obstacles and encouraging developments. The company […]",investment_advice_etf_roundup_or_unclear,Advice/ETF/market-roundup language dominates the article text.,big_tech,big_tech_cloud,Linked tickers map cleanly to one competitor group.,Investment-advice or ETF language is present.,Detailed article type maps into the broad market-roundup-or-advice bucket.,Article links to a single tracked ticker.,big_tech_cloud__market_roundup_or_advice,Initial stratum met the minimum size threshold.,macro_market__macro_policy -> macro_market__other_unclear; macro_market__other_unclear -> other_unclear__other_unclear; other_unclear__firm_event -> other_unclear__other_unclear; big_tech_cloud__other_unclear -> other_unclear__other_unclear; other_unclear__analyst_or_earnings -> other_unclear__other_unclear; semiconductors_ai__other_unclear -> other_unclear__other_unclear,False,False,True,False,False,False,False,False,True,False,False,True,False,False,False,False,False,True,False,False,False,True
39b634abb468e438ccd77f19da6762bad0d0b4acbe1929c3d04ee5642153dec4,2025-10-21,Yahoo,1,AMZN,big_tech_cloud,market_roundup_or_advice,market_roundup,single_ticker,big_tech_cloud__market_roundup_or_advice,big_tech_cloud__market_roundup_or_advice,mode=hybrid; industry=big_tech_cloud; broad_article_bucket=market_roundup_or_advice; article_type=market_roundup; ticker_count_bucket=single_ticker; Initial stratum met the minimum size threshold.,Jeff Bezos siblings' Amazon stake now worth over $1B — 2 ways to get rich outside of the S&P 500,What will be your investing legacy?,investment_advice_etf_roundup_or_unclear,Advice/ETF/market-roundup language dominates the article text.,big_tech,big_tech_cloud,Linked tickers map cleanly to one competitor group.,Market roundup or broad market language is present.,Detailed article type maps into the broad market-roundup-or-advice bucket.,Article links to a single tracked ticker.,big_tech_cloud__market_roundup_or_advice,Initial stratum met the minimum size threshold.,macro_market__macro_policy -> macro_market__other_unclear; macro_market__other_unclear -> other_unclear__other_unclear; other_unclear__firm_event -> other_unclear__other_unclear; big_tech_cloud__other_unclear -> other_unclear__other_unclear; other_unclear__analyst_or_earnings -> other_unclear__other_unclear; semiconductors_ai__other_unclear -> other_unclear__other_unclear,False,False,False,True,False,False,False,False,False,False,True,False,False,False,True,False,False,False,False,False,False,True
e3ac9da1cea8845e810695116d8d7b96b051a3880aa23cc0d0c151ff0828a002,2025-12-23,Yahoo,1,AAPL,big_tech_cloud,market_roundup_or_advice,investment_advice_etf,single_ticker,big_tech_cloud__market_roundup_or_advice,big_tech_cloud__market_roundup_or_advice,mode=hybrid; industry=big_tech_cloud; broad_article_bucket=market_roundup_or_advice; article_type=investment_advice_etf; ticker_count_bucket=single_ticker; Initial stratum met the minimum size threshold.,Apple Just Released a New AI Model. Should You Buy AAPL Stock Here?,Apple’s AI breakthrough is turning heads on Wall Street while SHARP signals a deeper shift toward software-driven innovation. Is AAPL a buy now?,investment_advice_etf_roundup_or_unclear,Advice/ETF/market-roundup language dominates the article text.,big_tech,big_tech_cloud,Linked tickers map cleanly to one competitor group.,Investment-advice or ETF language is present.,Detailed article type maps into the broad market-roundup-or-advice bucket.,Article links to a single tracked ticker.,big_tech_cloud__market_roundup_or_advice,Initial stratum met the minimum size threshold.,macro_market__macro_policy -> macro_market__other_unclear; macro_market__other_unclear -> other_unclear__other_unclear; other_unclear__firm_event -> other_unclear__other_unclear; big_tech_cloud__other_unclear -> other_unclear__other_unclear; other_unclear__analyst_or_earnings -> other_unclear__other_unclear; semiconductors_ai__other_unclear -> other_unclear__other_unclear,False,False,False,True,False,False,False,False,True,False,True,True,False,False,False,False,False,True,False,False,False,True
cac65aa43e1f78acbbe45037ef353125a6e459bb27e6b948c6fc17451e58548f,2026-01-24,Yahoo,1,AMZN,big_tech_cloud,market_roundup_or_advice,investment_advice_etf,single_ticker,big_tech_cloud__market_roundup_or_advice,big_tech_cloud__market_roundup_or_advice,mode=hybrid; industry=big_tech_cloud; broad_article_bucket=market_roundup_or_advice; article_type=investment_advice_etf; ticker_count_bucket=single_ticker; Initial stratum met the minimum size threshold.,Amazon.com (AMZN)’s E-Commerce Platform Faces Tariff-Related Price Spikes,"Amazon.com, Inc. (NASDAQ:AMZN) is included in our list of the best stocks to buy and hold for 20 years. In January, Amazon.com, Inc. (NASDAQ:AMZN)’s growth narrative is a mix of short-term pressure and longer-term infrastructure positioning. On January 20, 2026, Reuters reported that Amazon.com, Inc. (NASDAQ:AMZN) is now seeing tariff-related price spikes on its e-commerce […]",investment_advice_etf_roundup_or_unclear,Advice/ETF/market-roundup language dominates the article text.,big_tech,big_tech_cloud,Linked tickers map cleanly to one competitor group.,Investment-advice or ETF language is present.,Detailed article type maps into the broad market-roundup-or-advice bucket.,Article links to a single tracked ticker.,big_tech_cloud__market_roundup_or_advice,Initial stratum met the minimum size threshold.,macro_market__macro_policy -> macro_market__other_unclear; macro_market__other_unclear -> other_unclear__other_unclear; other_unclear__firm_event -> other_unclear__other_unclear; big_tech_cloud__other_unclear -> other_unclear__other_unclear; other_unclear__analyst_or_earnings -> other_unclear__other_unclear; semiconductors_ai__other_unclear -> other_unclear__other_unclear,False,False,True,False,False,False,False,True,True,False,False,True,False,False,False,False,False,False,False,False,True,True
383290632337c27afba74f211238fe79d2f8b6c3bd6ec6dcb2c7370de68cfbe8,2026-03-24,CNBC,1,AAPL,big_tech_cloud,market_roundup_or_advice,investment_advice_etf,single_ticker,big_tech_cloud__market_roundup_or_advice,big_tech_cloud__market_roundup_or_advice,mode=hybrid; industry=big_tech_cloud; broad_article_bucket=market_roundup_or_advice; article_type=investment_advice_etf; ticker_count_bucket=single_ticker; Initial stratum met the minimum size threshold.,Trade Tracker: Joe Terranova buys Apple and the Gold ETF (GLD),"Joe Terranova, Senior Managing Director for Virtus Investment Partners, joins CNBC's ""Halftime Report"" to detail his latest buys.",investment_advice_etf_roundup_or_unclear,Advice/ETF/market-roundup language dominates the article text.,big_tech,big_tech_cloud,Linked tickers map cleanly to one competitor group.,Investment-advice or ETF language is present.,Detailed article type maps into the broad market-roundup-or-advice bucket.,Article links to a single tracked ticker.,big_tech_cloud__market_roundup_or_advice,Initial stratum met the minimum size threshold.,macro_market__macro_policy -> macro_market__other_unclear; macro_market__other_unclear -> other_unclear__other_unclear; other_unclear__firm_event -> other_unclear__other_unclear; big_tech_cloud__other_unclear -> other_unclear__other_unclear; other_unclear__analyst_or_earnings -> other_unclear__other_unclear; semiconductors_ai__other_unclear -> other_unclear__other_unclear,False,False,True,False,False,False,False,False,False,True,False,False,False,True,True,False,False,False,False,False,False,True
a4db3e9bb808bcd419de5f7f307c84c3f4987488e4b5e8ce14f0f6c71d73f9f7,2026-04-25,Yahoo,1,AMZN,big_tech_cloud,market_roundup_or_advice,investment_advice_etf,single_ticker,big_tech_cloud__market_roundup_or_advice,big_tech_cloud__market_roundup_or_advice,mode=hybrid; industry=big_tech_cloud; broad_article_bucket=market_roundup_or_advice; article_type=investment_advice_etf; ticker_count_bucket=single_ticker; Initial stratum met the minimum size threshold.,"California Claims that Amazon’s (AMZN) Collusion Drove up Consumer Prices, Citing New Evidence","Amazon.com, Inc. (NASDAQ:AMZN) is one of the 8 Best AI Stocks to Buy According to Billionaire Ken Griffin. On April 20, 2026, Reuters reported that California accused Amazon.com, Inc. (NASDAQ:AMZN) of collaborating with retailers to drive up consumer prices, referring to newly released evidence in a 3-1/2-year antitrust action led by Attorney General Rob Bonta. […]",investment_advice_etf_roundup_or_unclear,Advice/ETF/market-roundup language dominates the article text.,big_tech,big_tech_cloud,Linked tickers map cleanly to one competitor group.,Investment-advice or ETF language is present.,Detailed article type maps into the broad market-roundup-or-advice bucket.,Article links to a single tracked ticker.,big_tech_cloud__market_roundup_or_advice,Initial stratum met the minimum size threshold.,macro_market__macro_policy -> macro_market__other_unclear; macro_market__other_unclear -> other_unclear__other_unclear; other_unclear__firm_event -> other_unclear__other_unclear; big_tech_cloud__other_unclear -> other_unclear__other_unclear; other_unclear__analyst_or_earnings -> other_unclear__other_unclear; semiconductors_ai__other_unclear -> other_unclear__other_unclear,False,False,True,False,False,False,True,False,True,False,False,True,False,False,False,False,False,True,False,False,False,True
e2dfcdcab9a5a251b919e3ec96eec2554f8038d4c3151281124710e7bc6248bb,2026-05-26,Yahoo,1,GOOGL,big_tech_cloud,market_roundup_or_advice,market_roundup,single_ticker,big_tech_cloud__market_roundup_or_advice,big_tech_cloud__market_roundup_or_advice,mode=hybrid; industry=big_tech_cloud; broad_article_bucket=market_roundup_or_advice; article_type=market_roundup; ticker_count_bucket=single_ticker; Initial stratum met the minimum size threshold.,"Ex-bankers charge $25,000 a day to teach Wall Street AI","Felipe Sinisterra and Dave Wang, former SoftBank fund managers, founded Wall Street Prompt in July 2025 and are already booked two months out",investment_advice_etf_roundup_or_unclear,Advice/ETF/market-roundup language dominates the article text.,big_tech,big_tech_cloud,Linked tickers map cleanly to one competitor group.,Market roundup or broad market language is present.,Detailed article type maps into the broad market-roundup-or-advice bucket.,Article links to a single tracked ticker.,big_tech_cloud__market_roundup_or_advice,Initial stratum met the minimum size threshold.,macro_market__macro_policy -> macro_market__other_unclear; macro_market__other_unclear -> other_unclear__other_unclear; other_unclear__firm_event -> other_unclear__other_unclear; big_tech_cloud__other_unclear -> other_unclear__other_unclear; other_unclear__analyst_or_earnings -> other_unclear__other_unclear; semiconductors_ai__other_unclear -> other_unclear__other_unclear,False,False,False,True,False,False,False,False,False,False,True,True,False,False,False,False,False,True,False,False,False,True
c5aeaf4a15c9e38a12bf439fe6ac5e88736e199408b9d1edf56ddf7dcfa6fe6a,2025-07-18,Yahoo,2,C;NVDA,other_unclear,market_roundup_or_advice,market_roundup,multi_ticker,other_unclear__market_roundup_or_advice,other_unclear__market_roundup_or_advice,mode=hybrid; industry=other_unclear; broad_article_bucket=market_roundup_or_advice; article_type=market_roundup; ticker_count_bucket=multi_ticker; Initial stratum met the minimum size threshold.,"The Score: Norfolk Southern, Citigroup, Nvidia and More Stocks That Defined the Week","The U.S. may be getting closer to a transcontinental railroad.  Railroad operator  Union Pacific  is holding talks to acquire its smaller rival  Norfolk Southern  The Wall Street Journal reported Thursday.  In the U.S., no railroad operator currently has a network running coast-to-coast.",investment_advice_etf_roundup_or_unclear,Advice/ETF/market-roundup language dominates the article text.,banks;semiconductors,banks_finance;semiconductors_ai,Multiple linked competitor groups appear without one dominant industry signal.,Market roundup or broad market language is present.,Detailed article type maps into the broad market-roundup-or-advice bucket.,Article links to multiple tracked tickers.,other_unclear__market_roundup_or_advice,Initial stratum met the minimum size threshold.,macro_market__macro_policy -> macro_market__other_unclear; macro_market__other_unclear -> other_unclear__other_unclear; other_unclear__firm_event -> other_unclear__other_unclear; big_tech_cloud__other_unclear -> other_unclear__other_unclear; other_unclear__analyst_or_earnings -> other_unclear__other_unclear; semiconductors_ai__other_unclear -> other_unclear__other_unclear,True,True,False,True,False,False,False,False,False,False,True,False,False,False,True,False,False,False,False,False,False,True
baa4af09c3cb21e544968af4fe7b59f74f733088b755550eb91f8aa577dd01b6,2025-08-13,SeekingAlpha,4,AVGO;BAC;JPM;WFC,other_unclear,market_roundup_or_advice,investment_advice_etf,multi_ticker,other_unclear__market_roundup_or_advice,other_unclear__market_roundup_or_advice,mode=hybrid; industry=other_unclear; broad_article_bucket=market_roundup_or_advice; article_type=investment_advice_etf; ticker_count_bucket=multi_ticker; Initial stratum met the minimum size threshold.,My Dividend Stock Portfolio: New July Dividend Record - 100 Holdings With 12 Buys,"See here for more on July's investment insights: record-breaking dividends, high-yield BDCs, and strategies for steady income growth.",investment_advice_etf_roundup_or_unclear,Advice/ETF/market-roundup language dominates the article text.,semiconductors;banks,semiconductors_ai;banks_finance,Multiple linked competitor groups appear without one dominant industry signal.,Investment-advice or ETF language is present.,Detailed article type maps into the broad market-roundup-or-advice bucket.,Article links to multiple tracked tickers.,other_unclear__market_roundup_or_advice,Initial stratum met the minimum size threshold.,macro_market__macro_policy -> macro_market__other_unclear; macro_market__other_unclear -> other_unclear__other_unclear; other_unclear__firm_event -> other_unclear__other_unclear; big_tech_cloud__other_unclear -> other_unclear__other_unclear; other_unclear__analyst_or_earnings -> other_unclear__other_unclear; semiconductors_ai__other_unclear -> other_unclear__other_unclear,True,True,False,True,False,False,False,False,True,False,False,False,False,False,True,False,False,False,False,False,False,True
bb6860cf0b98b834e01eda5519976e6cb476ac290ee9335fc5c56a3d122d8878,2025-09-18,SeekingAlpha,2,AAPL;INTC,other_unclear,market_roundup_or_advice,market_roundup,multi_ticker,other_unclear__market_roundup_or_advice,other_unclear__market_roundup_or_advice,mode=hybrid; industry=other_unclear; broad_article_bucket=market_roundup_or_advice; article_type=market_roundup; ticker_count_bucket=multi_ticker; Initial stratum met the minimum size threshold.,Where Are We Now,"US stock market is at bubble highs. Learn why experts urge caution, Buffett is selling, and which safe-haven assets to consider.",investment_advice_etf_roundup_or_unclear,Advice/ETF/market-roundup language dominates the article text.,big_tech;semiconductors,big_tech_cloud;semiconductors_ai,Multiple linked competitor groups appear without one dominant industry signal.,Market roundup or broad market language is present.,Detailed article type maps into the broad market-roundup-or-advice bucket.,Article links to multiple tracked tickers.,other_unclear__market_roundup_or_advice,Initial stratum met the minimum size threshold.,macro_market__macro_policy -> macro_market__other_unclear; macro_market__other_unclear -> other_unclear__other_unclear; other_unclear__firm_event -> other_unclear__other_unclear; big_tech_cloud__other_unclear -> other_unclear__other_unclear; other_unclear__analyst_or_earnings -> other_unclear__other_unclear; semiconductors_ai__other_unclear -> other_unclear__other_unclear,True,True,False,True,False,False,False,False,False,False,True,False,False,False,False,False,False,False,False,False,False,True
71fb3bf6489d7f0b18f37ab87dabd2f330918c7824b31e899b5c4af875fe17a2,2025-10-31,SeekingAlpha,2,QCOM;UAL,other_unclear,market_roundup_or_advice,investment_advice_etf,multi_ticker,other_unclear__market_roundup_or_advice,other_unclear__market_roundup_or_advice,mode=hybrid; industry=other_unclear; broad_article_bucket=market_roundup_or_advice; article_type=investment_advice_etf; ticker_count_bucket=multi_ticker; Initial stratum met the minimum size threshold.,SPLG: S&P 500 Dashboard For November,"SPDRÂ® Portfolio S&P 500Â® ETF has a cheaper expense ratio than SPY and a lower share price, offering more flexibility for small investors. Click for my SPLG update.",investment_advice_etf_roundup_or_unclear,Advice/ETF/market-roundup language dominates the article text.,semiconductors;airlines,semiconductors_ai;airlines_travel,Multiple linked competitor groups appear without one dominant industry signal.,Investment-advice or ETF language is present.,Detailed article type maps into the broad market-roundup-or-advice bucket.,Article links to multiple tracked tickers.,other_unclear__market_roundup_or_advice,Initial stratum met the minimum size threshold.,macro_market__macro_policy -> macro_market__other_unclear; macro_market__other_unclear -> other_unclear__other_unclear; other_unclear__firm_event -> other_unclear__other_unclear; big_tech_cloud__other_unclear -> other_unclear__other_unclear; other_unclear__analyst_or_earnings -> other_unclear__other_unclear; semiconductors_ai__other_unclear -> other_unclear__other_unclear,True,True,False,True,False,False,False,False,False,True,True,False,False,False,False,False,False,False,False,False,False,True
d0b396c102508a8216d29620e8c818823e2e2a6e1bdacacac29c57140fb2a8ad,2026-02-24,Yahoo,5,AAPL;AMZN;GOOGL;INTC;NVDA,other_unclear,market_roundup_or_advice,investment_advice_etf,multi_ticker,other_unclear__market_roundup_or_advice,other_unclear__market_roundup_or_advice,mode=hybrid; industry=other_unclear; broad_article_bucket=market_roundup_or_advice; article_type=investment_advice_etf; ticker_count_bucket=multi_ticker; Initial stratum met the minimum size threshold.,"1 Unstoppable Stock to Buy Before it Joins Nvidia, Apple, and Alphabet in the $3 Trillion Club","After being essentially flat over the past year, Amazon is poised for a breakout.",investment_advice_etf_roundup_or_unclear,Advice/ETF/market-roundup language dominates the article text.,big_tech;semiconductors,big_tech_cloud;semiconductors_ai,Multiple linked competitor groups appear without one dominant industry signal.,Investment-advice or ETF language is present.,Detailed article type maps into the broad market-roundup-or-advice bucket.,Article links to multiple tracked tickers.,other_unclear__market_roundup_or_advice,Initial stratum met the minimum size threshold.,macro_market__macro_policy -> macro_market__other_unclear; macro_market__other_unclear -> other_unclear__other_unclear; other_unclear__firm_event -> other_unclear__other_unclear; big_tech_cloud__other_unclear -> other_unclear__other_unclear; other_unclear__analyst_or_earnings -> other_unclear__other_unclear; semiconductors_ai__other_unclear -> other_unclear__other_unclear,True,True,False,True,False,False,False,False,True,False,False,False,False,False,False,False,False,False,False,False,False,True
e239909b9312250ebd529346317b9b5e22a79621046c31d4f8c29e1f96384adc,2026-02-24,Yahoo,3,AAPL;INTC;NVDA,other_unclear,market_roundup_or_advice,investment_advice_etf,multi_ticker,other_unclear__market_roundup_or_advice,other_unclear__market_roundup_or_advice,mode=hybrid; industry=other_unclear; broad_article_bucket=market_roundup_or_advice; article_type=investment_advice_etf; ticker_count_bucket=multi_ticker; Initial stratum met the minimum size threshold.,Should You Buy Apple Stock Before Its New Product Launch on March 4?,"Apple needs new hit products in 2026, and March 4 could bring good news for this tech stock.",investment_advice_etf_roundup_or_unclear,Advice/ETF/market-roundup language dominates the article text.,big_tech;semiconductors,big_tech_cloud;semiconductors_ai,Multiple linked competitor groups appear without one dominant industry signal.,Investment-advice or ETF language is present.,Detailed article type maps into the broad market-roundup-or-advice bucket.,Article links to multiple tracked tickers.,other_unclear__market_roundup_or_advice,Initial stratum met the minimum size threshold.,macro_market__macro_policy -> macro_market__other_unclear; macro_market__other_unclear -> other_unclear__other_unclear; other_unclear__firm_event -> other_unclear__other_unclear; big_tech_cloud__other_unclear -> other_unclear__other_unclear; other_unclear__analyst_or_earnings -> other_unclear__other_unclear; semiconductors_ai__other_unclear -> other_unclear__other_unclear,True,True,False,True,False,False,False,False,True,False,False,True,False,False,False,False,False,False,False,False,False,True
56c87257f6249b1978668a3dfd9ec238f5592f6397bf91ba24bb672a54999067,2026-05-23,Yahoo,2,AAPL;TSLA,other_unclear,market_roundup_or_advice,investment_advice_etf,multi_ticker,other_unclear__market_roundup_or_advice,other_unclear__market_roundup_or_advice,mode=hybrid; industry=other_unclear; broad_article_bucket=market_roundup_or_advice; article_type=investment_advice_etf; ticker_count_bucket=multi_ticker; Initial stratum met the minimum size threshold.,"This ""Magnificent Seven"" Stock Is the Worst Performer of 2026. Is It Finally a Buy?","While the rest of the ""Magnificent Seven"" has clawed back its 2026 losses, one member is still deep in the red -- even as its business keeps accelerating.",investment_advice_etf_roundup_or_unclear,Advice/ETF/market-roundup language dominates the article text.,big_tech;ev_autos,big_tech_cloud;autos_ev,Multiple linked competitor groups appear without one dominant industry signal.,Investment-advice or ETF language is present.,Detailed article type maps into the broad market-roundup-or-advice bucket.,Article links to multiple tracked tickers.,other_unclear__market_roundup_or_advice,Initial stratum met the minimum size threshold.,macro_market__macro_policy -> macro_market__other_unclear; macro_market__other_unclear -> other_unclear__other_unclear; other_unclear__firm_event -> other_unclear__other_unclear; big_tech_cloud__other_unclear -> other_unclear__other_unclear; other_unclear__analyst_or_earnings -> other_unclear__other_unclear; semiconductors_ai__other_unclear -> other_unclear__other_unclear,True,True,False,True,False,False,False,False,True,False,False,False,False,False,False,False,False,False,False,False,False,True
6e7a8719a667ae3819c48fb26a394d6dda14ab851fb346bde765524819f027e2,2026-06-19,Yahoo,6,AAPL;AMZN;GOOGL;META;MSFT;NVDA,other_unclear,market_roundup_or_advice,investment_advice_etf,multi_ticker,other_unclear__market_roundup_or_advice,other_unclear__market_roundup_or_advice,mode=hybrid; industry=other_unclear; broad_article_bucket=market_roundup_or_advice; article_type=investment_advice_etf; ticker_count_bucket=multi_ticker; Initial stratum met the minimum size threshold.,"If You’re 38 With $500K Saved, AVUV Fixes Your Tech-Heavy Portfolio","You check your portfolio and it looks like every other portfolio in America. Apple, Microsoft, NVIDIA, Amazon, Meta, Alphabet, and a heaping side of S&P 500 index fund that is, when you look under the hood, basically more of the same seven names. You are 38, you have 25 plus years until retirement, and you ... If You’re 38 With $500K Saved, AVUV Fixes Your Tech-Heavy Portfolio",investment_advice_etf_roundup_or_unclear,Advice/ETF/market-roundup language dominates the article text.,big_tech;semiconductors,big_tech_cloud;semiconductors_ai,Multiple linked competitor groups appear without one dominant industry signal.,Investment-advice or ETF language is present.,Detailed article type maps into the broad market-roundup-or-advice bucket.,Article links to multiple tracked tickers.,other_unclear__market_roundup_or_advice,Initial stratum met the minimum size threshold.,macro_market__macro_policy -> macro_market__other_unclear; macro_market__other_unclear -> other_unclear__other_unclear; other_unclear__firm_event -> other_unclear__other_unclear; big_tech_cloud__other_unclear -> other_unclear__other_unclear; other_unclear__analyst_or_earnings -> other_unclear__other_unclear; semiconductors_ai__other_unclear -> other_unclear__other_unclear,True,True,False,True,False,False,False,False,False,True,True,False,False,False,False,False,False,False,False,False,False,True
52f7e1f5c96a85a8349f8914aec261a54397be5c847ce1c8b01ff5042c4f5f10,2025-07-15,SeekingAlpha,2,AVGO;META,other_unclear,analyst_or_earnings,earnings_guidance,multi_ticker,other_unclear__analyst_or_earnings,other_unclear__other_unclear,mode=hybrid; industry=other_unclear; broad_article_bucket=analyst_or_earnings; article_type=earnings_guidance; ticker_count_bucket=multi_ticker; Initial stratum was too small and later collapsing pushed it into the global fallback.,Harding Loevner Global Equity Q2 2025 Report,"The Global Equity composite rose 10.3% gross of fees in the second quarter, lagging the 11.7% gain in the MSCI ACWI Index.",firm_specific_earnings_or_guidance,Earnings or guidance language appears tied to one or two linked firms.,semiconductors;big_tech,semiconductors_ai;big_tech_cloud,Multiple linked competitor groups appear without one dominant industry signal.,Earnings or guidance language is present.,Detailed article type maps into the broad analyst-or-earnings bucket.,Article links to multiple tracked tickers.,other_unclear__analyst_or_earnings,Initial stratum was too small and later collapsing pushed it into the global fallback.,macro_market__macro_policy -> macro_market__other_unclear; macro_market__other_unclear -> other_unclear__other_unclear; other_unclear__firm_event -> other_unclear__other_unclear; big_tech_cloud__other_unclear -> other_unclear__other_unclear; other_unclear__analyst_or_earnings -> other_unclear__other_unclear; semiconductors_ai__other_unclear -> other_unclear__other_unclear,True,True,False,True,True,False,False,False,False,False,False,False,False,False,False,False,False,False,False,False,False,True
c148eaa7211a6f75b71abb542dc42b60119bdb8b116c11e87e58c65b50f054ab,2025-07-22,Yahoo,2,GOOGL;TSLA,other_unclear,analyst_or_earnings,earnings_guidance,multi_ticker,other_unclear__analyst_or_earnings,other_unclear__other_unclear,mode=hybrid; industry=other_unclear; broad_article_bucket=analyst_or_earnings; article_type=earnings_guidance; ticker_count_bucket=multi_ticker; Initial stratum was too small and later collapsing pushed it into the global fallback.,"Alphabet & Tesla earnings, existing home sales: What to Watch","Asking for a Trend host Josh Lipton takes a look at the top stories for investors to watch on Wednesday, July 23. In the afternoon, earnings results will be posted for Alphabet (GOOG, GOOGL), Tesla (TSLA), IBM (IBM), T-Mobile (TMUS), Chipotle (CMG), and Alaska Air (ALK). In the morning, existing home sales data for June will be published. Economists are expecting the number to fall slightly. To watch more expert insights and analysis on the latest market action, check out more Asking for a Trend here.",firm_specific_earnings_or_guidance,Earnings or guidance language appears tied to one or two linked firms.,big_tech;ev_autos,big_tech_cloud;autos_ev,Multiple linked competitor groups appear without one dominant industry signal.,Earnings or guidance language is present.,Detailed article type maps into the broad analyst-or-earnings bucket.,Article links to multiple tracked tickers.,other_unclear__analyst_or_earnings,Initial stratum was too small and later collapsing pushed it into the global fallback.,macro_market__macro_policy -> macro_market__other_unclear; macro_market__other_unclear -> other_unclear__other_unclear; other_unclear__firm_event -> other_unclear__other_unclear; big_tech_cloud__other_unclear -> other_unclear__other_unclear; other_unclear__analyst_or_earnings -> other_unclear__other_unclear; semiconductors_ai__other_unclear -> other_unclear__other_unclear,True,True,False,True,True,False,False,False,False,False,False,False,False,False,False,False,False,False,False,False,False,True
849d1dad76c3420a9b952c32a2100f5365ed75590dec84b31a441cfbb063c78e,2025-09-17,Yahoo,3,AMZN;GOOGL;TSLA,other_unclear,firm_event,product_strategy,multi_ticker,other_unclear__firm_event,other_unclear__other_unclear,mode=hybrid; industry=other_unclear; broad_article_bucket=firm_event; article_type=product_strategy; ticker_count_bucket=multi_ticker; Initial stratum was too small and later collapsing pushed it into the global fallback.,Why Lyft Stock Was Climbing Today,Lyft surprised the market with a new partnership with Waymo.,firm_specific_product_or_strategy,"The article looks focused on one firm's product, strategy, contract, management, or deal activity.",big_tech;ev_autos,big_tech_cloud;autos_ev,Multiple linked competitor groups appear without one dominant industry signal.,"Product, strategy, contract, management, or firm-specific execution language is present.",Detailed article type maps into the broad firm-event bucket.,Article links to multiple tracked tickers.,other_unclear__firm_event,Initial stratum was too small and later collapsing pushed it into the global fallback.,macro_market__macro_policy -> macro_market__other_unclear; macro_market__other_unclear -> other_unclear__other_unclear; other_unclear__firm_event -> other_unclear__other_unclear; big_tech_cloud__other_unclear -> other_unclear__other_unclear; other_unclear__analyst_or_earnings -> other_unclear__other_unclear; semiconductors_ai__other_unclear -> other_unclear__other_unclear,True,True,False,True,False,False,False,False,False,False,False,False,True,False,False,False,False,False,False,False,False,True
a37a11179cb112a1024efd0dafd368886600dda917a1b77cfdf5bf2ac9e8f6d9,2025-11-12,MarketWatch,1,QCOM,semiconductors_ai,other_unclear,other_unclear,single_ticker,semiconductors_ai__other_unclear,other_unclear__other_unclear,mode=hybrid; industry=semiconductors_ai; broad_article_bucket=other_unclear; article_type=other_unclear; ticker_count_bucket=single_ticker; Initial stratum was too small and later collapsing pushed it into the global fallback.,Qualcomm Inc. stock outperforms competitors on strong trading day,Qualcomm Inc. stock outperforms competitors on strong trading day,investment_advice_etf_roundup_or_unclear,"Fallback bucket for articles without a cleaner firm, industry, legal, or macro signal.",semiconductors,semiconductors_ai,Linked tickers map cleanly to one competitor group.,No stronger article-type pattern dominated the text.,Detailed article type falls into the broad other/unclear bucket.,Article links to a single tracked ticker.,semiconductors_ai__other_unclear,Initial stratum was too small and later collapsing pushed it into the global fallback.,macro_market__macro_policy -> macro_market__other_unclear; macro_market__other_unclear -> other_unclear__other_unclear; other_unclear__firm_event -> other_unclear__other_unclear; big_tech_cloud__other_unclear -> other_unclear__other_unclear; other_unclear__analyst_or_earnings -> other_unclear__other_unclear; semiconductors_ai__other_unclear -> other_unclear__other_unclear,False,False,False,True,False,False,False,False,False,False,False,False,False,False,False,True,False,False,False,False,False,True
39621f5c54ab76588934b0799fffeab78505d8298f3f249eed7b1469ba45824a,2026-01-21,MarketWatch,1,QCOM,semiconductors_ai,other_unclear,other_unclear,single_ticker,semiconductors_ai__other_unclear,other_unclear__other_unclear,mode=hybrid; industry=semiconductors_ai; broad_article_bucket=other_unclear; article_type=other_unclear; ticker_count_bucket=single_ticker; Initial stratum was too small and later collapsing pushed it into the global fallback.,Qualcomm Inc. stock underperforms Wednesday when compared to competitors despite daily gains,Qualcomm Inc. stock underperforms Wednesday when compared to competitors despite daily gains,investment_advice_etf_roundup_or_unclear,"Fallback bucket for articles without a cleaner firm, industry, legal, or macro signal.",semiconductors,semiconductors_ai,Linked tickers map cleanly to one competitor group.,No stronger article-type pattern dominated the text.,Detailed article type falls into the broad other/unclear bucket.,Article links to a single tracked ticker.,semiconductors_ai__other_unclear,Initial stratum was too small and later collapsing pushed it into the global fallback.,macro_market__macro_policy -> macro_market__other_unclear; macro_market__other_unclear -> other_unclear__other_unclear; other_unclear__firm_event -> other_unclear__other_unclear; big_tech_cloud__other_unclear -> other_unclear__other_unclear; other_unclear__analyst_or_earnings -> other_unclear__other_unclear; semiconductors_ai__other_unclear -> other_unclear__other_unclear,False,False,False,True,False,False,False,False,False,False,False,False,False,False,False,True,False,False,False,False,False,True
3c5b7f292c4cf85a912e17c036af3d6bd432ad4b9336c58e009c0ebbc57ce686,2026-03-27,Benzinga,2,TSLA;UAL,other_unclear,firm_event,product_strategy,multi_ticker,other_unclear__firm_event,other_unclear__other_unclear,mode=hybrid; industry=other_unclear; broad_article_bucket=firm_event; article_type=product_strategy; ticker_count_bucket=multi_ticker; Initial stratum was too small and later collapsing pushed it into the global fallback.,"Trump's New DHS Secretary Markwayne Mullin Hails Order To Pay TSA Agents, Slams Democrats For 'Reckless' Shutdown: 'Quit Punishing Our...'","Trump&#39;s DHS Secretary Markwayne Mullin praises executive order to pay TSA salaries, criticizes Democrats for prolonging shutdown.",firm_specific_product_or_strategy,"The article looks focused on one firm's product, strategy, contract, management, or deal activity.",ev_autos;airlines,autos_ev;airlines_travel,Multiple linked competitor groups appear without one dominant industry signal.,"Product, strategy, contract, management, or firm-specific execution language is present.",Detailed article type maps into the broad firm-event bucket.,Article links to multiple tracked tickers.,other_unclear__firm_event,Initial stratum was too small and later collapsing pushed it into the global fallback.,macro_market__macro_policy -> macro_market__other_unclear; macro_market__other_unclear -> other_unclear__other_unclear; other_unclear__firm_event -> other_unclear__other_unclear; big_tech_cloud__other_unclear -> other_unclear__other_unclear; other_unclear__analyst_or_earnings -> other_unclear__other_unclear; semiconductors_ai__other_unclear -> other_unclear__other_unclear,True,True,False,True,False,False,False,False,False,False,False,False,False,True,False,False,False,False,False,False,False,True
98a0eb1a06ec75ae6b5464a4ab4cc38ed1b6f94b1a68384a77e988c9b7955c6e,2026-05-27,CNBC,3,LUV;TSLA;UAL,other_unclear,analyst_or_earnings,earnings_guidance,multi_ticker,other_unclear__analyst_or_earnings,other_unclear__other_unclear,mode=hybrid; industry=other_unclear; broad_article_bucket=analyst_or_earnings; article_type=earnings_guidance; ticker_count_bucket=multi_ticker; Initial stratum was too small and later collapsing pushed it into the global fallback.,"Micron's new milestone, Dick's earnings, Paxton beats Cornyn and more in Morning Squawk",Here are five key things investors need to know to start the trading day.,investment_advice_etf_roundup_or_unclear,"Fallback bucket for articles without a cleaner firm, industry, legal, or macro signal.",airlines;ev_autos,airlines_travel;autos_ev,Multiple linked competitor groups appear without one dominant industry signal.,Earnings or guidance language is present.,Detailed article type maps into the broad analyst-or-earnings bucket.,Article links to multiple tracked tickers.,other_unclear__analyst_or_earnings,Initial stratum was too small and later collapsing pushed it into the global fallback.,macro_market__macro_policy -> macro_market__other_unclear; macro_market__other_unclear -> other_unclear__other_unclear; other_unclear__firm_event -> other_unclear__other_unclear; big_tech_cloud__other_unclear -> other_unclear__other_unclear; other_unclear__analyst_or_earnings -> other_unclear__other_unclear; semiconductors_ai__other_unclear -> other_unclear__other_unclear,True,True,False,True,True,False,False,False,False,False,False,False,False,False,False,False,False,False,False,False,False,True
00ca5cd09e4857bf08f54dfc92d1b2c4533cc3507a4c32ebbdc51c9ce08daae1,2026-06-18,Yahoo,2,AMD;META,other_unclear,analyst_or_earnings,analyst_valuation,multi_ticker,other_unclear__analyst_or_earnings,other_unclear__other_unclear,mode=hybrid; industry=other_unclear; broad_article_bucket=analyst_or_earnings; article_type=analyst_valuation; ticker_count_bucket=multi_ticker; Initial stratum was too small and later collapsing pushed it into the global fallback.,"UP 280% YTD, Will AMD’s Rally Continue?","The 24/7 Wall St. price target for Advanced Micro Devices (NASDAQ:AMD) is $561.83 over the next 12 months. With AMD trading at $507.29 after a brutal 7.3% single-day reset on June 16, our proprietary model still points to roughly 10.75% of upside from here. Our recommendation is buy, with a confidence level of 90%. The ... UP 280% YTD, Will AMD’s Rally Continue?",firm_specific_analyst_or_valuation,"Analyst, rating, or valuation language appears primarily firm-specific.",semiconductors;big_tech,semiconductors_ai;big_tech_cloud,Multiple linked competitor groups appear without one dominant industry signal.,"Analyst, rating, or valuation language is present.",Detailed article type maps into the broad analyst-or-earnings bucket.,Article links to multiple tracked tickers.,other_unclear__analyst_or_earnings,Initial stratum was too small and later collapsing pushed it into the global fallback.,macro_market__macro_policy -> macro_market__other_unclear; macro_market__other_unclear -> other_unclear__other_unclear; other_unclear__firm_event -> other_unclear__other_unclear; big_tech_cloud__other_unclear -> other_unclear__other_unclear; other_unclear__analyst_or_earnings -> other_unclear__other_unclear; semiconductors_ai__other_unclear -> other_unclear__other_unclear,True,True,False,True,False,True,False,False,False,False,False,False,False,False,False,False,False,False,False,False,False,True
58ba37946a46b0c64a6cf9a3e66a5be2052edc2503572c59605428b0f046d641,2025-07-11,Yahoo,1,INTC,semiconductors_ai,analyst_or_earnings,earnings_guidance,single_ticker,semiconductors_ai__analyst_or_earnings,semiconductors_ai__analyst_or_earnings,mode=hybrid; industry=semiconductors_ai; broad_article_bucket=analyst_or_earnings; article_type=earnings_guidance; ticker_count_bucket=single_ticker; Initial stratum met the minimum size threshold.,Processors and Graphics Chips Stocks Q1 Teardown: Intel (NASDAQ:INTC) Vs The Rest,"As the Q1 earnings season wraps, let’s dig into this quarter’s best and worst performers in the processors and graphics chips industry, including Intel (NASDAQ:INTC) and its peers.",firm_specific_earnings_or_guidance,Earnings or guidance language appears tied to one or two linked firms.,semiconductors,semiconductors_ai,Linked tickers map cleanly to one competitor group.,Earnings or guidance language is present.,Detailed article type maps into the broad analyst-or-earnings bucket.,Article links to a single tracked ticker.,semiconductors_ai__analyst_or_earnings,Initial stratum met the minimum size threshold.,macro_market__macro_policy -> macro_market__other_unclear; macro_market__other_unclear -> other_unclear__other_unclear; other_unclear__firm_event -> other_unclear__other_unclear; big_tech_cloud__other_unclear -> other_unclear__other_unclear; other_unclear__analyst_or_earnings -> other_unclear__other_unclear; semiconductors_ai__other_unclear -> other_unclear__other_unclear,False,False,False,True,True,False,False,False,False,False,False,True,False,False,False,True,False,True,False,False,False,True
44f79a0538bf8fff29e9a32479bc505fa3d40538d4c1bdf50d25b7eca29a8d05,2025-08-11,Yahoo,1,AVGO,semiconductors_ai,analyst_or_earnings,earnings_guidance,single_ticker,semiconductors_ai__analyst_or_earnings,semiconductors_ai__analyst_or_earnings,mode=hybrid; industry=semiconductors_ai; broad_article_bucket=analyst_or_earnings; article_type=earnings_guidance; ticker_count_bucket=single_ticker; Initial stratum met the minimum size threshold.,Nvidia Will Give U.S. a Cut of Its AI Chip Sales to China. The Stock Gets a Bump.,"Nvidia  stcok inched up Monday after the Trump administration confirmed that a portion of its AI chip sales to China will go to the U.S. government.  Nvidia rival AMD stock was up 1.63% after it climbed 0.2% on Friday.  Nvidia will pay 15% of the revenue they generated from AI chip sales to the government, President Donald Trump confirmed on Monday.",firm_specific_earnings_or_guidance,Earnings or guidance language appears tied to one or two linked firms.,semiconductors,semiconductors_ai,Linked tickers map cleanly to one competitor group.,Earnings or guidance language is present.,Detailed article type maps into the broad analyst-or-earnings bucket.,Article links to a single tracked ticker.,semiconductors_ai__analyst_or_earnings,Initial stratum met the minimum size threshold.,macro_market__macro_policy -> macro_market__other_unclear; macro_market__other_unclear -> other_unclear__other_unclear; other_unclear__firm_event -> other_unclear__other_unclear; big_tech_cloud__other_unclear -> other_unclear__other_unclear; other_unclear__analyst_or_earnings -> other_unclear__other_unclear; semiconductors_ai__other_unclear -> other_unclear__other_unclear,False,False,True,False,True,False,False,False,False,False,False,True,False,False,False,False,False,True,False,False,False,True
a06753d1b4ab94aa82e48c5a7152a0727bc7f854f13901d480f27f16cd86181b,2025-10-17,Yahoo,2,AMZN;MSFT,semiconductors_ai,analyst_or_earnings,earnings_guidance,multi_ticker,semiconductors_ai__analyst_or_earnings,semiconductors_ai__analyst_or_earnings,mode=hybrid; industry=semiconductors_ai; broad_article_bucket=analyst_or_earnings; article_type=earnings_guidance; ticker_count_bucket=multi_ticker; Initial stratum met the minimum size threshold.,"AI, Amazon Drive Applied Optoelectronics' $1.9 Billion Revenue Forecast","Analysts expect Applied Optoelectronics' revenue to spike 666% by 2027 on data center and AI demand, as well as deals with Amazon and Charter.",firm_specific_earnings_or_guidance,Earnings or guidance language appears tied to one or two linked firms.,big_tech,big_tech_cloud,Article keywords point to one clear industry bucket.,Earnings or guidance language is present.,Detailed article type maps into the broad analyst-or-earnings bucket.,Article links to multiple tracked tickers.,semiconductors_ai__analyst_or_earnings,Initial stratum met the minimum size threshold.,macro_market__macro_policy -> macro_market__other_unclear; macro_market__other_unclear -> other_unclear__other_unclear; other_unclear__firm_event -> other_unclear__other_unclear; big_tech_cloud__other_unclear -> other_unclear__other_unclear; other_unclear__analyst_or_earnings -> other_unclear__other_unclear; semiconductors_ai__other_unclear -> other_unclear__other_unclear,True,False,False,True,True,False,False,False,False,False,False,True,False,False,False,False,False,True,False,False,False,True
5c9dec9829a24ba4a1459200c44b50acfd916a7caa1657632121bc7592604d34,2025-11-06,Yahoo,1,QCOM,semiconductors_ai,analyst_or_earnings,earnings_guidance,single_ticker,semiconductors_ai__analyst_or_earnings,semiconductors_ai__analyst_or_earnings,mode=hybrid; industry=semiconductors_ai; broad_article_bucket=analyst_or_earnings; article_type=earnings_guidance; ticker_count_bucket=single_ticker; Initial stratum met the minimum size threshold.,Qualcomm is ignoring 'noise' & focusing on AI opportunity: CEO,"Qualcomm (QCOM) stock is under pressure despite the company's earnings beat and strong outlook. Qualcomm president and CEO, Cristiano Amon, joins Market Domination with Julie Hyman and Josh Lipton to discuss the earnings print, the company's position in the artificial intelligence (AI) race, and more. Key video moments: 00:00:00 Amon outlines Qualcomm's fiscal fourth quarter results 00:01:24 Qualcomm in the AI era 00:05:39 Why the CEO isn't worried about an AI bubble 00:07:38 Amon's expectations for the AI revolution To watch more expert insights and analysis on the latest market action, check out more Market Domination.",firm_specific_earnings_or_guidance,Earnings or guidance language appears tied to one or two linked firms.,semiconductors,semiconductors_ai,Linked tickers map cleanly to one competitor group.,Earnings or guidance language is present.,Detailed article type maps into the broad analyst-or-earnings bucket.,Article links to a single tracked ticker.,semiconductors_ai__analyst_or_earnings,Initial stratum met the minimum size threshold.,macro_market__macro_policy -> macro_market__other_unclear; macro_market__other_unclear -> other_unclear__other_unclear; other_unclear__firm_event -> other_unclear__other_unclear; big_tech_cloud__other_unclear -> other_unclear__other_unclear; other_unclear__analyst_or_earnings -> other_unclear__other_unclear; semiconductors_ai__other_unclear -> other_unclear__other_unclear,False,False,True,False,True,False,False,False,False,False,False,True,False,True,False,False,False,True,False,False,False,True
a53b3c91308379b920882681f93d17fbc73b153afb63f3d52e8ea9d5abd94b2c,2025-11-07,Yahoo,1,QCOM,semiconductors_ai,analyst_or_earnings,earnings_guidance,single_ticker,semiconductors_ai__analyst_or_earnings,semiconductors_ai__analyst_or_earnings,mode=hybrid; industry=semiconductors_ai; broad_article_bucket=analyst_or_earnings; article_type=earnings_guidance; ticker_count_bucket=single_ticker; Initial stratum met the minimum size threshold.,"Earnings live: Block stock drops after earnings miss, Airbnb pops, Opendoor pitches turnaround plan","Third quarter earnings season is in full swing, and analysts expect S&P 500 companies grew their profits by 8% during the quarter.",investment_advice_etf_roundup_or_unclear,Advice/ETF/market-roundup language dominates the article text.,semiconductors,semiconductors_ai,Linked tickers map cleanly to one competitor group.,Earnings or guidance language is present.,Detailed article type maps into the broad analyst-or-earnings bucket.,Article links to a single tracked ticker.,semiconductors_ai__analyst_or_earnings,Initial stratum met the minimum size threshold.,macro_market__macro_policy -> macro_market__other_unclear; macro_market__other_unclear -> other_unclear__other_unclear; other_unclear__firm_event -> other_unclear__other_unclear; big_tech_cloud__other_unclear -> other_unclear__other_unclear; other_unclear__analyst_or_earnings -> other_unclear__other_unclear; semiconductors_ai__other_unclear -> other_unclear__other_unclear,False,False,False,True,True,False,False,False,False,False,True,False,False,False,False,False,False,False,False,False,False,True
1951b819ab4eb67c74691e32ec071b05fad7217fbd9f2f812b83afbc891286c1,2026-02-06,Benzinga,1,QCOM,semiconductors_ai,analyst_or_earnings,earnings_guidance,single_ticker,semiconductors_ai__analyst_or_earnings,semiconductors_ai__analyst_or_earnings,mode=hybrid; industry=semiconductors_ai; broad_article_bucket=analyst_or_earnings; article_type=earnings_guidance; ticker_count_bucket=single_ticker; Initial stratum met the minimum size threshold.,"Dow Tumbles Almost 600 Amid Earnings: Investor Sentiment Declines Further, Greed Index Remains In 'Fear' Zone","U.S. stocks declined, with Dow Jones falling almost 600 points and software stocks dipping for an eighth straight session.",investment_advice_etf_roundup_or_unclear,Advice/ETF/market-roundup language dominates the article text.,semiconductors,semiconductors_ai,Linked tickers map cleanly to one competitor group.,Earnings or guidance language is present.,Detailed article type maps into the broad analyst-or-earnings bucket.,Article links to a single tracked ticker.,semiconductors_ai__analyst_or_earnings,Initial stratum met the minimum size threshold.,macro_market__macro_policy -> macro_market__other_unclear; macro_market__other_unclear -> other_unclear__other_unclear; other_unclear__firm_event -> other_unclear__other_unclear; big_tech_cloud__other_unclear -> other_unclear__other_unclear; other_unclear__analyst_or_earnings -> other_unclear__other_unclear; semiconductors_ai__other_unclear -> other_unclear__other_unclear,False,False,False,True,True,False,False,False,False,False,True,True,False,False,False,False,False,False,False,False,False,True
8e077235b1494b1d89d254ad26a790149e0b76f2e65dae0cb06af70931d3a0ba,2026-04-27,Yahoo,1,AMD,semiconductors_ai,analyst_or_earnings,earnings_guidance,single_ticker,semiconductors_ai__analyst_or_earnings,semiconductors_ai__analyst_or_earnings,mode=hybrid; industry=semiconductors_ai; broad_article_bucket=analyst_or_earnings; article_type=earnings_guidance; ticker_count_bucket=single_ticker; Initial stratum met the minimum size threshold.,AMD Supplier Up 40% This Month Soars On Earnings Beat,"Data center stock Sanmina trounced analyst expectations when it reported earnings on Monday, as demand for its AI hardware soars.",firm_specific_earnings_or_guidance,Earnings or guidance language appears tied to one or two linked firms.,semiconductors,semiconductors_ai,Linked tickers map cleanly to one competitor group.,Earnings or guidance language is present.,Detailed article type maps into the broad analyst-or-earnings bucket.,Article links to a single tracked ticker.,semiconductors_ai__analyst_or_earnings,Initial stratum met the minimum size threshold.,macro_market__macro_policy -> macro_market__other_unclear; macro_market__other_unclear -> other_unclear__other_unclear; other_unclear__firm_event -> other_unclear__other_unclear; big_tech_cloud__other_unclear -> other_unclear__other_unclear; other_unclear__analyst_or_earnings -> other_unclear__other_unclear; semiconductors_ai__other_unclear -> other_unclear__other_unclear,False,False,True,False,True,True,False,False,False,False,False,True,False,False,False,False,False,True,False,False,False,True
26090eb205758285ddbfff791ced2b444bdf08b3d0f763c6f44ed9124049e120,2026-05-27,Yahoo,1,NVDA,semiconductors_ai,analyst_or_earnings,earnings_guidance,single_ticker,semiconductors_ai__analyst_or_earnings,semiconductors_ai__analyst_or_earnings,mode=hybrid; industry=semiconductors_ai; broad_article_bucket=analyst_or_earnings; article_type=earnings_guidance; ticker_count_bucket=single_ticker; Initial stratum met the minimum size threshold.,Abercrombie & Fitch Co. Q1 2026 Earnings Call Summary,Moby summary of Abercrombie & Fitch Co.'s Q1 2026 earnings call,firm_specific_earnings_or_guidance,Earnings or guidance language appears tied to one or two linked firms.,semiconductors,semiconductors_ai,Linked tickers map cleanly to one competitor group.,Earnings or guidance language is present.,Detailed article type maps into the broad analyst-or-earnings bucket.,Article links to a single tracked ticker.,semiconductors_ai__analyst_or_earnings,Initial stratum met the minimum size threshold.,macro_market__macro_policy -> macro_market__other_unclear; macro_market__other_unclear -> other_unclear__other_unclear; other_unclear__firm_event -> other_unclear__other_unclear; big_tech_cloud__other_unclear -> other_unclear__other_unclear; other_unclear__analyst_or_earnings -> other_unclear__other_unclear; semiconductors_ai__other_unclear -> other_unclear__other_unclear,False,False,True,False,True,False,False,False,False,False,False,False,False,False,False,False,False,False,False,False,False,True
0cbe371195039f9ebe00a1e13f83bbd8f53f5536ffdaeab43b12c89b6998f83c,2025-08-18,Yahoo,1,INTC,semiconductors_ai,firm_event,product_strategy,single_ticker,semiconductors_ai__firm_event,semiconductors_ai__firm_event,mode=hybrid; industry=semiconductors_ai; broad_article_bucket=firm_event; article_type=product_strategy; ticker_count_bucket=single_ticker; Initial stratum met the minimum size threshold.,Intel stock falls after Trump administration reportedly considers 10% stake,Investing.com -- Intel (NASDAQ:INTC) stock declined 5% following a Bloomberg report that the Trump administration is discussing taking a stake of approximately 10% in the chipmaker.,firm_specific_product_or_strategy,"The article looks focused on one firm's product, strategy, contract, management, or deal activity.",semiconductors,semiconductors_ai,Linked tickers map cleanly to one competitor group.,"Product, strategy, contract, management, or firm-specific execution language is present.",Detailed article type maps into the broad firm-event bucket.,Article links to a single tracked ticker.,semiconductors_ai__firm_event,Initial stratum met the minimum size threshold.,macro_market__macro_policy -> macro_market__other_unclear; macro_market__other_unclear -> other_unclear__other_unclear; other_unclear__firm_event -> other_unclear__other_unclear; big_tech_cloud__other_unclear -> other_unclear__other_unclear; other_unclear__analyst_or_earnings -> other_unclear__other_unclear; semiconductors_ai__other_unclear -> other_unclear__other_unclear,False,False,True,False,False,False,False,False,False,False,False,False,False,False,True,False,False,False,False,False,False,True
3364248c81bfd3235dd7440e77611201304731d83efd516a62ec96b5be92f729,2025-08-22,Yahoo,3,AMZN;META;MSFT,semiconductors_ai,firm_event,product_strategy,multi_ticker,semiconductors_ai__firm_event,semiconductors_ai__firm_event,mode=hybrid; industry=semiconductors_ai; broad_article_bucket=firm_event; article_type=product_strategy; ticker_count_bucket=multi_ticker; Initial stratum met the minimum size threshold.,"Meta's hiring freeze is a Meta problem, not an AI problem","Meta's absurd AI job offers were a way to overcome its disadvantages, a sign of desperation rather than a show of strength.",industry_wide_semiconductors_ai,Industry-linked keywords plus ticker breadth/sector language indicate an industry-wide semiconductors/AI article.,big_tech,big_tech_cloud,Article keywords point to one clear industry bucket.,"Product, strategy, contract, management, or firm-specific execution language is present.",Detailed article type maps into the broad firm-event bucket.,Article links to multiple tracked tickers.,semiconductors_ai__firm_event,Initial stratum met the minimum size threshold.,macro_market__macro_policy -> macro_market__other_unclear; macro_market__other_unclear -> other_unclear__other_unclear; other_unclear__firm_event -> other_unclear__other_unclear; big_tech_cloud__other_unclear -> other_unclear__other_unclear; other_unclear__analyst_or_earnings -> other_unclear__other_unclear; semiconductors_ai__other_unclear -> other_unclear__other_unclear,True,False,False,True,False,False,False,False,False,False,False,True,False,False,False,False,False,True,False,False,False,True
a42bae8aecdde2e115d8bee258adf2b1e700d50755143b6228c1638f2ab59c57,2025-09-22,Yahoo,1,INTC,semiconductors_ai,firm_event,product_strategy,single_ticker,semiconductors_ai__firm_event,semiconductors_ai__firm_event,mode=hybrid; industry=semiconductors_ai; broad_article_bucket=firm_event; article_type=product_strategy; ticker_count_bucket=single_ticker; Initial stratum met the minimum size threshold.,Intel (INTC) Stock Sinks As Market Gains: Here's Why,"In the most recent trading session, Intel (INTC) closed at $28.76, indicating a -2.77% shift from the previous trading day.",firm_specific_product_or_strategy,"The article looks focused on one firm's product, strategy, contract, management, or deal activity.",semiconductors,semiconductors_ai,Linked tickers map cleanly to one competitor group.,"Product, strategy, contract, management, or firm-specific execution language is present.",Detailed article type maps into the broad firm-event bucket.,Article links to a single tracked ticker.,semiconductors_ai__firm_event,Initial stratum met the minimum size threshold.,macro_market__macro_policy -> macro_market__other_unclear; macro_market__other_unclear -> other_unclear__other_unclear; other_unclear__firm_event -> other_unclear__other_unclear; big_tech_cloud__other_unclear -> other_unclear__other_unclear; other_unclear__analyst_or_earnings -> other_unclear__other_unclear; semiconductors_ai__other_unclear -> other_unclear__other_unclear,False,False,True,False,False,False,False,False,False,False,False,False,False,False,False,False,False,False,False,False,False,True
70999063542ff7b1f4beae2cfb5a5ada3043a8d72ab48125705e86d8e1766dc1,2025-10-22,Yahoo,1,QCOM,semiconductors_ai,firm_event,legal_regulatory,single_ticker,semiconductors_ai__firm_event,semiconductors_ai__firm_event,mode=hybrid; industry=semiconductors_ai; broad_article_bucket=firm_event; article_type=legal_regulatory; ticker_count_bucket=single_ticker; Initial stratum met the minimum size threshold.,Qualcomm Schedules Fourth Quarter and Fiscal 2025 Earnings Release and Conference Call,"SAN DIEGO, October 22, 2025--Qualcomm Incorporated (NASDAQ: QCOM) today announced that it will publish the Company’s financial results for its fourth quarter and fiscal 2025 on Wednesday, November 5, 2025, after the close of the market on the Company’s Investor Relations website, at https://investor.qualcomm.com/financial-information. The earnings release will also be furnished to the Securities and Exchange Commission (SEC) on a Form 8-K, which will be available on the SEC website at http://www",legal_regulatory_policy,"Legal, court, regulatory, or investigation language is present.",semiconductors,semiconductors_ai,Linked tickers map cleanly to one competitor group.,Legal or regulatory language is present.,Detailed article type maps into the broad firm-event bucket.,Article links to a single tracked ticker.,semiconductors_ai__firm_event,Initial stratum met the minimum size threshold.,macro_market__macro_policy -> macro_market__other_unclear; macro_market__other_unclear -> other_unclear__other_unclear; other_unclear__firm_event -> other_unclear__other_unclear; big_tech_cloud__other_unclear -> other_unclear__other_unclear; other_unclear__analyst_or_earnings -> other_unclear__other_unclear; semiconductors_ai__other_unclear -> other_unclear__other_unclear,False,False,True,False,True,False,True,False,False,False,False,False,False,False,False,False,False,False,False,False,False,True
52271334e805dc083202b78c7bfbdfcf046ab852910efb8a06914088701140cd,2025-11-18,Yahoo,1,AMD,semiconductors_ai,firm_event,product_strategy,single_ticker,semiconductors_ai__firm_event,semiconductors_ai__firm_event,mode=hybrid; industry=semiconductors_ai; broad_article_bucket=firm_event; article_type=product_strategy; ticker_count_bucket=single_ticker; Initial stratum met the minimum size threshold.,"AMD and Eviden to Power Europe’s New Exascale Supercomputer, the First Based in France","News Highlights The Alice Recoque supercomputer will expand Europe’s AI, scientific computing and research capabilities while ensuring energy efficiency and sovereignty.Alice Recoque will be powered by next-gen AMD EPYC CPUs and AMD Instinct MI430X GPUs to deliver more than one exaflop of HPL performance. SANTA CLARA, Calif. and PARIS, Nov. 18, 2025 (GLOBE NEWSWIRE) -- AMD (NASDAQ: AMD) and Eviden, the Atos Group product brand leading in advanced computing, announced their selection to build Ali",firm_specific_product_or_strategy,"The article looks focused on one firm's product, strategy, contract, management, or deal activity.",semiconductors,semiconductors_ai,Linked tickers map cleanly to one competitor group.,"Product, strategy, contract, management, or firm-specific execution language is present.",Detailed article type maps into the broad firm-event bucket.,Article links to a single tracked ticker.,semiconductors_ai__firm_event,Initial stratum met the minimum size threshold.,macro_market__macro_policy -> macro_market__other_unclear; macro_market__other_unclear -> other_unclear__other_unclear; other_unclear__firm_event -> other_unclear__other_unclear; big_tech_cloud__other_unclear -> other_unclear__other_unclear; other_unclear__analyst_or_earnings -> other_unclear__other_unclear; semiconductors_ai__other_unclear -> other_unclear__other_unclear,False,False,True,False,False,False,False,False,False,False,False,True,False,False,False,False,False,True,False,False,False,True
5b0808eb399da885b15128426fb41e44d2da489b3e09ce553537e9c419e5821c,2025-11-19,Yahoo,1,AMD,semiconductors_ai,firm_event,product_strategy,single_ticker,semiconductors_ai__firm_event,semiconductors_ai__firm_event,mode=hybrid; industry=semiconductors_ai; broad_article_bucket=firm_event; article_type=product_strategy; ticker_count_bucket=single_ticker; Initial stratum met the minimum size threshold.,"U.A.E., Saudi Companies Land U.S. Deal for Artificial-Intelligence Chips","The Commerce Department approved the sale of as many as 70,000 advanced artificial-intelligence chips to two companies based in the United Arab Emirates and Saudi Arabia.  The approvals are significant victories for the Middle Eastern countries as they try to catch up in the artificial-intelligence race.  Nvidia’s competitor Advanced Micro Devices has an agreement valued at billions of dollars to work with Humain.",firm_specific_product_or_strategy,"The article looks focused on one firm's product, strategy, contract, management, or deal activity.",semiconductors,semiconductors_ai,Linked tickers map cleanly to one competitor group.,"Product, strategy, contract, management, or firm-specific execution language is present.",Detailed article type maps into the broad firm-event bucket.,Article links to a single tracked ticker.,semiconductors_ai__firm_event,Initial stratum met the minimum size threshold.,macro_market__macro_policy -> macro_market__other_unclear; macro_market__other_unclear -> other_unclear__other_unclear; other_unclear__firm_event -> other_unclear__other_unclear; big_tech_cloud__other_unclear -> other_unclear__other_unclear; other_unclear__analyst_or_earnings -> other_unclear__other_unclear; semiconductors_ai__other_unclear -> other_unclear__other_unclear,False,False,True,False,False,False,False,False,False,False,False,True,False,False,False,False,False,True,False,False,False,True
69da80aaca148ae517da22172c4922d434e10fe43e869f72334e48c74ab5102b,2025-11-20,Yahoo,1,AVGO,semiconductors_ai,firm_event,product_strategy,single_ticker,semiconductors_ai__firm_event,semiconductors_ai__firm_event,mode=hybrid; industry=semiconductors_ai; broad_article_bucket=firm_event; article_type=product_strategy; ticker_count_bucket=single_ticker; Initial stratum met the minimum size threshold.,Broadcom Stock Rises -- Unveils Next-Gen AI Data Tech for Enterprise Workloads,AVGO Gains Momentum Amid Industry-First AI Data Center Products,industry_wide_semiconductors_ai,Industry-linked keywords plus ticker breadth/sector language indicate an industry-wide semiconductors/AI article.,semiconductors,semiconductors_ai,Linked tickers map cleanly to one competitor group.,"Product, strategy, contract, management, or firm-specific execution language is present.",Detailed article type maps into the broad firm-event bucket.,Article links to a single tracked ticker.,semiconductors_ai__firm_event,Initial stratum met the minimum size threshold.,macro_market__macro_policy -> macro_market__other_unclear; macro_market__other_unclear -> other_unclear__other_unclear; other_unclear__firm_event -> other_unclear__other_unclear; big_tech_cloud__other_unclear -> other_unclear__other_unclear; other_unclear__analyst_or_earnings -> other_unclear__other_unclear; semiconductors_ai__other_unclear -> other_unclear__other_unclear,False,False,False,True,False,False,False,False,False,False,False,True,False,False,False,True,False,True,False,False,False,True
63620ad464a7341cb546313eb9e76f9f572c0bb78cb2e2a9630632515d5b4f02,2026-02-23,Yahoo,2,AAPL;INTC,semiconductors_ai,firm_event,product_strategy,multi_ticker,semiconductors_ai__firm_event,semiconductors_ai__firm_event,mode=hybrid; industry=semiconductors_ai; broad_article_bucket=firm_event; article_type=product_strategy; ticker_count_bucket=multi_ticker; Initial stratum met the minimum size threshold.,Nvidia Plans AI Laptop Chip Return to PC Market,AI-focused processors aim to expand Nvidia's reach beyond data centers into consumer devices.,industry_wide_semiconductors_ai,Industry-linked keywords plus ticker breadth/sector language indicate an industry-wide semiconductors/AI article.,big_tech;semiconductors,big_tech_cloud;semiconductors_ai,Linked tickers and article keywords align to one competitor group.,"Product, strategy, contract, management, or firm-specific execution language is present.",Detailed article type maps into the broad firm-event bucket.,Article links to multiple tracked tickers.,semiconductors_ai__firm_event,Initial stratum met the minimum size threshold.,macro_market__macro_policy -> macro_market__other_unclear; macro_market__other_unclear -> other_unclear__other_unclear; other_unclear__firm_event -> other_unclear__other_unclear; big_tech_cloud__other_unclear -> other_unclear__other_unclear; other_unclear__analyst_or_earnings -> other_unclear__other_unclear; semiconductors_ai__other_unclear -> other_unclear__other_unclear,True,True,False,True,False,False,False,False,False,False,False,True,False,False,False,False,False,True,False,False,False,True
7ce59b2df0c39d94058c07e2e36759bc08d058a02ccb220fb09056f865fd3c65,2025-08-18,Yahoo,1,AMD,semiconductors_ai,macro_policy,macro_policy,single_ticker,semiconductors_ai__macro_policy,semiconductors_ai__macro_policy,mode=hybrid; industry=semiconductors_ai; broad_article_bucket=macro_policy; article_type=macro_policy; ticker_count_bucket=single_ticker; Initial stratum met the minimum size threshold.,"Stock market today: S&P 500, Nasdaq slide as Home Depot leads out retail earnings",Wall Street braced for results from retail giants as rising concerns over inflation cloud the path to an interest rate cut.,macro_market_rates_tariffs_oil,"Macro or policy language such as rates, tariffs, oil, or inflation is present.",semiconductors,semiconductors_ai,Linked tickers map cleanly to one competitor group.,Macro or policy language is present.,Detailed article type stays in the macro-policy bucket.,Article links to a single tracked ticker.,semiconductors_ai__macro_policy,Initial stratum met the minimum size threshold.,macro_market__macro_policy -> macro_market__other_unclear; macro_market__other_unclear -> other_unclear__other_unclear; other_unclear__firm_event -> other_unclear__other_unclear; big_tech_cloud__other_unclear -> other_unclear__other_unclear; other_unclear__analyst_or_earnings -> other_unclear__other_unclear; semiconductors_ai__other_unclear -> other_unclear__other_unclear,False,False,False,True,True,False,False,True,False,False,True,True,False,False,False,False,False,False,False,False,True,True
be6b0e69ba114407b774ab57ee7ded6bf2bce515c8679f0d33b21763a57899d5,2025-08-22,Yahoo,1,NVDA,semiconductors_ai,macro_policy,macro_policy,single_ticker,semiconductors_ai__macro_policy,semiconductors_ai__macro_policy,mode=hybrid; industry=semiconductors_ai; broad_article_bucket=macro_policy; article_type=macro_policy; ticker_count_bucket=single_ticker; Initial stratum met the minimum size threshold.,What Trade War? China's Shanghai Composite Hits a 10-Year High,"Chinese stocks are having a strong summer.  The Shanghai Composite Index hit its highest level since August 2015—back when a bubble was spectacularly popping.   The CSI 300 index, which tracks shares listed in both Shanghai and Shenzhen, hit the highest since the summer of 2022.",macro_market_rates_tariffs_oil,"Macro or policy language such as rates, tariffs, oil, or inflation is present.",semiconductors,semiconductors_ai,Linked tickers map cleanly to one competitor group.,Macro or policy language is present.,Detailed article type stays in the macro-policy bucket.,Article links to a single tracked ticker.,semiconductors_ai__macro_policy,Initial stratum met the minimum size threshold.,macro_market__macro_policy -> macro_market__other_unclear; macro_market__other_unclear -> other_unclear__other_unclear; other_unclear__firm_event -> other_unclear__other_unclear; big_tech_cloud__other_unclear -> other_unclear__other_unclear; other_unclear__analyst_or_earnings -> other_unclear__other_unclear; semiconductors_ai__other_unclear -> other_unclear__other_unclear,False,False,True,False,False,False,False,True,False,False,False,False,False,False,False,False,False,False,False,False,False,True
e15324451aadd397b1704bad0634dd450f59236036b495be5b13a079a635edd4,2025-08-22,Yahoo,2,AMD;NVDA,semiconductors_ai,macro_policy,macro_policy,multi_ticker,semiconductors_ai__macro_policy,semiconductors_ai__macro_policy,mode=hybrid; industry=semiconductors_ai; broad_article_bucket=macro_policy; article_type=macro_policy; ticker_count_bucket=multi_ticker; Initial stratum met the minimum size threshold.,How Nvidia's chips became central to the U.S.-China trade war,"When Nvidia CEO Jensen Huang revealed Friday that the company is working with the Trump administration on a new computer chip designed for sale to China, it marked the latest chapter in a long-running debate over how the U.S. should compete with China’s technological ambitions.  The reasoning has sometimes changed — with U.S. officials citing national security, human rights or purely economic competition — but the tool has been the same: export controls, or the threat of them.  Nvidia believes it can eventually reap $50 billion from artificial intelligence chip sales in China.",macro_market_rates_tariffs_oil,"Macro or policy language such as rates, tariffs, oil, or inflation is present.",semiconductors,semiconductors_ai,Linked tickers map cleanly to one competitor group.,Macro or policy language is present.,Detailed article type stays in the macro-policy bucket.,Article links to multiple tracked tickers.,semiconductors_ai__macro_policy,Initial stratum met the minimum size threshold.,macro_market__macro_policy -> macro_market__other_unclear; macro_market__other_unclear -> other_unclear__other_unclear; other_unclear__firm_event -> other_unclear__other_unclear; big_tech_cloud__other_unclear -> other_unclear__other_unclear; other_unclear__analyst_or_earnings -> other_unclear__other_unclear; semiconductors_ai__other_unclear -> other_unclear__other_unclear,True,False,False,True,False,False,False,True,False,False,False,True,False,True,False,False,False,True,False,False,False,True
a2a6fba370ee93a987eb616a997bb9ba7ecf2247fa1d6a89594a593b2526800b,2025-09-25,SeekingAlpha,1,QCOM,semiconductors_ai,macro_policy,macro_policy,single_ticker,semiconductors_ai__macro_policy,semiconductors_ai__macro_policy,mode=hybrid; industry=semiconductors_ai; broad_article_bucket=macro_policy; article_type=macro_policy; ticker_count_bucket=single_ticker; Initial stratum met the minimum size threshold.,"The AI Inference Economy - What Is Edge AI, Exactly?",Companies within the ROBO Global Robotics and Automation Index and the ROBO Global Artificial Intelligence Index sit at the intersection of physical automation and digital AI. Read more here,macro_market_rates_tariffs_oil,"Macro or policy language such as rates, tariffs, oil, or inflation is present.",semiconductors,semiconductors_ai,Linked tickers map cleanly to one competitor group.,Macro or policy language is present.,Detailed article type stays in the macro-policy bucket.,Article links to a single tracked ticker.,semiconductors_ai__macro_policy,Initial stratum met the minimum size threshold.,macro_market__macro_policy -> macro_market__other_unclear; macro_market__other_unclear -> other_unclear__other_unclear; other_unclear__firm_event -> other_unclear__other_unclear; big_tech_cloud__other_unclear -> other_unclear__other_unclear; other_unclear__analyst_or_earnings -> other_unclear__other_unclear; semiconductors_ai__other_unclear -> other_unclear__other_unclear,False,False,True,False,False,False,False,True,False,False,False,True,False,False,False,False,False,True,False,False,False,True
2d2e77fbeeee809ba26f2c85e18d677d08e1c15639512df9de82fd82914683a5,2025-11-21,Yahoo,1,NVDA,semiconductors_ai,macro_policy,macro_policy,single_ticker,semiconductors_ai__macro_policy,semiconductors_ai__macro_policy,mode=hybrid; industry=semiconductors_ai; broad_article_bucket=macro_policy; article_type=macro_policy; ticker_count_bucket=single_ticker; Initial stratum met the minimum size threshold.,Why Thursday's Nvidia Earnings-Led Stock Market Early Rally Turned Into a Rout,Two key reasons for Thursday's market reversal were increased concern that the Federal Reserve would not cut interest rates in December and jitters about an AI bubble not fully extinguished by Nvidia's earnings report.,macro_market_rates_tariffs_oil,"Macro or policy language such as rates, tariffs, oil, or inflation is present.",semiconductors,semiconductors_ai,Linked tickers map cleanly to one competitor group.,Macro or policy language is present.,Detailed article type stays in the macro-policy bucket.,Article links to a single tracked ticker.,semiconductors_ai__macro_policy,Initial stratum met the minimum size threshold.,macro_market__macro_policy -> macro_market__other_unclear; macro_market__other_unclear -> other_unclear__other_unclear; other_unclear__firm_event -> other_unclear__other_unclear; big_tech_cloud__other_unclear -> other_unclear__other_unclear; other_unclear__analyst_or_earnings -> other_unclear__other_unclear; semiconductors_ai__other_unclear -> other_unclear__other_unclear,False,False,False,True,True,False,False,True,False,False,True,True,False,False,False,False,False,True,False,False,False,True
5c59948591e4436c1c10e25298dee949c2d4008526a120edbac7f9f927667256,2025-12-15,Yahoo,1,INTC,semiconductors_ai,macro_policy,macro_policy,single_ticker,semiconductors_ai__macro_policy,semiconductors_ai__macro_policy,mode=hybrid; industry=semiconductors_ai; broad_article_bucket=macro_policy; article_type=macro_policy; ticker_count_bucket=single_ticker; Initial stratum met the minimum size threshold.,Intel appoints Trump economic adviser as head of government affairs,"SAN FRANCISCO, Dec 15 (Reuters) - Intel (INTC) on Monday appointed an economic adviser to ​U.S. President Trump as its head of government ‌affairs, months after the U.S. government took a 10% stake ‌in the U.S. chipmaker.",macro_market_rates_tariffs_oil,"Macro or policy language such as rates, tariffs, oil, or inflation is present.",semiconductors,semiconductors_ai,Linked tickers map cleanly to one competitor group.,Macro or policy language is present.,Detailed article type stays in the macro-policy bucket.,Article links to a single tracked ticker.,semiconductors_ai__macro_policy,Initial stratum met the minimum size threshold.,macro_market__macro_policy -> macro_market__other_unclear; macro_market__other_unclear -> other_unclear__other_unclear; other_unclear__firm_event -> other_unclear__other_unclear; big_tech_cloud__other_unclear -> other_unclear__other_unclear; other_unclear__analyst_or_earnings -> other_unclear__other_unclear; semiconductors_ai__other_unclear -> other_unclear__other_unclear,False,False,True,False,False,False,False,True,False,False,False,False,False,True,True,False,False,False,False,False,False,True
67bed4b0a91336adb01c0a940becdb94b43eae844ad49dcc5e4d51e61f7b6e69,2026-06-10,ChartMill,1,QCOM,semiconductors_ai,macro_policy,macro_policy,single_ticker,semiconductors_ai__macro_policy,semiconductors_ai__macro_policy,mode=hybrid; industry=semiconductors_ai; broad_article_bucket=macro_policy; article_type=macro_policy; ticker_count_bucket=single_ticker; Initial stratum met the minimum size threshold.,"Tech Buckles Again, An Apache Goes Down Over Hormuz, And Oracle Takes The Stand","The Nasdaq spent the day on a rollercoaster and still finished a percent lower. Chips sold off again, Apple closed below water for a second straight session, oil fell despite a downed US helicopter over Hormuz, and Oracle reports tonight.",macro_market_rates_tariffs_oil,"Macro or policy language such as rates, tariffs, oil, or inflation is present.",semiconductors,semiconductors_ai,Linked tickers map cleanly to one competitor group.,Macro or policy language is present.,Detailed article type stays in the macro-policy bucket.,Article links to a single tracked ticker.,semiconductors_ai__macro_policy,Initial stratum met the minimum size threshold.,macro_market__macro_policy -> macro_market__other_unclear; macro_market__other_unclear -> other_unclear__other_unclear; other_unclear__firm_event -> other_unclear__other_unclear; big_tech_cloud__other_unclear -> other_unclear__other_unclear; other_unclear__analyst_or_earnings -> other_unclear__other_unclear; semiconductors_ai__other_unclear -> other_unclear__other_unclear,False,False,True,False,False,False,False,True,False,False,False,True,False,False,False,False,False,True,False,False,False,True
b188d0e1129065afda98f27171113513e64be40efdf39f16e8b8504231c919b6,2026-06-20,Yahoo,1,NVDA,semiconductors_ai,macro_policy,macro_policy,single_ticker,semiconductors_ai__macro_policy,semiconductors_ai__macro_policy,mode=hybrid; industry=semiconductors_ai; broad_article_bucket=macro_policy; article_type=macro_policy; ticker_count_bucket=single_ticker; Initial stratum met the minimum size threshold.,The Fed's Latest Inflation Outlook Offers Wall Street Its First Relief in Months,"The FOMC says things aren't as miserable as they look, seem, or feel on the surface.",macro_market_rates_tariffs_oil,"Macro or policy language such as rates, tariffs, oil, or inflation is present.",semiconductors,semiconductors_ai,Linked tickers map cleanly to one competitor group.,Macro or policy language is present.,Detailed article type stays in the macro-policy bucket.,Article links to a single tracked ticker.,semiconductors_ai__macro_policy,Initial stratum met the minimum size threshold.,macro_market__macro_policy -> macro_market__other_unclear; macro_market__other_unclear -> other_unclear__other_unclear; other_unclear__firm_event -> other_unclear__other_unclear; big_tech_cloud__other_unclear -> other_unclear__other_unclear; other_unclear__analyst_or_earnings -> other_unclear__other_unclear; semiconductors_ai__other_unclear -> other_unclear__other_unclear,False,False,False,True,False,False,False,True,False,False,True,False,False,False,False,False,False,False,False,False,False,True
97166ddda1a256e1ddad23f17ee83ab75ea8b44ade3ad1a9904276d14ddcc3e1,2026-03-20,Yahoo,1,AMD,semiconductors_ai,market_roundup_or_advice,investment_advice_etf,single_ticker,semiconductors_ai__market_roundup_or_advice,semiconductors_ai__market_roundup_or_advice,mode=hybrid; industry=semiconductors_ai; broad_article_bucket=market_roundup_or_advice; article_type=investment_advice_etf; ticker_count_bucket=single_ticker; Initial stratum met the minimum size threshold.,Is the ARK Innovation ETF Finding a Floor? Tesla and Robinhood Set the Tone,"ARKK is negative YTD in 2026 after a strong 1-year run; its performance is being driven by concentrated exposure to Tesla, Robinhood, Coinbase, Shopify, and AMD.",investment_advice_etf_roundup_or_unclear,Advice/ETF/market-roundup language dominates the article text.,semiconductors,semiconductors_ai,Linked tickers map cleanly to one competitor group.,Investment-advice or ETF language is present.,Detailed article type maps into the broad market-roundup-or-advice bucket.,Article links to a single tracked ticker.,semiconductors_ai__market_roundup_or_advice,Initial stratum met the minimum size threshold.,macro_market__macro_policy -> macro_market__other_unclear; macro_market__other_unclear -> other_unclear__other_unclear; other_unclear__firm_event -> other_unclear__other_unclear; big_tech_cloud__other_unclear -> other_unclear__other_unclear; other_unclear__analyst_or_earnings -> other_unclear__other_unclear; semiconductors_ai__other_unclear -> other_unclear__other_unclear,False,False,True,False,False,False,False,False,False,True,False,False,False,False,False,False,False,False,False,False,False,True
8282a463468e771407f55eb4e2c1d9a14c84cf75ecab91fd930c12aefdbe64b7,2026-03-27,Yahoo,2,INTC;NVDA,semiconductors_ai,market_roundup_or_advice,market_roundup,multi_ticker,semiconductors_ai__market_roundup_or_advice,semiconductors_ai__market_roundup_or_advice,mode=hybrid; industry=semiconductors_ai; broad_article_bucket=market_roundup_or_advice; article_type=market_roundup; ticker_count_bucket=multi_ticker; Initial stratum met the minimum size threshold.,The Nasdaq Composite Is Officially in Correction Territory: 3 Things You Need to Know,Wall Street's tech-driven index has tumbled more than 10% from its all-time high -- and things may get worse before they get better.,investment_advice_etf_roundup_or_unclear,Advice/ETF/market-roundup language dominates the article text.,semiconductors,semiconductors_ai,Linked tickers map cleanly to one competitor group.,Market roundup or broad market language is present.,Detailed article type maps into the broad market-roundup-or-advice bucket.,Article links to multiple tracked tickers.,semiconductors_ai__market_roundup_or_advice,Initial stratum met the minimum size threshold.,macro_market__macro_policy -> macro_market__other_unclear; macro_market__other_unclear -> other_unclear__other_unclear; other_unclear__firm_event -> other_unclear__other_unclear; big_tech_cloud__other_unclear -> other_unclear__other_unclear; other_unclear__analyst_or_earnings -> other_unclear__other_unclear; semiconductors_ai__other_unclear -> other_unclear__other_unclear,True,False,False,True,False,False,False,False,False,False,True,False,False,False,False,False,False,False,False,False,False,True
b31ad8021c4a8cc83a49af9bbf2bc850abd2ac666fa5585969e6d1edeae4782d,2026-05-26,Yahoo,1,AMD,semiconductors_ai,market_roundup_or_advice,market_roundup,single_ticker,semiconductors_ai__market_roundup_or_advice,semiconductors_ai__market_roundup_or_advice,mode=hybrid; industry=semiconductors_ai; broad_article_bucket=market_roundup_or_advice; article_type=market_roundup; ticker_count_bucket=single_ticker; Initial stratum met the minimum size threshold.,"S&P 500, Dow Eye Record Levels as Chip Stocks Rise","The stock market is running hot, led by the tech giants. Both the S&P 500 and Dow are on pace to close at records. The last time the two major indexes settled at an all-time high on the same day was on Jan.",investment_advice_etf_roundup_or_unclear,Advice/ETF/market-roundup language dominates the article text.,semiconductors,semiconductors_ai,Linked tickers map cleanly to one competitor group.,Market roundup or broad market language is present.,Detailed article type maps into the broad market-roundup-or-advice bucket.,Article links to a single tracked ticker.,semiconductors_ai__market_roundup_or_advice,Initial stratum met the minimum size threshold.,macro_market__macro_policy -> macro_market__other_unclear; macro_market__other_unclear -> other_unclear__other_unclear; other_unclear__firm_event -> other_unclear__other_unclear; big_tech_cloud__other_unclear -> other_unclear__other_unclear; other_unclear__analyst_or_earnings -> other_unclear__other_unclear; semiconductors_ai__other_unclear -> other_unclear__other_unclear,False,False,False,True,False,False,False,False,False,False,True,True,False,False,False,True,False,True,False,False,False,True
fd4d8ad8d376d1d80122f433c1145077115042a19617ad15477d16edf484432b,2026-05-26,Yahoo,1,INTC,semiconductors_ai,market_roundup_or_advice,market_roundup,single_ticker,semiconductors_ai__market_roundup_or_advice,semiconductors_ai__market_roundup_or_advice,mode=hybrid; industry=semiconductors_ai; broad_article_bucket=market_roundup_or_advice; article_type=market_roundup; ticker_count_bucket=single_ticker; Initial stratum met the minimum size threshold.,"Micron, Rocket Lab, and These Stocks Explain Today’s Market","The tech rally continued Wednesday even as it remained unclear which way diplomatic efforts would go between the U.S. and Iran.  Wall Street appears to believe a peace deal to reopen the Strait of Hormuz is still in reach.  The tech-led market gains were being driven by chip stocks again, as  Micron Technology  jumped 15%, leading the S&P 500.",investment_advice_etf_roundup_or_unclear,Advice/ETF/market-roundup language dominates the article text.,semiconductors,semiconductors_ai,Linked tickers map cleanly to one competitor group.,Market roundup or broad market language is present.,Detailed article type maps into the broad market-roundup-or-advice bucket.,Article links to a single tracked ticker.,semiconductors_ai__market_roundup_or_advice,Initial stratum met the minimum size threshold.,macro_market__macro_policy -> macro_market__other_unclear; macro_market__other_unclear -> other_unclear__other_unclear; other_unclear__firm_event -> other_unclear__other_unclear; big_tech_cloud__other_unclear -> other_unclear__other_unclear; other_unclear__analyst_or_earnings -> other_unclear__other_unclear; semiconductors_ai__other_unclear -> other_unclear__other_unclear,False,False,False,True,False,False,False,False,False,False,True,True,False,False,False,True,False,True,False,False,False,True
e2d11a4ea3dd8591b7bc892240882b9eff4a07572236572d5ec99312d13ec8fd,2026-05-27,Yahoo,1,INTC,semiconductors_ai,market_roundup_or_advice,investment_advice_etf,single_ticker,semiconductors_ai__market_roundup_or_advice,semiconductors_ai__market_roundup_or_advice,mode=hybrid; industry=semiconductors_ai; broad_article_bucket=market_roundup_or_advice; article_type=investment_advice_etf; ticker_count_bucket=single_ticker; Initial stratum met the minimum size threshold.,President Trump Loaded Up on Eli Lilly in Q1. Should You Buy the Obesity Drug Stock Too?,Eli Lilly's fundamentals matter more than Trump's stock purchases.,investment_advice_etf_roundup_or_unclear,Advice/ETF/market-roundup language dominates the article text.,semiconductors,semiconductors_ai,Linked tickers map cleanly to one competitor group.,Investment-advice or ETF language is present.,Detailed article type maps into the broad market-roundup-or-advice bucket.,Article links to a single tracked ticker.,semiconductors_ai__market_roundup_or_advice,Initial stratum met the minimum size threshold.,macro_market__macro_policy -> macro_market__other_unclear; macro_market__other_unclear -> other_unclear__other_unclear; other_unclear__firm_event -> other_unclear__other_unclear; big_tech_cloud__other_unclear -> other_unclear__other_unclear; other_unclear__analyst_or_earnings -> other_unclear__other_unclear; semiconductors_ai__other_unclear -> other_unclear__other_unclear,False,False,True,False,False,False,False,False,True,False,False,False,False,False,False,False,False,False,False,False,False,True
3e371c179663a7235551a4538443338ba78492bf965873a0be6a16ad09ab7ea6,2026-06-12,Yahoo,1,AMD,semiconductors_ai,market_roundup_or_advice,market_roundup,single_ticker,semiconductors_ai__market_roundup_or_advice,semiconductors_ai__market_roundup_or_advice,mode=hybrid; industry=semiconductors_ai; broad_article_bucket=market_roundup_or_advice; article_type=market_roundup; ticker_count_bucket=single_ticker; Initial stratum met the minimum size threshold.,Sector Update: Tech Stocks Rise Late Afternoon,"Tech stocks were higher late Friday afternoon, with the State Street Technology Select Sector SPDR E",investment_advice_etf_roundup_or_unclear,Advice/ETF/market-roundup language dominates the article text.,semiconductors,semiconductors_ai,Linked tickers map cleanly to one competitor group.,Market roundup or broad market language is present.,Detailed article type maps into the broad market-roundup-or-advice bucket.,Article links to a single tracked ticker.,semiconductors_ai__market_roundup_or_advice,Initial stratum met the minimum size threshold.,macro_market__macro_policy -> macro_market__other_unclear; macro_market__other_unclear -> other_unclear__other_unclear; other_unclear__firm_event -> other_unclear__other_unclear; big_tech_cloud__other_unclear -> other_unclear__other_unclear; other_unclear__analyst_or_earnings -> other_unclear__other_unclear; semiconductors_ai__other_unclear -> other_unclear__other_unclear,False,False,False,True,False,False,False,False,False,False,True,True,False,False,False,True,False,False,False,False,False,True
656a91708301f0c2f3fcf8b73523a27a0d6ad7ecbca2725727aa47676ac4d556,2026-06-19,Yahoo,5,AAPL;AMD;AVGO;INTC;NVDA,semiconductors_ai,market_roundup_or_advice,investment_advice_etf,multi_ticker,semiconductors_ai__market_roundup_or_advice,semiconductors_ai__market_roundup_or_advice,mode=hybrid; industry=semiconductors_ai; broad_article_bucket=market_roundup_or_advice; article_type=investment_advice_etf; ticker_count_bucket=multi_ticker; Initial stratum met the minimum size threshold.,"Analyst Warns Intel Valuation ‘Doesn’t Make Sense.’ Suggests NVIDIA, AMD, Micron, and Broadcom as Alternatives.","D.A. Davidson’s head of technology research, Gil Luria, used a CNBC “Closing Bell Overtime” appearance to argue that the chip rally has produced a valuation contradiction investors should not ignore. His framing: both major semiconductor ETFs are up more than 80% this year, while memory names have surged 300% or more, yet the multiples investors ... Analyst Warns Intel Valuation ‘Doesn’t Make Sense.’ Suggests NVIDIA, AMD, Micron, and Broadcom as Alternatives.",investment_advice_etf_roundup_or_unclear,Advice/ETF/market-roundup language dominates the article text.,big_tech;semiconductors,big_tech_cloud;semiconductors_ai,Linked tickers and article keywords align to one competitor group.,Investment-advice or ETF language is present.,Detailed article type maps into the broad market-roundup-or-advice bucket.,Article links to multiple tracked tickers.,semiconductors_ai__market_roundup_or_advice,Initial stratum met the minimum size threshold.,macro_market__macro_policy -> macro_market__other_unclear; macro_market__other_unclear -> other_unclear__other_unclear; other_unclear__firm_event -> other_unclear__other_unclear; big_tech_cloud__other_unclear -> other_unclear__other_unclear; other_unclear__analyst_or_earnings -> other_unclear__other_unclear; semiconductors_ai__other_unclear -> other_unclear__other_unclear,True,True,False,True,False,True,False,False,False,True,False,True,False,False,False,False,False,True,False,False,False,True
b5528192da30e39f1c64556cb7d465d441f2abf27c792e24da102a419fe81c9c,2026-06-19,Yahoo,1,NVDA,semiconductors_ai,market_roundup_or_advice,market_roundup,single_ticker,semiconductors_ai__market_roundup_or_advice,semiconductors_ai__market_roundup_or_advice,mode=hybrid; industry=semiconductors_ai; broad_article_bucket=market_roundup_or_advice; article_type=market_roundup; ticker_count_bucket=single_ticker; Initial stratum met the minimum size threshold.,The Stock Market Is Doing Something Not Witnessed Since the Dot-Com Bubble. Here's What History Says Comes Next.,"Volatility could be looming, and your investment strategy now could make or break your portfolio.",investment_advice_etf_roundup_or_unclear,Advice/ETF/market-roundup language dominates the article text.,semiconductors,semiconductors_ai,Linked tickers map cleanly to one competitor group.,Market roundup or broad market language is present.,Detailed article type maps into the broad market-roundup-or-advice bucket.,Article links to a single tracked ticker.,semiconductors_ai__market_roundup_or_advice,Initial stratum met the minimum size threshold.,macro_market__macro_policy -> macro_market__other_unclear; macro_market__other_unclear -> other_unclear__other_unclear; other_unclear__firm_event -> other_unclear__other_unclear; big_tech_cloud__other_unclear -> other_unclear__other_unclear; other_unclear__analyst_or_earnings -> other_unclear__other_unclear; semiconductors_ai__other_unclear -> other_unclear__other_unclear,False,False,False,True,False,False,False,False,False,False,True,False,False,False,True,False,False,False,False,False,False,True
